Row_ID,Startup_Name,Category,Category_Score,Weight,Scored_Metrics
0,BluePineFoods,Financial_Health,0.0,14,1
0,BluePineFoods,Traction,0.0,12,1
0,BluePineFoods,Business_Model,0.0,10,1
1,BoozScooters,Financial_Health,0.0,14,1
1,BoozScooters,Traction,0.0,12,1
1,BoozScooters,Business_Model,0.0,10,1
2,HeartUpMySleeves,Traction,0.0,12,1
3,TagzFoods,Financial_Health,23.35,14,2
3,TagzFoods,Business_Model,23.35,10,2
4,HeadAndHeart,Financial_Health,0.0,14,1
4,HeadAndHeart,Business_Model,0.0,10,1
5,Agritourism,Financial_Health,0.0,14,1
5,Agritourism,Business_Model,0.0,10,1
6,qZenseLabs,Financial_Health,0.0,14,1
6,qZenseLabs,Traction,0.01,12,1
6,qZenseLabs,Business_Model,0.0,10,1
7,Peeschute,Financial_Health,0.01,14,1
7,Peeschute,Business_Model,0.01,10,1
8,NOCD,Traction,0.01,12,1
9,CosIQ,Financial_Health,63.89,14,3
9,CosIQ,Traction,0.0,12,1
9,CosIQ,Business_Model,45.84,10,2
10,JhaJiAchaar,Financial_Health,0.0,14,1
10,JhaJiAchaar,Traction,0.0,12,1
10,JhaJiAchaar,Business_Model,0.0,10,1
11,Bummer,Financial_Health,41.66,14,2
11,Bummer,Traction,0.01,12,1
11,Bummer,Business_Model,41.66,10,2
12,RevampMoto,Traction,0.0,12,1
13,HungryHead,Traction,0.0,12,1
14,ShrawaniEngineers,Financial_Health,0.0,14,1
14,ShrawaniEngineers,Business_Model,0.0,10,1
15,SkippiIcePops,Traction,0.0,12,1
16,Menstrupedia,Financial_Health,5.84,14,2
16,Menstrupedia,Business_Model,5.84,10,2
17,Hecoll,Financial_Health,0.01,14,1
17,Hecoll,Business_Model,0.01,10,1
18,RaisingSuperstars,Financial_Health,0.07,14,1
18,RaisingSuperstars,Business_Model,0.07,10,1
19,Torch-it,Financial_Health,0.01,14,1
19,Torch-it,Traction,0.0,12,1
19,Torch-it,Business_Model,0.01,10,1
21,LaKheerDeli,Traction,0.0,12,1
22,BeyondSnack,Financial_Health,25.84,14,2
22,BeyondSnack,Traction,0.01,12,1
22,BeyondSnack,Business_Model,25.84,10,2
23,VivalyfInnovations,Financial_Health,0.0,14,1
23,VivalyfInnovations,Business_Model,0.0,10,1
24,MotionBreeze,Financial_Health,0.0,14,1
24,MotionBreeze,Business_Model,0.0,10,1
26,Ariro,Financial_Health,25.0,14,2
26,Ariro,Traction,0.01,12,1
26,Ariro,Business_Model,25.0,10,2
27,KabiraHandmad,Financial_Health,21.0,14,2
27,KabiraHandmad,Traction,0.08,12,1
27,KabiraHandmad,Business_Model,0.0,10,1
28,Nuutjob,Financial_Health,83.33,14,1
28,Nuutjob,Traction,0.0,12,1
28,Nuutjob,Business_Model,83.33,10,1
29,Meatyour,Financial_Health,8.34,14,2
29,Meatyour,Traction,0.0,12,1
29,Meatyour,Business_Model,8.34,10,2
30,EventBeep,Financial_Health,0.01,14,1
30,EventBeep,Business_Model,0.01,10,1
31,Gopal's56,Financial_Health,0.84,14,2
31,Gopal's56,Traction,0.02,12,1
31,Gopal's56,Business_Model,0.84,10,2
32,ARRCOATSurfaceTextures,Financial_Health,100.0,14,1
32,ARRCOATSurfaceTextures,Traction,0.0,12,1
33,Farda,Financial_Health,100.0,14,1
33,Farda,Traction,0.0,12,1
33,Farda,Business_Model,100.0,10,1
34,Auli,Financial_Health,55.56,14,3
34,Auli,Traction,0.01,12,1
34,Auli,Business_Model,50.0,10,2
37,Annie,Financial_Health,25.02,14,2
37,Annie,Traction,0.0,12,1
37,Annie,Business_Model,25.02,10,2
39,TheYarnBazaar,Financial_Health,0.01,14,1
39,TheYarnBazaar,Business_Model,0.01,10,1
40,TheRenalProject,Financial_Health,0.01,14,1
40,TheRenalProject,Business_Model,0.01,10,1
41,MorrikoPureFoods,Traction,0.01,12,1
42,GoodGoodPiggy,Financial_Health,0.0,14,1
42,GoodGoodPiggy,Business_Model,0.0,10,1
43,HammerLifestyle,Financial_Health,0.05,14,1
43,HammerLifestyle,Business_Model,0.05,10,1
45,Cocofit,Financial_Health,50.0,14,2
45,Cocofit,Business_Model,50.0,10,2
46,BambooIndia,Financial_Health,0.02,14,1
46,BambooIndia,Traction,0.01,12,1
46,BambooIndia,Business_Model,0.02,10,1
48,BeyondWater,Traction,0.01,12,1
49,Let'sTry,Financial_Health,79.16,14,2
49,Let'sTry,Traction,0.0,12,1
49,Let'sTry,Business_Model,58.33,10,1
50,FindYourKicksIndia,Traction,0.0,12,1
51,AasVidyalaya,Financial_Health,0.01,14,1
51,AasVidyalaya,Business_Model,0.01,10,1
52,Outbox,Financial_Health,0.01,14,1
52,Outbox,Business_Model,0.01,10,1
53,RoadBounce,Financial_Health,0.01,14,1
53,RoadBounce,Business_Model,0.01,10,1
54,Mommy'sKitchen,Financial_Health,0.0,14,1
54,Mommy'sKitchen,Traction,0.0,12,1
54,Mommy'sKitchen,Business_Model,0.0,10,1
55,IndiaHempandCo,Financial_Health,0.0,14,1
55,IndiaHempandCo,Traction,0.0,12,1
55,IndiaHempandCo,Business_Model,0.0,10,1
57,Anthyesti,Financial_Health,34.45,14,3
57,Anthyesti,Business_Model,25.0,10,2
58,Ethik,Financial_Health,0.0,14,1
58,Ethik,Traction,0.0,12,1
58,Ethik,Business_Model,0.0,10,1
59,WeSTOCK,Financial_Health,0.0,14,1
59,WeSTOCK,Business_Model,0.0,10,1
60,KetoIndia,Financial_Health,0.01,14,1
60,KetoIndia,Traction,0.01,12,1
60,KetoIndia,Business_Model,0.01,10,1
61,Magiclock,Traction,0.0,12,1
62,TheStatePlate,Financial_Health,23.33,14,1
62,TheStatePlate,Traction,0.02,12,1
62,TheStatePlate,Business_Model,23.33,10,1
63,Bakarmax,Financial_Health,0.0,14,1
63,Bakarmax,Traction,0.0,12,1
63,Bakarmax,Business_Model,0.0,10,1
64,INACAN,Traction,0.01,12,1
65,Get-A-Whey,Financial_Health,60.56,14,3
65,Get-A-Whey,Traction,0.0,12,1
65,Get-A-Whey,Business_Model,40.84,10,2
66,Sid07Designs,Traction,0.0,12,1
67,TheQuirkyNaari,Traction,0.0,12,1
68,HairOriginals,Financial_Health,70.0,14,1
68,HairOriginals,Traction,0.03,12,1
68,HairOriginals,Business_Model,70.0,10,1
69,Poo-de-Cologne,Financial_Health,100.0,14,1
69,Poo-de-Cologne,Traction,0.0,12,1
69,Poo-de-Cologne,Business_Model,100.0,10,1
70,Moonshine,Financial_Health,41.68,14,2
70,Moonshine,Business_Model,41.68,10,2
71,Falhari,Financial_Health,8.33,14,1
71,Falhari,Traction,0.0,12,1
71,Falhari,Business_Model,8.33,10,1
72,NamhyaFoods,Financial_Health,100.0,14,1
72,NamhyaFoods,Traction,0.01,12,1
73,UrbanMonkey,Financial_Health,50.06,14,2
73,UrbanMonkey,Traction,0.1,12,1
73,UrbanMonkey,Business_Model,0.12,10,1
74,GuardianGears,Financial_Health,44.45,14,3
74,GuardianGears,Traction,0.01,12,1
74,GuardianGears,Business_Model,25.0,10,2
75,ModernMyth,Traction,0.01,12,1
76,TheSassBar,Financial_Health,87.5,14,2
76,TheSassBar,Traction,0.0,12,1
76,TheSassBar,Business_Model,75.0,10,1
77,KGAgrotech,Financial_Health,0.0,14,1
77,KGAgrotech,Business_Model,0.0,10,1
78,NuskhaKitchen,Traction,0.0,12,1
79,PawsIndia,Financial_Health,43.34,14,2
79,PawsIndia,Traction,0.01,12,1
79,PawsIndia,Business_Model,0.01,10,1
80,SunfoxTechnologies,Financial_Health,0.01,14,1
80,SunfoxTechnologies,Traction,0.0,12,1
80,SunfoxTechnologies,Business_Model,0.01,10,1
81,Alpino,Financial_Health,30.0,14,1
81,Alpino,Business_Model,30.0,10,1
82,IsakFragrances,Traction,0.0,12,1
83,JulaaAutomation,Financial_Health,0.0,14,1
83,JulaaAutomation,Business_Model,0.0,10,1
84,RarePlanet,Financial_Health,66.67,14,1
84,RarePlanet,Traction,0.01,12,1
85,ThekaCoffee,Financial_Health,0.01,14,1
85,ThekaCoffee,Traction,0.0,12,1
85,ThekaCoffee,Business_Model,0.01,10,1
87,AlisteTechnologies,Financial_Health,50.0,14,2
87,AlisteTechnologies,Traction,0.0,12,1
87,AlisteTechnologies,Business_Model,0.0,10,1
88,InsuranceSamadhan,Financial_Health,0.01,14,1
88,InsuranceSamadhan,Traction,0.01,12,1
88,InsuranceSamadhan,Business_Model,0.01,10,1
89,HumpyA2,Financial_Health,20.0,14,2
89,HumpyA2,Business_Model,20.0,10,2
90,KunafaWorld,Financial_Health,50.0,14,2
90,KunafaWorld,Traction,0.01,12,1
90,KunafaWorld,Business_Model,0.01,10,1
91,GoldSafeSolutions,Financial_Health,4.16,14,2
91,GoldSafeSolutions,Business_Model,4.16,10,2
92,WakaoFoods,Financial_Health,0.0,14,1
92,WakaoFoods,Traction,0.0,12,1
92,WakaoFoods,Business_Model,0.0,10,1
93,PDDFalcon,Financial_Health,8.34,14,2
93,PDDFalcon,Business_Model,8.34,10,2
94,PlayBoxTV,Financial_Health,0.05,14,1
94,PlayBoxTV,Traction,0.04,12,1
94,PlayBoxTV,Business_Model,0.05,10,1
96,KabaddiAdda,Financial_Health,66.67,14,3
96,KabaddiAdda,Business_Model,50.0,10,2
97,ShadesofSpring,Financial_Health,8.36,14,2
97,ShadesofSpring,Business_Model,8.36,10,2
98,Scholify,Financial_Health,0.0,14,1
98,Scholify,Business_Model,0.0,10,1
99,Scrapshala,Financial_Health,0.0,14,1
99,Scrapshala,Traction,0.0,12,1
99,Scrapshala,Business_Model,0.0,10,1
100,Sabjikothi,Financial_Health,0.0,14,1
100,Sabjikothi,Business_Model,0.0,10,1
102,Astrix,Financial_Health,0.0,14,1
102,Astrix,Traction,0.01,12,1
102,Astrix,Business_Model,0.0,10,1
103,TheaAndSid,Financial_Health,63.89,14,3
103,TheaAndSid,Traction,0.01,12,1
103,TheaAndSid,Business_Model,45.84,10,2
104,ExperentialEtc,Financial_Health,0.01,14,1
104,ExperentialEtc,Business_Model,0.01,10,1
105,GrowFitter,Financial_Health,0.01,14,1
105,GrowFitter,Business_Model,0.01,10,1
107,ColourMeMad-CMM,Traction,0.0,12,1
108,Mavi's,Traction,0.0,12,1
111,NomadFoodProject,Financial_Health,83.33,14,1
111,NomadFoodProject,Traction,0.0,12,1
111,NomadFoodProject,Business_Model,83.33,10,1
113,GreenProtein,Financial_Health,33.33,14,1
113,GreenProtein,Traction,0.01,12,1
113,GreenProtein,Business_Model,33.33,10,1
114,On2Cook,Financial_Health,0.0,14,1
114,On2Cook,Business_Model,0.0,10,1
115,JainShikanji,Traction,0.0,12,1
116,Woloo,Financial_Health,0.01,14,1
116,Woloo,Business_Model,0.01,10,1
117,ElcareIndia,Financial_Health,8.34,14,2
117,ElcareIndia,Business_Model,8.34,10,2
118,SneaKare,Traction,0.0,12,1
119,FrenchCrown,Financial_Health,41.84,14,2
119,FrenchCrown,Business_Model,41.84,10,2
120,StoreMyGoods,Financial_Health,0.01,14,1
120,StoreMyGoods,Business_Model,0.01,10,1
121,Devnagri,Financial_Health,0.03,14,1
121,Devnagri,Business_Model,0.03,10,1
123,Kineer,Traction,0.0,12,1
124,PiChem,Financial_Health,50.0,14,1
124,PiChem,Traction,0.0,12,1
124,PiChem,Business_Model,50.0,10,1
125,Clensta,Traction,0.07,12,1
126,InfinitiInsects,Traction,0.0,12,1
128,Mine4Nine,Financial_Health,0.01,14,1
128,Mine4Nine,Business_Model,0.01,10,1
129,StudioBeej,Financial_Health,0.01,14,1
129,StudioBeej,Business_Model,0.01,10,1
130,Sattuz,Financial_Health,0.0,14,1
130,Sattuz,Business_Model,0.0,10,1
131,Scintiglo,Financial_Health,0.0,14,1
131,Scintiglo,Business_Model,0.0,10,1
136,Gizmoswala,Financial_Health,33.33,14,1
136,Gizmoswala,Traction,0.0,12,1
136,Gizmoswala,Business_Model,33.33,10,1
140,HappyBar,Traction,0.01,12,1
142,BandsandCups,Financial_Health,66.67,14,1
142,BandsandCups,Traction,0.0,12,1
142,BandsandCups,Business_Model,66.67,10,1
143,MyWealthProtector,Traction,0.0,12,1
145,Canebot,Financial_Health,0.01,14,1
145,Canebot,Business_Model,0.01,10,1
149,Artment,Traction,0.05,12,1
151,Eume,Financial_Health,0.06,14,1
151,Eume,Business_Model,0.06,10,1
152,Hoovu,Traction,0.03,12,1
153,Dorji,Traction,0.01,12,1
155,VeryMuchIndian,Financial_Health,12.5,14,2
155,VeryMuchIndian,Business_Model,12.5,10,2
156,WatchoutWearables,Traction,0.01,12,1
157,SoupX,Financial_Health,41.67,14,1
157,SoupX,Business_Model,41.67,10,1
163,Brandsdaddy,Financial_Health,66.67,14,1
163,Brandsdaddy,Traction,0.01,12,1
163,Brandsdaddy,Business_Model,66.67,10,1
164,Winston,Traction,0.02,12,1
166,OrganicSmokes,Traction,0.02,12,1
170,GunjanAppsStudios,Financial_Health,0.12,14,1
170,GunjanAppsStudios,Business_Model,0.12,10,1
176,Paradyes,Financial_Health,0.02,14,1
176,Paradyes,Business_Model,0.02,10,1
178,Zillionaire,Financial_Health,0.01,14,1
178,Zillionaire,Business_Model,0.01,10,1
179,Credmate,Traction,0.07,12,1
186,JaipurWatchCompany,Financial_Health,91.67,14,1
186,JaipurWatchCompany,Business_Model,91.67,10,1
189,Diabexy,Traction,0.05,12,1
190,Kyari,Traction,0.01,12,1
193,Dobiee,Financial_Health,5.0,14,1
193,Dobiee,Traction,0.02,12,1
193,Dobiee,Business_Model,5.0,10,1
194,FastBeetle,Financial_Health,56.67,14,1
194,FastBeetle,Traction,0.01,12,1
194,FastBeetle,Business_Model,56.67,10,1
195,Pflow,Financial_Health,100.0,14,1
195,Pflow,Business_Model,100.0,10,1
196,VSMani,Traction,0.03,12,1
197,Sepal,Financial_Health,28.33,14,1
197,Sepal,Business_Model,28.33,10,1
198,Solinas,Financial_Health,0.01,14,1
198,Solinas,Business_Model,0.01,10,1
199,AvimeeHerbal,Financial_Health,81.67,14,1
199,AvimeeHerbal,Traction,0.08,12,1
199,AvimeeHerbal,Business_Model,81.67,10,1
200,eyenic,Financial_Health,70.84,14,2
200,eyenic,Traction,0.01,12,1
200,eyenic,Business_Model,41.67,10,1
201,ekatra,Financial_Health,100.0,14,2
201,ekatra,Traction,0.0,12,1
201,ekatra,Business_Model,100.0,10,1
203,NeoMotion,Financial_Health,0.02,14,1
203,NeoMotion,Business_Model,0.02,10,1
204,licksters,Financial_Health,0.0,14,1
204,licksters,Traction,0.01,12,1
204,licksters,Business_Model,0.0,10,1
205,Sayonara,Financial_Health,0.0,14,1
205,Sayonara,Business_Model,0.0,10,1
206,PMV,Financial_Health,0.0,14,1
206,PMV,Business_Model,0.0,10,1
207,SpiceStory,Financial_Health,0.02,14,1
207,SpiceStory,Traction,0.03,12,1
207,SpiceStory,Business_Model,0.02,10,1
210,Portl,Financial_Health,41.67,14,1
210,Portl,Business_Model,41.67,10,1
211,FatToSlim,Traction,0.01,12,1
212,CheeseCake&Co.,Traction,0.1,12,1
213,Dabble,Financial_Health,45.84,14,2
213,Dabble,Traction,0.0,12,1
213,Dabble,Business_Model,45.84,10,2
214,CloudTailor,Traction,0.02,12,1
215,BeUnic,Financial_Health,0.0,14,1
215,BeUnic,Traction,0.0,12,1
215,BeUnic,Business_Model,0.0,10,1
217,Ravel,Traction,0.02,12,1
218,HoneyVeda,Financial_Health,0.0,14,2
218,HoneyVeda,Business_Model,0.0,10,2
219,PadCare,Traction,0.01,12,1
220,SwadeshiBlessings,Financial_Health,33.34,14,2
220,SwadeshiBlessings,Traction,0.01,12,1
220,SwadeshiBlessings,Business_Model,33.34,10,2
222,Febris,Financial_Health,50.0,14,2
222,Febris,Traction,0.01,12,1
222,Febris,Business_Model,0.01,10,1
225,LeafyAffair,Financial_Health,50.0,14,2
225,LeafyAffair,Traction,0.01,12,1
225,LeafyAffair,Business_Model,50.0,10,2
226,ScrapUncle,Financial_Health,4.18,14,2
226,ScrapUncle,Business_Model,4.18,10,2
227,SharmaJiKiAata,Financial_Health,85.84,14,2
227,SharmaJiKiAata,Business_Model,71.67,10,1
228,Manetain,Financial_Health,33.34,14,2
228,Manetain,Traction,0.01,12,1
228,Manetain,Business_Model,33.34,10,2
229,GavinParis,Financial_Health,33.34,14,2
229,GavinParis,Business_Model,33.34,10,2
230,UnStop,Financial_Health,50.04,14,2
230,UnStop,Business_Model,50.04,10,2
231,BlueTea,Financial_Health,48.36,14,2
231,BlueTea,Business_Model,0.05,10,1
232,TheGreenSnack,Traction,0.01,12,1
233,HobbyIndia,Financial_Health,0.01,14,1
233,HobbyIndia,Business_Model,0.01,10,1
234,Flhexible,Financial_Health,44.44,14,3
234,Flhexible,Traction,0.0,12,1
234,Flhexible,Business_Model,16.66,10,2
235,UpThrust,Financial_Health,50.0,14,2
235,UpThrust,Traction,0.02,12,1
235,UpThrust,Business_Model,0.01,10,1
236,Zoff,Traction,0.35,12,1
237,DesiToys,Financial_Health,47.78,14,3
237,DesiToys,Traction,0.01,12,1
237,DesiToys,Business_Model,25.0,10,2
238,CloudWorx,Traction,0.01,12,1
241,Barosi,Financial_Health,33.33,14,1
241,Barosi,Traction,0.02,12,1
241,Barosi,Business_Model,33.33,10,1
242,Daryaganj,Traction,0.15,12,1
244,CELLBELL,Financial_Health,53.33,14,1
244,CELLBELL,Traction,0.2,12,1
244,CELLBELL,Business_Model,53.33,10,1
245,Tipayi,Financial_Health,41.67,14,3
245,Tipayi,Traction,0.0,12,1
245,Tipayi,Business_Model,12.5,10,2
247,Nirmalaya,Traction,0.04,12,1
248,Pabiben,Financial_Health,75.0,14,2
248,Pabiben,Business_Model,50.0,10,1
249,Homestrap,Financial_Health,58.33,14,1
249,Homestrap,Business_Model,58.33,10,1
251,Deyor,Financial_Health,29.16,14,2
251,Deyor,Business_Model,8.33,10,1
253,TheHealthyBinge,Traction,0.01,12,1
254,Freakins,Financial_Health,71.67,14,1
254,Freakins,Business_Model,71.67,10,1
255,Perfora,Financial_Health,61.67,14,1
255,Perfora,Business_Model,61.67,10,1
256,MidNightAngelsByPC,Financial_Health,66.67,14,3
256,MidNightAngelsByPC,Business_Model,50.0,10,2
257,CureSee,Financial_Health,0.0,14,1
257,CureSee,Traction,0.13,12,1
257,CureSee,Business_Model,0.0,10,1
258,MeduLance,Financial_Health,50.0,14,2
258,MeduLance,Business_Model,0.01,10,1
259,Cakelicious,Financial_Health,83.34,14,2
259,Cakelicious,Traction,0.0,12,1
259,Cakelicious,Business_Model,66.67,10,1
261,Toyshine,Financial_Health,41.78,14,2
261,Toyshine,Traction,0.22,12,1
261,Toyshine,Business_Model,0.22,10,1
263,Amrutam,Financial_Health,0.01,14,1
263,Amrutam,Business_Model,0.01,10,1
264,HoloKitab,Financial_Health,0.0,14,1
264,HoloKitab,Business_Model,0.0,10,1
265,Zoe,Financial_Health,0.01,14,1
265,Zoe,Business_Model,0.01,10,1
267,Malaki,Financial_Health,45.56,14,3
267,Malaki,Traction,0.02,12,1
267,Malaki,Business_Model,30.0,10,2
268,nanoclean,Financial_Health,0.01,14,1
268,nanoclean,Traction,0.0,12,1
268,nanoclean,Business_Model,0.01,10,1
269,DesmondJi,Financial_Health,0.06,14,1
269,DesmondJi,Traction,0.06,12,1
269,DesmondJi,Business_Model,0.06,10,1
270,Cremeitalia,Traction,0.03,12,1
273,GladFul,Traction,0.01,12,1
274,Pharmallama,Traction,0.01,12,1
275,CraveRajaFoods,Financial_Health,43.11,14,3
275,CraveRajaFoods,Traction,0.01,12,1
275,CraveRajaFoods,Business_Model,41.67,10,2
276,VAPerfume,Financial_Health,80.0,14,2
276,VAPerfume,Business_Model,60.0,10,1
277,Hood,Financial_Health,0.0,14,1
277,Hood,Business_Model,0.0,10,1
278,TwistingScoops,Financial_Health,100.0,14,1
279,GROWiT,Financial_Health,3.33,14,1
279,GROWiT,Business_Model,3.33,10,1
280,Makino,Financial_Health,33.33,14,1
280,Makino,Traction,0.0,12,1
280,Makino,Business_Model,33.33,10,1
282,Wol3D,Financial_Health,16.67,14,1
282,Wol3D,Business_Model,16.67,10,1
283,What'sUpWellness,Traction,0.01,12,1
285,DrCubes,Financial_Health,47.22,14,3
285,DrCubes,Business_Model,20.84,10,2
286,MetroRide,Financial_Health,0.0,14,1
286,MetroRide,Traction,0.01,12,1
286,MetroRide,Business_Model,0.0,10,1
287,Conker,Financial_Health,36.67,14,3
287,Conker,Traction,0.01,12,1
287,Conker,Business_Model,25.0,10,2
290,Aadvik,Financial_Health,0.04,14,1
290,Aadvik,Traction,0.03,12,1
290,Aadvik,Business_Model,0.04,10,1
291,oyehappy,Financial_Health,50.02,14,2
291,oyehappy,Traction,0.04,12,1
291,oyehappy,Business_Model,50.02,10,2
292,HealthyMaster,Financial_Health,41.67,14,1
292,HealthyMaster,Traction,0.01,12,1
292,HealthyMaster,Business_Model,41.67,10,1
295,WaggyZone,Financial_Health,33.34,14,2
295,WaggyZone,Traction,0.0,12,1
295,WaggyZone,Business_Model,33.34,10,2
296,NutriCook,Financial_Health,0.0,14,1
296,NutriCook,Business_Model,0.0,10,1
297,Subhag,Traction,0.0,12,1
298,SinghStyled,Traction,0.0,12,1
299,ZSportsTech,Financial_Health,0.0,14,1
299,ZSportsTech,Business_Model,0.0,10,1
301,VsnapU,Traction,0.01,12,1
302,TheHealthyFactory,Financial_Health,60.0,14,1
302,TheHealthyFactory,Business_Model,60.0,10,1
303,Brevistay,Traction,0.02,12,1
305,TheBigBookBoxChapterOneBooks,Financial_Health,0.01,14,1
305,TheBigBookBoxChapterOneBooks,Business_Model,0.01,10,1
306,Rubans,Financial_Health,0.26,14,1
306,Rubans,Business_Model,0.26,10,1
308,BottomLineSprays,Traction,0.0,12,1
309,LilGoodness,Financial_Health,75.0,14,1
309,LilGoodness,Traction,0.07,12,1
309,LilGoodness,Business_Model,75.0,10,1
310,ForeverModest,Traction,0.0,12,1
314,NishHair,Financial_Health,50.02,14,2
314,NishHair,Traction,0.04,12,1
314,NishHair,Business_Model,0.03,10,1
316,GODESi,Traction,0.14,12,1
318,Naara-Aaba,Financial_Health,71.66,14,2
318,Naara-Aaba,Business_Model,50.0,10,1
319,StyloBug,Financial_Health,46.7,14,2
319,StyloBug,Traction,0.02,12,1
319,StyloBug,Business_Model,0.07,10,1
320,ZenOnco,Traction,0.01,12,1
321,HonestHome,Financial_Health,25.04,14,2
321,HonestHome,Traction,0.07,12,1
321,HonestHome,Business_Model,0.07,10,1
322,AdilQadri,Financial_Health,41.72,14,2
322,AdilQadri,Traction,0.3,12,1
322,AdilQadri,Business_Model,41.72,10,2
323,ConsciousChemist,Financial_Health,0.02,14,1
323,ConsciousChemist,Traction,0.04,12,1
323,ConsciousChemist,Business_Model,0.02,10,1
324,TheCinnamonKitchen,Financial_Health,0.0,14,1
324,TheCinnamonKitchen,Business_Model,0.0,10,1
325,WtfGyms,Traction,0.03,12,1
326,Intervue,Financial_Health,0.04,14,1
326,Intervue,Business_Model,0.04,10,1
327,RodBez,Traction,0.0,12,1
328,Blix,Financial_Health,25.01,14,2
328,Blix,Traction,0.02,12,1
328,Blix,Business_Model,25.01,10,2
329,Homversity,Traction,0.05,12,1
330,TURMS,Financial_Health,0.0,14,1
330,TURMS,Traction,0.04,12,1
330,TURMS,Business_Model,0.0,10,1
331,mintree,Financial_Health,0.04,14,1
331,mintree,Business_Model,0.04,10,1
333,DilFoods,Financial_Health,0.03,14,1
333,DilFoods,Business_Model,0.03,10,1
335,Bartisans,Financial_Health,41.67,14,2
335,Bartisans,Traction,0.02,12,1
335,Bartisans,Business_Model,41.67,10,2
336,Aretto,Financial_Health,30.85,14,2
336,Aretto,Traction,0.03,12,1
336,Aretto,Business_Model,30.85,10,2
337,Kalakaram,Financial_Health,50.02,14,2
337,Kalakaram,Traction,0.03,12,1
337,Kalakaram,Business_Model,0.03,10,1
338,NabhiSutra,Financial_Health,30.01,14,2
338,NabhiSutra,Traction,0.03,12,1
338,NabhiSutra,Business_Model,0.02,10,1
339,Zorko,Financial_Health,44.49,14,3
339,Zorko,Traction,0.12,12,1
339,Zorko,Business_Model,16.74,10,2
340,Tramboo,Financial_Health,50.02,14,2
340,Tramboo,Traction,0.01,12,1
340,Tramboo,Business_Model,0.03,10,1
341,WeHear,Financial_Health,0.01,14,1
341,WeHear,Traction,0.05,12,1
341,WeHear,Business_Model,0.01,10,1
342,Tiggle,Financial_Health,0.01,14,1
342,Tiggle,Traction,0.01,12,1
342,Tiggle,Business_Model,0.01,10,1
345,PizzaGalleria,Financial_Health,41.67,14,2
345,PizzaGalleria,Business_Model,0.01,10,1
348,GoenchiFeni,Financial_Health,36.67,14,1
348,GoenchiFeni,Business_Model,36.67,10,1
349,Arata,Financial_Health,25.0,14,2
349,Arata,Traction,0.1,12,1
349,Arata,Business_Model,0.01,10,1
350,Vecros,Financial_Health,0.0,14,1
350,Vecros,Traction,0.0,12,1
350,Vecros,Business_Model,0.0,10,1
352,EvaScalp,Financial_Health,50.0,14,2
352,EvaScalp,Traction,0.01,12,1
352,EvaScalp,Business_Model,50.0,10,2
353,Elitty,Financial_Health,13.34,14,2
353,Elitty,Traction,0.01,12,1
353,Elitty,Business_Model,13.34,10,2
354,HoneyTwigs,Financial_Health,0.02,14,1
354,HoneyTwigs,Traction,0.02,12,1
354,HoneyTwigs,Business_Model,0.02,10,1
355,Koparo,Financial_Health,0.02,14,1
355,Koparo,Traction,0.04,12,1
355,Koparo,Business_Model,0.02,10,1
356,2Ballz,Traction,0.08,12,1
357,JewelBox,Financial_Health,0.03,14,1
357,JewelBox,Business_Model,0.03,10,1
358,DaakRoom,Financial_Health,0.0,14,1
358,DaakRoom,Business_Model,0.0,10,1
359,Nuvedo,Financial_Health,0.0,14,1
359,Nuvedo,Business_Model,0.0,10,1
361,RajaRaniCoaching,Financial_Health,0.01,14,1
361,RajaRaniCoaching,Business_Model,0.01,10,1
362,DecodeAge,Financial_Health,41.7,14,2
362,DecodeAge,Business_Model,41.7,10,2
363,ALittleExtra,Financial_Health,35.01,14,2
363,ALittleExtra,Business_Model,0.01,10,1
364,Assembly,Financial_Health,0.06,14,1
364,Assembly,Business_Model,0.06,10,1
365,NasherMiles,Financial_Health,0.29,14,1
365,NasherMiles,Business_Model,0.29,10,1
366,AltCo,Financial_Health,0.05,14,1
366,AltCo,Traction,0.06,12,1
366,AltCo,Business_Model,0.05,10,1
368,Kibo,Financial_Health,50.0,14,2
368,Kibo,Business_Model,0.01,10,1
369,VOLD,Financial_Health,65.0,14,2
369,VOLD,Traction,0.0,12,1
369,VOLD,Business_Model,30.0,10,1
370,Quirksmith,Financial_Health,24.02,14,2
370,Quirksmith,Traction,0.04,12,1
370,Quirksmith,Business_Model,0.03,10,1
371,UrbanSpace,Financial_Health,0.1,14,1
371,UrbanSpace,Traction,0.4,12,1
371,UrbanSpace,Business_Model,0.1,10,1
373,EcoBiotraps,Financial_Health,18.78,14,3
373,EcoBiotraps,Traction,0.0,12,1
373,EcoBiotraps,Business_Model,4.16,10,2
374,Hoora,Financial_Health,66.67,14,1
374,Hoora,Traction,0.02,12,1
374,Hoora,Business_Model,66.67,10,1
375,YesMadam,Financial_Health,0.25,14,1
375,YesMadam,Business_Model,0.25,10,1
376,Zerodor,Financial_Health,28.34,14,2
376,Zerodor,Business_Model,0.01,10,1
377,ToffeeCoffeeRoasters,Financial_Health,35.01,14,2
377,ToffeeCoffeeRoasters,Traction,0.02,12,1
377,ToffeeCoffeeRoasters,Business_Model,35.01,10,2
378,PushSports,Financial_Health,0.04,14,1
378,PushSports,Traction,0.03,12,1
378,PushSports,Business_Model,0.04,10,1
379,ORBO,Traction,0.01,12,1
380,CannazoIndia,Financial_Health,0.0,14,1
380,CannazoIndia,Traction,0.01,12,1
380,CannazoIndia,Business_Model,0.0,10,1
381,Chefling,Financial_Health,61.11,14,3
381,Chefling,Traction,0.0,12,1
381,Chefling,Business_Model,41.66,10,2
382,IntenseFocus,Financial_Health,33.36,14,2
382,IntenseFocus,Traction,0.05,12,1
382,IntenseFocus,Business_Model,33.36,10,2
383,MilletAmma,Financial_Health,0.01,14,1
383,MilletAmma,Traction,0.02,12,1
383,MilletAmma,Business_Model,0.01,10,1
384,D'chica,Financial_Health,0.05,14,1
384,D'chica,Traction,0.06,12,1
384,D'chica,Business_Model,0.05,10,1
385,Refit,Financial_Health,0.47,14,2
385,Refit,Traction,1.75,12,1
385,Refit,Business_Model,0.47,10,2
386,HouseOfBeautyIndia,Traction,0.02,12,1
387,Artinci,Financial_Health,35.01,14,2
387,Artinci,Traction,0.02,12,1
387,Artinci,Business_Model,35.01,10,2
389,Aastey,Traction,0.07,12,1
391,Rubbabu,Financial_Health,0.02,14,1
391,Rubbabu,Traction,0.03,12,1
391,Rubbabu,Business_Model,0.02,10,1
392,GulaboJaipur,Financial_Health,19.46,14,2
392,GulaboJaipur,Traction,0.04,12,1
392,GulaboJaipur,Business_Model,0.02,10,1
393,AristaVault,Financial_Health,0.02,14,1
393,AristaVault,Traction,0.03,12,1
393,AristaVault,Business_Model,0.02,10,1
396,Aroleap,Financial_Health,0.01,14,1
396,Aroleap,Business_Model,0.01,10,1
397,Cosmix,Financial_Health,39.72,14,3
397,Cosmix,Business_Model,41.68,10,2
398,Fabriclore,Financial_Health,0.05,14,1
398,Fabriclore,Business_Model,0.05,10,1
400,GridMats,Financial_Health,0.02,14,1
400,GridMats,Business_Model,0.02,10,1
401,UnclePetersPanCakes,Financial_Health,17.89,14,2
401,UnclePetersPanCakes,Traction,0.1,12,1
401,UnclePetersPanCakes,Business_Model,0.07,10,1
402,CreativeHatti,Financial_Health,0.02,14,1
402,CreativeHatti,Traction,0.03,12,1
402,CreativeHatti,Business_Model,0.02,10,1
403,CandidMen,Financial_Health,32.15,14,2
403,CandidMen,Business_Model,0.01,10,1
404,Flyrobe,Financial_Health,43.34,14,2
404,Flyrobe,Traction,0.03,12,1
404,Flyrobe,Business_Model,0.01,10,1
405,WiseLife,Financial_Health,27.15,14,3
405,WiseLife,Traction,0.05,12,1
405,WiseLife,Business_Model,0.02,10,1
407,Eatverse,Financial_Health,21.34,14,2
407,Eatverse,Traction,0.09,12,1
407,Eatverse,Business_Model,0.01,10,1
408,AvataarSkincare,Financial_Health,100.0,14,1
408,AvataarSkincare,Traction,0.03,12,1
408,AvataarSkincare,Business_Model,100.0,10,1
410,KryzenBiotech,Financial_Health,0.01,14,1
410,KryzenBiotech,Business_Model,0.01,10,1
411,FOMO,Financial_Health,50.0,14,1
411,FOMO,Traction,0.0,12,1
411,FOMO,Business_Model,50.0,10,1
414,TheShellHair,Financial_Health,50.0,14,2
414,TheShellHair,Traction,0.0,12,1
414,TheShellHair,Business_Model,0.01,10,1
415,Rize,Financial_Health,0.0,14,1
415,Rize,Business_Model,0.0,10,1
417,BaccaBucci,Financial_Health,30.72,14,3
417,BaccaBucci,Business_Model,29.28,10,2
419,BeUNatural,Financial_Health,50.01,14,2
419,BeUNatural,Traction,0.01,12,1
419,BeUNatural,Business_Model,0.02,10,1
420,Erotissch,Financial_Health,37.85,14,4
420,Erotissch,Business_Model,35.84,10,2
421,Niblerzz,Financial_Health,0.0,14,2
421,Niblerzz,Traction,0.0,12,1
421,Niblerzz,Business_Model,0.0,10,1
422,Sorich,Financial_Health,23.36,14,2
422,Sorich,Traction,0.03,12,1
422,Sorich,Business_Model,23.36,10,2
423,LittleBox,Financial_Health,28.07,14,3
423,LittleBox,Traction,0.1,12,1
423,LittleBox,Business_Model,25.09,10,2
424,CremeCastle,Financial_Health,37.59,14,3
424,CremeCastle,Business_Model,37.52,10,2
425,Namakwali,Financial_Health,45.0,14,2
425,Namakwali,Traction,0.0,12,1
425,Namakwali,Business_Model,0.0,10,1
426,KariboCosmetics,Financial_Health,55.56,14,3
426,KariboCosmetics,Business_Model,33.34,10,2
427,Deeva,Financial_Health,36.12,14,3
427,Deeva,Traction,0.03,12,1
427,Deeva,Business_Model,33.35,10,2
428,DesignTemplate,Financial_Health,0.01,14,1
428,DesignTemplate,Traction,0.01,12,1
428,DesignTemplate,Business_Model,0.01,10,1
429,Sama,Financial_Health,50.02,14,2
429,Sama,Traction,0.05,12,1
429,Sama,Business_Model,0.03,10,1
430,GoldenFeathers,Financial_Health,0.01,14,1
430,GoldenFeathers,Business_Model,0.01,10,1
432,Cup-ji,Financial_Health,16.66,14,2
432,Cup-ji,Traction,0.0,12,1
432,Cup-ji,Business_Model,16.66,10,2
433,AToddlerThing,Financial_Health,29.36,14,3
433,AToddlerThing,Traction,0.04,12,1
433,AToddlerThing,Business_Model,26.68,10,2
434,FlexifyMe,Financial_Health,66.67,14,1
434,FlexifyMe,Traction,0.02,12,1
434,FlexifyMe,Business_Model,66.67,10,1
436,iDreamCareer,Financial_Health,0.04,14,1
436,iDreamCareer,Business_Model,0.04,10,1
438,Fit&Flex,Financial_Health,31.72,14,3
438,Fit&Flex,Business_Model,0.02,10,1
439,Sukham,Financial_Health,0.0,14,1
439,Sukham,Traction,0.01,12,1
439,Sukham,Business_Model,0.0,10,1
440,Smotect,Financial_Health,48.01,14,3
440,Smotect,Traction,0.05,12,1
440,Smotect,Business_Model,50.0,10,2
441,Katidhan,Financial_Health,50.0,14,3
441,Katidhan,Business_Model,25.0,10,2
442,NEMAAI,Traction,0.0,12,1
444,SpecOps,Financial_Health,20.01,14,3
444,SpecOps,Traction,0.03,12,1
444,SpecOps,Business_Model,0.02,10,2
445,KaabilKids,Traction,0.01,12,1
446,OddGiraffe,Financial_Health,50.01,14,2
446,OddGiraffe,Traction,0.01,12,1
446,OddGiraffe,Business_Model,50.01,10,2
447,Nemocare,Financial_Health,38.34,14,2
447,Nemocare,Business_Model,38.34,10,2
448,WhySoBlue,Financial_Health,33.34,14,2
448,WhySoBlue,Business_Model,0.01,10,1
449,CoratiaTechnologies,Financial_Health,0.01,14,1
449,CoratiaTechnologies,Business_Model,0.01,10,1
450,Coolant,Financial_Health,0.01,14,1
450,Coolant,Business_Model,0.01,10,1
451,Xmachines,Financial_Health,0.0,14,1
451,Xmachines,Business_Model,0.0,10,1
452,Luvottica,Financial_Health,66.67,14,3
452,Luvottica,Business_Model,50.0,10,2
453,FarmDidi,Financial_Health,37.5,14,2
453,FarmDidi,Traction,0.01,12,1
453,FarmDidi,Business_Model,37.5,10,2
454,Popcorn,Financial_Health,45.6,14,4
454,Popcorn,Business_Model,37.51,10,2
455,Prorata,Financial_Health,0.0,14,1
455,Prorata,Business_Model,0.0,10,1
456,Indigifts,Financial_Health,42.24,14,3
456,Indigifts,Traction,0.04,12,1
456,Indigifts,Business_Model,45.86,10,2
457,AlienVersions,Financial_Health,0.0,14,1
457,AlienVersions,Business_Model,0.0,10,1
458,Rocca,Financial_Health,33.34,14,2
458,Rocca,Traction,0.0,12,1
458,Rocca,Business_Model,33.34,10,2
459,KikoLive,Financial_Health,0.0,14,1
459,KikoLive,Traction,0.0,12,1
459,KikoLive,Business_Model,0.0,10,1
460,Melooha,Financial_Health,0.0,14,1
460,Melooha,Business_Model,0.0,10,1
461,FUTRStudios,Financial_Health,0.0,14,1
461,FUTRStudios,Business_Model,0.0,10,1
462,Allter,Financial_Health,16.19,14,2
462,Allter,Business_Model,0.05,10,1
463,FirstBudOrganics,Financial_Health,25.0,14,2
463,FirstBudOrganics,Traction,0.01,12,1
463,FirstBudOrganics,Business_Model,0.01,10,1
464,Shararat,Financial_Health,0.02,14,1
464,Shararat,Traction,0.01,12,1
464,Shararat,Business_Model,0.02,10,1
465,Competishun,Financial_Health,0.05,14,1
465,Competishun,Business_Model,0.05,10,1
466,BombayClosetCleanse,Financial_Health,41.67,14,2
466,BombayClosetCleanse,Traction,0.01,12,1
466,BombayClosetCleanse,Business_Model,0.01,10,1
467,KioskKaffee,Financial_Health,31.68,14,2
467,KioskKaffee,Business_Model,0.04,10,1
468,NeonAttack,Financial_Health,41.69,14,2
468,NeonAttack,Traction,0.03,12,1
468,NeonAttack,Business_Model,0.05,10,1
469,PTal,Financial_Health,17.94,14,2
469,PTal,Business_Model,0.02,10,1
472,Lea,Financial_Health,48.15,14,3
472,Lea,Traction,0.03,12,1
472,Lea,Business_Model,50.0,10,2
474,Rentit4me,Financial_Health,33.34,14,3
474,Rentit4me,Traction,0.01,12,1
474,Rentit4me,Business_Model,13.34,10,2
475,CoolTheGlobe,Financial_Health,0.0,14,1
475,CoolTheGlobe,Business_Model,0.0,10,1
476,Canvaloop,Financial_Health,23.71,14,2
476,Canvaloop,Traction,0.06,12,1
476,Canvaloop,Business_Model,0.02,10,1
477,DigitalPaani,Financial_Health,8.34,14,2
477,DigitalPaani,Business_Model,8.34,10,2
478,FAEBeauty,Financial_Health,17.69,14,2
478,FAEBeauty,Business_Model,0.05,10,1
479,CONFECT,Traction,0.06,12,1
480,Indulge,Traction,0.01,12,1
481,BLFabric,Financial_Health,33.35,14,2
481,BLFabric,Traction,0.12,12,1
481,BLFabric,Business_Model,0.03,10,1
482,CultureCircle,Traction,0.02,12,1
484,NOOE,Financial_Health,100.0,14,1
484,NOOE,Traction,0.03,12,1
485,GoZero,Financial_Health,83.33,14,1
485,GoZero,Traction,0.17,12,1
485,GoZero,Business_Model,83.33,10,1
487,Gudworld,Financial_Health,18.66,14,2
487,Gudworld,Traction,0.03,12,1
487,Gudworld,Business_Model,0.03,10,1
488,airth,Financial_Health,0.03,14,1
488,airth,Traction,0.02,12,1
488,airth,Business_Model,0.03,10,1
489,OneDios,Financial_Health,0.02,14,1
489,OneDios,Business_Model,0.02,10,1
491,PersonalTouchSkincare,Financial_Health,17.67,14,2
491,PersonalTouchSkincare,Business_Model,0.06,10,1
492,KIWIKisanWindow,Financial_Health,17.56,14,2
492,KIWIKisanWindow,Business_Model,0.03,10,1
493,TripoleGear,Financial_Health,26.37,14,3
493,TripoleGear,Traction,0.08,12,1
493,TripoleGear,Business_Model,22.54,10,2
495,MissCheesecake,Financial_Health,75.0,14,2
495,MissCheesecake,Traction,0.43,12,1
495,MissCheesecake,Business_Model,50.0,10,1
496,SpeedKitchen,Financial_Health,26.24,14,3
496,SpeedKitchen,Business_Model,0.03,10,1
497,MudgarClub,Traction,0.01,12,1
498,ImagiMake,Financial_Health,0.28,14,1
498,ImagiMake,Business_Model,0.28,10,1
499,BeastLife,Traction,0.01,12,1
500,GoDevil,Financial_Health,33.34,14,2
500,GoDevil,Traction,0.03,12,1
500,GoDevil,Business_Model,33.34,10,2
501,Havintha,Financial_Health,0.03,14,1
501,Havintha,Traction,0.03,12,1
501,Havintha,Business_Model,0.03,10,1
502,NurturingGreen,Financial_Health,16.89,14,2
502,NurturingGreen,Traction,0.2,12,1
502,NurturingGreen,Business_Model,0.14,10,1
503,kyari,Financial_Health,41.69,14,2
503,kyari,Traction,0.13,12,1
503,kyari,Business_Model,41.69,10,2
506,PrettyLittleShop,Financial_Health,97.5,14,2
506,PrettyLittleShop,Traction,0.04,12,1
506,PrettyLittleShop,Business_Model,95.0,10,1
507,Aquapeya,Financial_Health,17.81,14,2
507,Aquapeya,Business_Model,0.06,10,1
508,Jarsh,Traction,0.03,12,1
509,DACBY,Financial_Health,6.67,14,1
509,DACBY,Traction,0.01,12,1
509,DACBY,Business_Model,6.67,10,1
510,Shyle,Financial_Health,0.07,14,1
510,Shyle,Traction,0.06,12,1
510,Shyle,Business_Model,0.07,10,1
511,SavaniHeritage,Financial_Health,31.98,14,2
511,SavaniHeritage,Business_Model,0.62,10,1
512,SNEAKINN,Financial_Health,25.31,14,3
512,SNEAKINN,Business_Model,19.18,10,2
513,fupro,Financial_Health,29.23,14,3
513,fupro,Business_Model,20.84,10,2
514,Kanvas,Financial_Health,41.66,14,2
514,Kanvas,Business_Model,0.0,10,1
515,ezo,Financial_Health,0.06,14,1
515,ezo,Business_Model,0.06,10,1
516,Seven,Financial_Health,0.0,14,1
516,Seven,Business_Model,0.0,10,1
517,TheFutureAnimations,Financial_Health,50.0,14,2
517,TheFutureAnimations,Traction,0.0,12,1
517,TheFutureAnimations,Business_Model,0.01,10,1
519,Rosha,Financial_Health,41.68,14,2
519,Rosha,Business_Model,0.04,10,1
521,PatchUp,Financial_Health,100.0,14,1
521,PatchUp,Business_Model,100.0,10,1
522,tikitoro,Financial_Health,40.02,14,2
522,tikitoro,Business_Model,40.02,10,2
523,Ashva,Financial_Health,24.16,14,2
523,Ashva,Business_Model,24.16,10,2
524,AseemShakti,Financial_Health,50.0,14,2
524,AseemShakti,Business_Model,0.01,10,1
525,RBDMachineTools,Financial_Health,30.04,14,2
525,RBDMachineTools,Traction,0.13,12,1
525,RBDMachineTools,Business_Model,0.07,10,1
527,GoodlandPickleball,Financial_Health,35.66,14,2
527,GoodlandPickleball,Business_Model,0.01,10,1
528,TheNaturikCo,Financial_Health,40.85,14,2
528,TheNaturikCo,Business_Model,40.85,10,2
529,Metashot,Financial_Health,0.04,14,1
529,Metashot,Business_Model,0.04,10,1
530,GabruDiChaap,Financial_Health,18.94,14,2
530,GabruDiChaap,Traction,0.05,12,1
530,GabruDiChaap,Business_Model,0.04,10,1
531,YaanMan,Financial_Health,0.0,14,1
531,YaanMan,Business_Model,0.0,10,1
532,SonicLamb,Financial_Health,0.01,14,1
532,SonicLamb,Traction,0.01,12,1
532,SonicLamb,Business_Model,0.01,10,1
533,Woolah,Financial_Health,17.5,14,2
533,Woolah,Traction,0.01,12,1
533,Woolah,Business_Model,0.01,10,1
534,EM5,Financial_Health,41.68,14,2
534,EM5,Traction,0.08,12,1
534,EM5,Business_Model,41.68,10,2
535,WomanLikeU,Financial_Health,18.45,14,2
535,WomanLikeU,Traction,0.04,12,1
535,WomanLikeU,Business_Model,0.02,10,1
536,BookLeafPublishing,Financial_Health,21.1,14,2
536,BookLeafPublishing,Business_Model,0.02,10,1
537,Str8bat,Financial_Health,0.01,14,1
537,Str8bat,Traction,0.01,12,1
537,Str8bat,Business_Model,0.01,10,1
538,Ruby'sOrganics,Financial_Health,0.02,14,1
538,Ruby'sOrganics,Business_Model,0.02,10,1
539,TheGoodDoll,Financial_Health,0.0,14,1
539,TheGoodDoll,Business_Model,0.0,10,1
541,ClapStoreToys,Financial_Health,22.58,14,2
541,ClapStoreToys,Traction,0.03,12,1
541,ClapStoreToys,Business_Model,0.01,10,1
542,RahejaSolarFoodProcessing,Financial_Health,0.02,14,2
542,RahejaSolarFoodProcessing,Business_Model,0.02,10,2
543,Wanderlooms,Financial_Health,0.01,14,1
543,Wanderlooms,Traction,0.02,12,1
543,Wanderlooms,Business_Model,0.01,10,1
544,Ugees,Financial_Health,0.01,14,1
544,Ugees,Traction,0.01,12,1
544,Ugees,Business_Model,0.01,10,1
545,Alt.fCoworking,Financial_Health,17.02,14,2
545,Alt.fCoworking,Business_Model,0.15,10,1
546,BurgerBae,Financial_Health,28.5,14,3
546,BurgerBae,Traction,0.05,12,1
546,BurgerBae,Business_Model,0.06,10,1
547,BobaBhai,Traction,0.08,12,1
548,Hexafun,Financial_Health,0.02,14,1
548,Hexafun,Traction,0.03,12,1
548,Hexafun,Business_Model,0.02,10,1
549,RepeatGud,Traction,0.0,12,1
550,SkateSupplyIndia,Financial_Health,31.66,14,2
550,SkateSupplyIndia,Business_Model,0.0,10,1
551,UtopianDrinks,Financial_Health,0.15,14,1
551,UtopianDrinks,Traction,0.0,12,1
551,UtopianDrinks,Business_Model,0.15,10,1
552,GOFIG,Financial_Health,25.0,14,1
552,GOFIG,Traction,0.0,12,1
552,GOFIG,Business_Model,25.0,10,1
553,Joyspoon,Traction,0.01,12,1
554,bambinos,Financial_Health,0.01,14,1
554,bambinos,Business_Model,0.01,10,1
555,FundooLabs,Financial_Health,27.5,14,2
555,FundooLabs,Traction,0.02,12,1
555,FundooLabs,Business_Model,0.01,10,1
556,Gaon,Financial_Health,28.35,14,2
556,Gaon,Traction,0.02,12,1
556,Gaon,Business_Model,0.03,10,1
557,EriWeave,Financial_Health,50.0,14,2
557,EriWeave,Traction,0.0,12,1
557,EriWeave,Business_Model,0.0,10,1
558,PaleooBakes,Financial_Health,50.0,14,2
558,PaleooBakes,Business_Model,0.01,10,1
559,NeuraSim,Financial_Health,0.0,14,1
559,NeuraSim,Business_Model,0.0,10,1
560,Offmint,Traction,0.02,12,1
561,Chokhat,Financial_Health,53.33,14,3
561,Chokhat,Business_Model,0.0,10,1
562,ZenmaCoffee,Traction,0.0,12,1
563,TheEleFant,Financial_Health,63.33,14,1
563,TheEleFant,Business_Model,63.33,10,1
564,BetterNutrition,Financial_Health,44.46,14,3
564,BetterNutrition,Business_Model,16.69,10,2
565,PinqPolka,Financial_Health,45.01,14,2
565,PinqPolka,Business_Model,45.01,10,2
570,HealthFab,Financial_Health,0.04,14,1
570,HealthFab,Business_Model,0.04,10,1
571,PieMatrix,Financial_Health,29.17,14,2
571,PieMatrix,Business_Model,0.01,10,1
572,Sudathi,Traction,0.0,12,1
575,DreamSmile,Financial_Health,78.33,14,1
575,DreamSmile,Business_Model,78.33,10,1
577,Palmonas,Financial_Health,42.74,14,3
577,Palmonas,Business_Model,46.7,10,2
579,Nidhi'sGrandmaaSecret,Financial_Health,17.72,14,2
579,Nidhi'sGrandmaaSecret,Business_Model,0.02,10,1
580,Solnce,Financial_Health,11.37,14,3
580,Solnce,Business_Model,0.06,10,2
581,BornGood,Financial_Health,10.5,14,2
581,BornGood,Traction,0.03,12,1
581,BornGood,Business_Model,0.03,10,1
582,DorabiAndAmili,Financial_Health,19.82,14,2
582,DorabiAndAmili,Business_Model,0.02,10,1
583,ZebraLearn,Financial_Health,0.05,14,1
583,ZebraLearn,Traction,0.08,12,1
583,ZebraLearn,Business_Model,0.05,10,1
584,ExclusiveLane,Financial_Health,16.88,14,2
584,ExclusiveLane,Business_Model,0.07,10,1
586,PanchalDairy,Financial_Health,0.01,14,1
586,PanchalDairy,Business_Model,0.01,10,1
587,MusicPandit,Traction,0.01,12,1
588,Cograd,Financial_Health,0.01,14,1
588,Cograd,Business_Model,0.01,10,1
589,EatBetterCo,Financial_Health,16.7,14,2
589,EatBetterCo,Business_Model,0.07,10,1
590,Earthful,Financial_Health,15.03,14,2
590,Earthful,Business_Model,0.04,10,1
591,Trajectory,Financial_Health,19.5,14,2
591,Trajectory,Traction,0.05,12,1
591,Trajectory,Business_Model,0.03,10,1
592,KaviThePoetry-ArtProject,Financial_Health,50.01,14,2
592,KaviThePoetry-ArtProject,Traction,0.02,12,1
592,KaviThePoetry-ArtProject,Business_Model,0.02,10,1
593,F2DF,Financial_Health,0.05,14,1
593,F2DF,Business_Model,0.05,10,1
595,MomsHome,Financial_Health,16.9,14,2
595,MomsHome,Traction,0.09,12,1
595,MomsHome,Business_Model,0.06,10,1
596,Catwalk,Financial_Health,75.0,14,1
596,Catwalk,Traction,0.0,12,1
596,Catwalk,Business_Model,75.0,10,1
597,Beautywise,Financial_Health,17.68,14,2
597,Beautywise,Business_Model,0.03,10,1
599,TheHousePartyBySavar,Financial_Health,23.47,14,2
599,TheHousePartyBySavar,Business_Model,0.02,10,1
600,GlowGlossary,Financial_Health,81.66,14,2
600,GlowGlossary,Business_Model,63.33,10,1
601,SinghDentalCare,Financial_Health,50.0,14,2
601,SinghDentalCare,Business_Model,0.0,10,1
602,TribalVeda,Financial_Health,22.5,14,2
602,TribalVeda,Business_Model,22.5,10,2
603,Anuvad,Financial_Health,0.0,14,1
603,Anuvad,Business_Model,0.0,10,1
604,Fitelo,Financial_Health,41.9,14,2
604,Fitelo,Traction,0.38,12,1
604,Fitelo,Business_Model,41.9,10,2
605,Nanighar,Traction,0.03,12,1
606,GoodMonk,Financial_Health,45.84,14,2
606,GoodMonk,Traction,0.02,12,1
606,GoodMonk,Business_Model,45.84,10,2
607,Artbuzz,Financial_Health,14.47,14,2
607,Artbuzz,Business_Model,0.02,10,1
608,Tulua,Financial_Health,17.54,14,2
608,Tulua,Traction,0.02,12,1
608,Tulua,Business_Model,0.01,10,1
609,Taffykids,Financial_Health,42.24,14,3
609,Taffykids,Traction,0.07,12,1
609,Taffykids,Business_Model,45.86,10,2
611,Zingavita,Financial_Health,40.02,14,2
611,Zingavita,Traction,0.1,12,1
611,Zingavita,Business_Model,40.02,10,2
612,DhaagaLife,Financial_Health,33.34,14,2
612,DhaagaLife,Business_Model,0.01,10,1
613,Tileskraft,Financial_Health,0.0,14,1
613,Tileskraft,Business_Model,0.0,10,1
614,Krishnsakhi,Financial_Health,50.0,14,2
614,Krishnsakhi,Traction,0.01,12,1
614,Krishnsakhi,Business_Model,0.0,10,1
615,BoreCharger,Financial_Health,20.56,14,2
615,BoreCharger,Business_Model,0.02,10,1
618,Tintbox,Financial_Health,19.91,14,2
618,Tintbox,Business_Model,0.01,10,1
619,EasyRugs,Traction,0.0,12,1
620,StylesTry,Financial_Health,25.38,14,3
620,StylesTry,Traction,0.03,12,1
620,StylesTry,Business_Model,19.16,10,2
621,Quitci,Financial_Health,0.01,14,1
621,Quitci,Traction,0.02,12,1
621,Quitci,Business_Model,0.01,10,1
622,FitFeast,Financial_Health,27.46,14,3
622,FitFeast,Business_Model,27.5,10,2
623,TheBearHouse,Financial_Health,17.06,14,2
623,TheBearHouse,Business_Model,0.48,10,1
625,Nooky,Traction,0.05,12,1
626,Subculture,Financial_Health,0.0,14,1
626,Subculture,Business_Model,0.0,10,1
627,Woodsmen,Financial_Health,43.33,14,1
627,Woodsmen,Business_Model,43.33,10,1
629,Ecoil,Financial_Health,38.91,14,3
629,Ecoil,Business_Model,16.7,10,2
630,Rescript,Financial_Health,21.3,14,2
630,Rescript,Business_Model,0.01,10,1
631,TickleYourArt,Financial_Health,0.0,14,1
631,TickleYourArt,Business_Model,0.0,10,1
632,Symbionic,Financial_Health,0.0,14,1
632,Symbionic,Business_Model,0.0,10,1
633,XLCinema,Financial_Health,0.0,14,1
633,XLCinema,Business_Model,0.0,10,1
634,TheCroffleGuys,Financial_Health,83.33,14,1
634,TheCroffleGuys,Traction,0.02,12,1
634,TheCroffleGuys,Business_Model,83.33,10,1
635,LewisiaWellness,Financial_Health,41.69,14,2
635,LewisiaWellness,Business_Model,41.69,10,2
637,EMoMee,Financial_Health,0.0,14,1
637,EMoMee,Business_Model,0.0,10,1
638,CaptureATrip,Financial_Health,16.67,14,1
638,CaptureATrip,Business_Model,16.67,10,1
639,Loopie,Traction,0.02,12,1
642,Panteazy,Traction,0.0,12,1
643,GoatLife,Traction,0.04,12,1
644,Planyt,Financial_Health,0.0,14,1
644,Planyt,Business_Model,0.0,10,1
645,Avishkaar,Financial_Health,0.13,14,1
645,Avishkaar,Business_Model,0.13,10,1
646,Emori,Financial_Health,19.99,14,3
646,Emori,Business_Model,12.52,10,2
647,TrueDiamond,Financial_Health,25.0,14,1
647,TrueDiamond,Business_Model,25.0,10,1
648,Smylo,Traction,0.03,12,1
649,Nootie,Financial_Health,26.53,14,3
649,Nootie,Business_Model,22.54,10,2
650,Pistabarfi,Financial_Health,50.0,14,1
650,Pistabarfi,Traction,0.01,12,1
650,Pistabarfi,Business_Model,50.0,10,1
653,MyPB,Financial_Health,100.0,14,1
653,MyPB,Business_Model,100.0,10,1
655,TruthAndHair,Traction,0.01,12,1
657,Japam,Financial_Health,100.0,14,1
657,Japam,Business_Model,100.0,10,1
658,ZenBarefoot,Traction,0.0,12,1
659,RIDEV,Traction,0.04,12,1
661,TBFO,Financial_Health,86.67,14,1
664,Ayuvyaandimfresh,Financial_Health,47.59,14,2
664,Ayuvyaandimfresh,Business_Model,47.59,10,2
667,Sampark,Financial_Health,46.51,14,3
667,Sampark,Business_Model,50.0,10,2
668,Sovrenn,Financial_Health,0.01,14,1
668,Sovrenn,Business_Model,0.01,10,1
671,PaperPro,Traction,0.0,12,1
673,Gullylabs,Financial_Health,60.0,14,1
673,Gullylabs,Business_Model,60.0,10,1
675,RCXlight,Financial_Health,93.33,14,1
676,Awsum,Financial_Health,0.08,14,1
676,Awsum,Business_Model,0.08,10,1
677,Phitku,Financial_Health,100.0,14,1
677,Phitku,Traction,0.1,12,1
677,Phitku,Business_Model,100.0,10,1
679,Pureflow,Financial_Health,100.0,14,1
679,Pureflow,Business_Model,100.0,10,1
682,Urbanwipe,Financial_Health,88.33,14,1
682,Urbanwipe,Business_Model,88.33,10,1
683,Antinorm,Traction,0.02,12,1
685,Bonkerscorner,Financial_Health,38.07,14,3
685,Bonkerscorner,Business_Model,0.62,10,1
686,Bubbleme,Traction,0.02,12,1
689,Sparshbrush,Financial_Health,20.46,14,2
689,Sparshbrush,Business_Model,0.01,10,1
691,Cookiecartel,Financial_Health,5.56,14,2
691,Cookiecartel,Business_Model,0.01,10,1
693,Aabo,Financial_Health,0.0,14,1
693,Aabo,Business_Model,0.0,10,1
694,Krvvy,Financial_Health,65.0,14,1
694,Krvvy,Business_Model,65.0,10,1
695,Invogue,Financial_Health,19.36,14,2
695,Invogue,Business_Model,0.03,10,1
696,Taashacraft,Financial_Health,38.83,14,3
696,Taashacraft,Business_Model,37.51,10,2
699,Wholeleaf,Financial_Health,91.67,14,1
699,Wholeleaf,Business_Model,91.67,10,1
700,Mankomb,Financial_Health,33.33,14,1
700,Mankomb,Business_Model,33.33,10,1
701,MadrasiKaapihouse,Financial_Health,15.99,14,2
701,MadrasiKaapihouse,Traction,0.01,12,1
701,MadrasiKaapihouse,Business_Model,0.01,10,1
702,Soundverse,Traction,0.04,12,1
703,Kilrr,Financial_Health,75.0,14,1
703,Kilrr,Business_Model,75.0,10,1
704,Offline,Traction,0.01,12,1
705,PandasBox,Financial_Health,0.04,14,1
705,PandasBox,Business_Model,0.04,10,1
706,TheBindiProject,Traction,0.01,12,1
711,TheBingeTown,Financial_Health,17.31,14,2
711,TheBingeTown,Business_Model,0.11,10,1
712,PropFTX,Financial_Health,0.0,14,1
712,PropFTX,Business_Model,0.0,10,1
714,Warriorworld,Financial_Health,35.58,14,4
714,Warriorworld,Traction,0.09,12,1
714,Warriorworld,Business_Model,30.08,10,2
715,Currently,Financial_Health,0.0,14,1
715,Currently,Business_Model,0.0,10,1
717,Booon,Traction,0.0,12,1
718,MeMeraki,Financial_Health,0.02,14,1
718,MeMeraki,Business_Model,0.02,10,1
719,3Sisters,Financial_Health,0.06,14,1
719,3Sisters,Business_Model,0.06,10,1
720,Artociti,Financial_Health,40.35,14,3
720,Artociti,Business_Model,41.68,10,2
721,Kreo,Financial_Health,0.16,14,1
721,Kreo,Business_Model,0.16,10,1
722,Rosada,Financial_Health,0.03,14,1
722,Rosada,Business_Model,0.03,10,1
723,BabyworksBySwapnil,Financial_Health,50.0,14,2
723,BabyworksBySwapnil,Business_Model,0.01,10,1
724,Gramiyaa,Financial_Health,14.92,14,3
724,Gramiyaa,Business_Model,6.7,10,2
725,MamaNourish,Financial_Health,23.34,14,2
725,MamaNourish,Business_Model,23.34,10,2
726,Kelvin6k,Financial_Health,0.0,14,1
726,Kelvin6k,Business_Model,0.0,10,1
727,ANAApparels,Financial_Health,46.67,14,3
727,ANAApparels,Business_Model,45.0,10,2
728,EzPac,Financial_Health,0.0,14,1
728,EzPac,Business_Model,0.0,10,1
729,Gappu,Financial_Health,45.4,14,3
729,Gappu,Business_Model,29.16,10,2
730,MisterVeg,Financial_Health,17.78,14,2
730,MisterVeg,Business_Model,0.03,10,1
732,Speechgears,Financial_Health,20.19,14,2
732,Speechgears,Traction,0.03,12,1
732,Speechgears,Business_Model,0.02,10,1
733,Heizen,Financial_Health,0.0,14,1
733,Heizen,Traction,0.03,12,1
733,Heizen,Business_Model,0.0,10,1
734,Pukaar.ai,Financial_Health,0.0,14,1
734,Pukaar.ai,Business_Model,0.0,10,1
739,BeClinical,Financial_Health,100.0,14,1
739,BeClinical,Traction,0.02,12,1
739,BeClinical,Business_Model,100.0,10,1
741,KrimmyThickshakes,Financial_Health,42.02,14,2
741,KrimmyThickshakes,Business_Model,0.01,10,1
742,CurryIt,Financial_Health,0.03,14,1
742,CurryIt,Business_Model,0.03,10,1
743,dubpro.ai,Financial_Health,0.01,14,1
743,dubpro.ai,Business_Model,0.01,10,1
744,Boingg,Financial_Health,0.03,14,1
744,Boingg,Business_Model,0.03,10,1
745,Pragyan,Financial_Health,0.02,14,1
745,Pragyan,Business_Model,0.02,10,1
746,Sanchvi,Financial_Health,26.28,14,2
746,Sanchvi,Business_Model,0.01,10,1
748,Edinora,Financial_Health,0.01,14,1
748,Edinora,Business_Model,0.01,10,1
751,Modge,Financial_Health,0.01,14,1
751,Modge,Traction,0.03,12,1
751,Modge,Business_Model,0.01,10,1
752,OrbitWallet,Financial_Health,0.0,14,1
752,OrbitWallet,Business_Model,0.0,10,1
753,Hobfit,Financial_Health,91.67,14,1
753,Hobfit,Business_Model,91.67,10,1
754,Shichisoru,Traction,0.01,12,1
756,Everaw,Financial_Health,55.0,14,1
756,Everaw,Traction,0.0,12,1
756,Everaw,Business_Model,55.0,10,1
761,IndianHairWorld,Financial_Health,0.01,14,1
761,IndianHairWorld,Business_Model,0.01,10,1
762,awenest,Financial_Health,37.51,14,2
762,awenest,Traction,0.03,12,1
762,awenest,Business_Model,37.51,10,2
763,HOOKd,Financial_Health,90.0,14,1
763,HOOKd,Business_Model,90.0,10,1
764,Littlecherrymom,Financial_Health,22.96,14,2
764,Littlecherrymom,Business_Model,0.01,10,1
766,SoilSens,Financial_Health,79.17,14,2
766,SoilSens,Business_Model,91.67,10,1
767,Flashoot,Traction,0.03,12,1
768,NapTapGo,Financial_Health,0.01,14,1
768,NapTapGo,Business_Model,0.01,10,1
770,Nytarra,Financial_Health,37.96,14,3
770,Nytarra,Traction,0.05,12,1
770,Nytarra,Business_Model,43.34,10,2
771,BYLX,Financial_Health,41.66,14,2
771,BYLX,Business_Model,41.66,10,2
772,Greenpista,Financial_Health,0.01,14,1
772,Greenpista,Business_Model,0.01,10,1
774,SteamPRO,Financial_Health,37.51,14,2
774,SteamPRO,Business_Model,37.51,10,2
775,Uptown,Financial_Health,0.02,14,1
775,Uptown,Business_Model,0.02,10,1
777,Dent@home,Financial_Health,22.16,14,2
777,Dent@home,Business_Model,0.0,10,1
778,Marbleous,Financial_Health,57.24,14,3
778,Marbleous,Business_Model,41.66,10,2
779,Fitkin,Financial_Health,36.19,14,3
779,Fitkin,Business_Model,0.01,10,1
781,Namovardan,Financial_Health,0.0,14,1
781,Namovardan,Business_Model,0.0,10,1
782,Circato,Financial_Health,0.0,14,1
782,Circato,Business_Model,0.0,10,1
783,GreenAvartan,Financial_Health,16.67,14,1
783,GreenAvartan,Business_Model,16.67,10,1
784,DhartiAmrit,Financial_Health,21.22,14,2
784,DhartiAmrit,Business_Model,0.01,10,1
786,Floreal,Financial_Health,91.67,14,1
786,Floreal,Traction,0.02,12,1
786,Floreal,Business_Model,91.67,10,1
