Row_ID,Startup_Name,Metric,Raw_Value,Metric_Score
0,BluePineFoods,Revenue,95.0,0.0
0,BluePineFoods,Monthly_Sales,8.0,0.0
1,BoozScooters,Revenue,4.0,0.0
1,BoozScooters,Monthly_Sales,0.4,0.0
2,HeartUpMySleeves,Monthly_Sales,2.0,0.0
3,TagzFoods,Gross_Margin,48.0,46.67
3,TagzFoods,Revenue,700.0,0.03
4,HeadAndHeart,Revenue,30.0,0.0
5,Agritourism,Revenue,79.0,0.0
6,qZenseLabs,Revenue,25.0,0.0
6,qZenseLabs,Monthly_Sales,15.0,0.01
7,Peeschute,Revenue,100.0,0.01
8,NOCD,Monthly_Sales,20.0,0.01
9,CosIQ,Gross_Margin,75.0,91.67
9,CosIQ,Net_Margin,20.0,100.0
9,CosIQ,Revenue,0.0,0.0
9,CosIQ,Monthly_Sales,4.0,0.0
10,JhaJiAchaar,Gross_Margin,18.0,0.0
10,JhaJiAchaar,Monthly_Sales,5.0,0.0
11,Bummer,Gross_Margin,70.0,83.33
11,Bummer,Revenue,36.0,0.0
11,Bummer,Monthly_Sales,15.0,0.01
12,RevampMoto,Monthly_Sales,0.01,0.0
13,HungryHead,Monthly_Sales,5.5,0.0
14,ShrawaniEngineers,Revenue,50.0,0.0
15,SkippiIcePops,Monthly_Sales,7.5,0.0
16,Menstrupedia,Gross_Margin,27.0,11.67
16,Menstrupedia,Revenue,115.0,0.01
17,Hecoll,Revenue,107.0,0.01
18,RaisingSuperstars,Revenue,1300.0,0.07
19,Torch-it,Revenue,260.0,0.01
19,Torch-it,Monthly_Sales,1.0,0.0
21,LaKheerDeli,Monthly_Sales,6.0,0.0
22,BeyondSnack,Gross_Margin,51.0,51.67
22,BeyondSnack,Revenue,60.0,0.0
22,BeyondSnack,Monthly_Sales,20.6,0.01
23,VivalyfInnovations,Revenue,0.0,0.0
24,MotionBreeze,Revenue,0.0,0.0
26,Ariro,Gross_Margin,50.0,50.0
26,Ariro,Revenue,300.0,0.01
26,Ariro,Monthly_Sales,25.0,0.01
27,KabiraHandmad,Gross_Margin,3.0,0.0
27,KabiraHandmad,Net_Margin,1.0,42.0
27,KabiraHandmad,Monthly_Sales,160.0,0.08
28,Nuutjob,Gross_Margin,70.0,83.33
28,Nuutjob,Monthly_Sales,0.002,0.0
29,Meatyour,Gross_Margin,30.0,16.67
29,Meatyour,Revenue,130.0,0.01
29,Meatyour,Monthly_Sales,2.8,0.0
30,EventBeep,Revenue,120.0,0.01
31,Gopal's56,Gross_Margin,21.0,1.67
31,Gopal's56,Revenue,80.0,0.0
31,Gopal's56,Monthly_Sales,33.0,0.02
32,ARRCOATSurfaceTextures,Net_Margin,20.0,100.0
32,ARRCOATSurfaceTextures,Monthly_Sales,6.0,0.0
33,Farda,Gross_Margin,115.0,100.0
33,Farda,Monthly_Sales,0.32,0.0
34,Auli,Gross_Margin,80.0,100.0
34,Auli,Net_Margin,10.0,66.67
34,Auli,Revenue,250.0,0.01
34,Auli,Monthly_Sales,16.0,0.01
37,Annie,Gross_Margin,50.0,50.0
37,Annie,Revenue,500.0,0.03
37,Annie,Monthly_Sales,4.0,0.0
39,TheYarnBazaar,Revenue,180.0,0.01
40,TheRenalProject,Revenue,300.0,0.01
41,MorrikoPureFoods,Monthly_Sales,16.0,0.01
42,GoodGoodPiggy,Revenue,0.0,0.0
43,HammerLifestyle,Revenue,1000.0,0.05
45,Cocofit,Gross_Margin,95.0,100.0
45,Cocofit,Revenue,100.0,0.01
46,BambooIndia,Revenue,380.0,0.02
46,BambooIndia,Monthly_Sales,20.0,0.01
48,BeyondWater,Monthly_Sales,10.0,0.01
49,Let'sTry,Gross_Margin,55.0,58.33
49,Let'sTry,Net_Margin,25.0,100.0
49,Let'sTry,Monthly_Sales,3.0,0.0
50,FindYourKicksIndia,Monthly_Sales,3.5,0.0
51,AasVidyalaya,Revenue,150.0,0.01
52,Outbox,Revenue,110.0,0.01
53,RoadBounce,Revenue,250.0,0.01
54,Mommy'sKitchen,Revenue,92.0,0.0
54,Mommy'sKitchen,Monthly_Sales,4.5,0.0
55,IndiaHempandCo,Revenue,27.0,0.0
55,IndiaHempandCo,Monthly_Sales,2.0,0.0
57,Anthyesti,Gross_Margin,50.0,50.0
57,Anthyesti,Net_Margin,6.0,53.33
57,Anthyesti,Revenue,116.0,0.01
58,Ethik,Revenue,12.0,0.0
58,Ethik,Monthly_Sales,1.0,0.0
59,WeSTOCK,Revenue,54.0,0.0
60,KetoIndia,Revenue,180.0,0.01
60,KetoIndia,Monthly_Sales,15.0,0.01
61,Magiclock,Monthly_Sales,0.04,0.0
62,TheStatePlate,Gross_Margin,34.0,23.33
62,TheStatePlate,Monthly_Sales,40.0,0.02
63,Bakarmax,Revenue,35.0,0.0
63,Bakarmax,Monthly_Sales,5.0,0.0
64,INACAN,Monthly_Sales,23.0,0.01
65,Get-A-Whey,Gross_Margin,69.0,81.67
65,Get-A-Whey,Net_Margin,20.0,100.0
65,Get-A-Whey,Revenue,360.0,0.02
65,Get-A-Whey,Monthly_Sales,0.25,0.0
66,Sid07Designs,Monthly_Sales,1.0,0.0
67,TheQuirkyNaari,Monthly_Sales,3.0,0.0
68,HairOriginals,Gross_Margin,62.0,70.0
68,HairOriginals,Monthly_Sales,55.0,0.03
69,Poo-de-Cologne,Gross_Margin,150.0,100.0
69,Poo-de-Cologne,Monthly_Sales,0.75,0.0
70,Moonshine,Gross_Margin,70.0,83.33
70,Moonshine,Revenue,372.0,0.02
71,Falhari,Gross_Margin,25.0,8.33
71,Falhari,Monthly_Sales,1.0,0.0
72,NamhyaFoods,Net_Margin,34.0,100.0
72,NamhyaFoods,Monthly_Sales,16.0,0.01
73,UrbanMonkey,Net_Margin,25.0,100.0
73,UrbanMonkey,Revenue,2500.0,0.12
73,UrbanMonkey,Monthly_Sales,200.0,0.1
74,GuardianGears,Gross_Margin,50.0,50.0
74,GuardianGears,Net_Margin,15.0,83.33
74,GuardianGears,Revenue,250.0,0.01
74,GuardianGears,Monthly_Sales,21.0,0.01
75,ModernMyth,Monthly_Sales,14.0,0.01
76,TheSassBar,Gross_Margin,65.0,75.0
76,TheSassBar,Net_Margin,55.0,100.0
76,TheSassBar,Monthly_Sales,7.0,0.0
77,KGAgrotech,Revenue,0.0,0.0
78,NuskhaKitchen,Monthly_Sales,1.45,0.0
79,PawsIndia,Net_Margin,16.0,86.67
79,PawsIndia,Revenue,300.0,0.01
79,PawsIndia,Monthly_Sales,20.0,0.01
80,SunfoxTechnologies,Revenue,120.0,0.01
80,SunfoxTechnologies,Monthly_Sales,5.0,0.0
81,Alpino,Gross_Margin,38.0,30.0
82,IsakFragrances,Monthly_Sales,3.5,0.0
83,JulaaAutomation,Revenue,0.0,0.0
84,RarePlanet,Net_Margin,10.0,66.67
84,RarePlanet,Monthly_Sales,12.0,0.01
85,ThekaCoffee,Revenue,180.0,0.01
85,ThekaCoffee,Monthly_Sales,4.0,0.0
87,AlisteTechnologies,Net_Margin,40.0,100.0
87,AlisteTechnologies,Revenue,63.0,0.0
87,AlisteTechnologies,Monthly_Sales,7.5,0.0
88,InsuranceSamadhan,Revenue,104.0,0.01
88,InsuranceSamadhan,Monthly_Sales,22.0,0.01
89,HumpyA2,Gross_Margin,44.0,40.0
89,HumpyA2,Revenue,208.0,0.01
90,KunafaWorld,Net_Margin,30.0,100.0
90,KunafaWorld,Revenue,200.0,0.01
90,KunafaWorld,Monthly_Sales,30.0,0.01
91,GoldSafeSolutions,Gross_Margin,25.0,8.33
91,GoldSafeSolutions,Revenue,60.0,0.0
92,WakaoFoods,Revenue,72.0,0.0
92,WakaoFoods,Monthly_Sales,6.0,0.0
93,PDDFalcon,Gross_Margin,30.0,16.67
93,PDDFalcon,Revenue,242.0,0.01
94,PlayBoxTV,Revenue,1020.0,0.05
94,PlayBoxTV,Monthly_Sales,87.0,0.04
96,KabaddiAdda,Gross_Margin,80.0,100.0
96,KabaddiAdda,Net_Margin,30.0,100.0
96,KabaddiAdda,Revenue,250.0,0.01
97,ShadesofSpring,Gross_Margin,30.0,16.67
97,ShadesofSpring,Revenue,900.0,0.04
98,Scholify,Revenue,0.0,0.0
99,Scrapshala,Revenue,27.0,0.0
99,Scrapshala,Monthly_Sales,2.0,0.0
100,Sabjikothi,Revenue,0.0,0.0
102,Astrix,Revenue,75.0,0.0
102,Astrix,Monthly_Sales,18.0,0.01
103,TheaAndSid,Gross_Margin,75.0,91.67
103,TheaAndSid,Net_Margin,30.0,100.0
103,TheaAndSid,Revenue,16.0,0.0
103,TheaAndSid,Monthly_Sales,10.0,0.01
104,ExperentialEtc,Revenue,100.0,0.01
105,GrowFitter,Revenue,170.0,0.01
107,ColourMeMad-CMM,Monthly_Sales,0.66,0.0
108,Mavi's,Monthly_Sales,2.0,0.0
111,NomadFoodProject,Gross_Margin,70.0,83.33
111,NomadFoodProject,Monthly_Sales,3.0,0.0
113,GreenProtein,Gross_Margin,40.0,33.33
113,GreenProtein,Monthly_Sales,12.0,0.01
114,On2Cook,Revenue,0.0,0.0
115,JainShikanji,Monthly_Sales,2.0,0.0
116,Woloo,Revenue,108.0,0.01
117,ElcareIndia,Gross_Margin,30.0,16.67
117,ElcareIndia,Revenue,60.0,0.0
118,SneaKare,Monthly_Sales,7.0,0.0
119,FrenchCrown,Gross_Margin,70.0,83.33
119,FrenchCrown,Revenue,7200.0,0.36
120,StoreMyGoods,Revenue,100.0,0.01
121,Devnagri,Revenue,500.0,0.03
123,Kineer,Monthly_Sales,2.0,0.0
124,PiChem,Gross_Margin,50.0,50.0
124,PiChem,Monthly_Sales,1.77,0.0
125,Clensta,Monthly_Sales,150.0,0.07
126,InfinitiInsects,Monthly_Sales,0.5,0.0
128,Mine4Nine,Revenue,260.0,0.01
129,StudioBeej,Revenue,112.0,0.01
130,Sattuz,Revenue,25.0,0.0
131,Scintiglo,Revenue,0.0,0.0
136,Gizmoswala,Gross_Margin,40.0,33.33
136,Gizmoswala,Monthly_Sales,7.0,0.0
140,HappyBar,Monthly_Sales,29.0,0.01
142,BandsandCups,Gross_Margin,60.0,66.67
142,BandsandCups,Monthly_Sales,1.0,0.0
143,MyWealthProtector,Monthly_Sales,2.0,0.0
145,Canebot,Revenue,200.0,0.01
149,Artment,Monthly_Sales,100.0,0.05
151,Eume,Revenue,1200.0,0.06
152,Hoovu,Monthly_Sales,65.0,0.03
153,Dorji,Monthly_Sales,11.0,0.01
155,VeryMuchIndian,Gross_Margin,35.0,25.0
155,VeryMuchIndian,Revenue,150.0,0.01
156,WatchoutWearables,Monthly_Sales,25.0,0.01
157,SoupX,Gross_Margin,45.0,41.67
163,Brandsdaddy,Gross_Margin,60.0,66.67
163,Brandsdaddy,Monthly_Sales,12.0,0.01
164,Winston,Monthly_Sales,46.0,0.02
166,OrganicSmokes,Monthly_Sales,40.0,0.02
170,GunjanAppsStudios,Revenue,2400.0,0.12
176,Paradyes,Revenue,350.0,0.02
178,Zillionaire,Revenue,100.0,0.01
179,Credmate,Monthly_Sales,130.0,0.07
186,JaipurWatchCompany,Gross_Margin,75.0,91.67
189,Diabexy,Monthly_Sales,100.0,0.05
190,Kyari,Monthly_Sales,10.0,0.01
193,Dobiee,Gross_Margin,23.0,5.0
193,Dobiee,Monthly_Sales,32.0,0.02
194,FastBeetle,Gross_Margin,54.0,56.67
194,FastBeetle,Monthly_Sales,25.0,0.01
195,Pflow,Gross_Margin,80.0,100.0
196,VSMani,Monthly_Sales,63.0,0.03
197,Sepal,Gross_Margin,37.0,28.33
198,Solinas,Revenue,120.0,0.01
199,AvimeeHerbal,Gross_Margin,69.0,81.67
199,AvimeeHerbal,Monthly_Sales,165.0,0.08
200,eyenic,Gross_Margin,45.0,41.67
200,eyenic,Net_Margin,21.0,100.0
200,eyenic,Monthly_Sales,15.0,0.01
201,ekatra,Gross_Margin,80.0,100.0
201,ekatra,Net_Margin,28.0,100.0
201,ekatra,Monthly_Sales,5.0,0.0
203,NeoMotion,Revenue,470.0,0.02
204,licksters,Revenue,86.0,0.0
204,licksters,Monthly_Sales,14.0,0.01
205,Sayonara,Revenue,0.0,0.0
206,PMV,Revenue,0.0,0.0
207,SpiceStory,Revenue,410.0,0.02
207,SpiceStory,Monthly_Sales,57.0,0.03
210,Portl,Gross_Margin,45.0,41.67
211,FatToSlim,Monthly_Sales,14.0,0.01
212,CheeseCake&Co.,Monthly_Sales,194.0,0.1
213,Dabble,Gross_Margin,75.0,91.67
213,Dabble,Revenue,33.0,0.0
213,Dabble,Monthly_Sales,8.7,0.0
214,CloudTailor,Monthly_Sales,34.0,0.02
215,BeUnic,Revenue,50.0,0.0
215,BeUnic,Monthly_Sales,6.0,0.0
217,Ravel,Monthly_Sales,40.0,0.02
218,HoneyVeda,Gross_Margin,20.0,0.0
218,HoneyVeda,Revenue,53.0,0.0
219,PadCare,Monthly_Sales,14.0,0.01
220,SwadeshiBlessings,Gross_Margin,60.0,66.67
220,SwadeshiBlessings,Revenue,120.0,0.01
220,SwadeshiBlessings,Monthly_Sales,28.0,0.01
222,Febris,Net_Margin,20.0,100.0
222,Febris,Revenue,110.0,0.01
222,Febris,Monthly_Sales,12.0,0.01
225,LeafyAffair,Gross_Margin,80.0,100.0
225,LeafyAffair,Revenue,110.0,0.01
225,LeafyAffair,Monthly_Sales,21.0,0.01
226,ScrapUncle,Gross_Margin,25.0,8.33
226,ScrapUncle,Revenue,600.0,0.03
227,SharmaJiKiAata,Gross_Margin,63.0,71.67
227,SharmaJiKiAata,Net_Margin,38.0,100.0
228,Manetain,Gross_Margin,60.0,66.67
228,Manetain,Revenue,100.0,0.01
228,Manetain,Monthly_Sales,12.0,0.01
229,GavinParis,Gross_Margin,60.0,66.67
229,GavinParis,Revenue,114.0,0.01
230,UnStop,Gross_Margin,90.0,100.0
230,UnStop,Revenue,1600.0,0.08
231,BlueTea,Net_Margin,19.0,96.67
231,BlueTea,Revenue,1000.0,0.05
232,TheGreenSnack,Monthly_Sales,25.0,0.01
233,HobbyIndia,Revenue,117.0,0.01
234,Flhexible,Gross_Margin,40.0,33.33
234,Flhexible,Net_Margin,25.0,100.0
234,Flhexible,Revenue,16.0,0.0
234,Flhexible,Monthly_Sales,3.5,0.0
235,UpThrust,Net_Margin,30.0,100.0
235,UpThrust,Revenue,300.0,0.01
235,UpThrust,Monthly_Sales,33.0,0.02
236,Zoff,Monthly_Sales,700.0,0.35
237,DesiToys,Gross_Margin,50.0,50.0
237,DesiToys,Net_Margin,18.0,93.33
237,DesiToys,Revenue,115.0,0.01
237,DesiToys,Monthly_Sales,20.0,0.01
238,CloudWorx,Monthly_Sales,14.0,0.01
241,Barosi,Gross_Margin,40.0,33.33
241,Barosi,Monthly_Sales,42.0,0.02
242,Daryaganj,Monthly_Sales,300.0,0.15
244,CELLBELL,Gross_Margin,52.0,53.33
244,CELLBELL,Monthly_Sales,400.0,0.2
245,Tipayi,Gross_Margin,35.0,25.0
245,Tipayi,Net_Margin,26.0,100.0
245,Tipayi,Revenue,21.0,0.0
245,Tipayi,Monthly_Sales,0.5,0.0
247,Nirmalaya,Monthly_Sales,80.0,0.04
248,Pabiben,Gross_Margin,50.0,50.0
248,Pabiben,Net_Margin,35.0,100.0
249,Homestrap,Gross_Margin,55.0,58.33
251,Deyor,Gross_Margin,25.0,8.33
251,Deyor,Net_Margin,5.0,50.0
253,TheHealthyBinge,Monthly_Sales,11.0,0.01
254,Freakins,Gross_Margin,63.0,71.67
255,Perfora,Gross_Margin,57.0,61.67
256,MidNightAngelsByPC,Gross_Margin,83.0,100.0
256,MidNightAngelsByPC,Net_Margin,20.0,100.0
256,MidNightAngelsByPC,Revenue,180.0,0.01
257,CureSee,Revenue,0.0,0.0
257,CureSee,Monthly_Sales,264.0,0.13
258,MeduLance,Net_Margin,24.0,100.0
258,MeduLance,Revenue,240.0,0.01
259,Cakelicious,Gross_Margin,60.0,66.67
259,Cakelicious,Net_Margin,40.0,100.0
259,Cakelicious,Monthly_Sales,3.0,0.0
261,Toyshine,Net_Margin,15.0,83.33
261,Toyshine,Revenue,4500.0,0.22
261,Toyshine,Monthly_Sales,450.0,0.22
263,Amrutam,Revenue,110.0,0.01
264,HoloKitab,Revenue,0.0,0.0
265,Zoe,Revenue,120.0,0.01
267,Malaki,Gross_Margin,56.0,60.0
267,Malaki,Net_Margin,13.0,76.67
267,Malaki,Revenue,270.0,0.01
267,Malaki,Monthly_Sales,42.0,0.02
268,nanoclean,Revenue,110.0,0.01
268,nanoclean,Monthly_Sales,5.0,0.0
269,DesmondJi,Revenue,1200.0,0.06
269,DesmondJi,Monthly_Sales,125.0,0.06
270,Cremeitalia,Monthly_Sales,62.0,0.03
273,GladFul,Monthly_Sales,24.0,0.01
274,Pharmallama,Monthly_Sales,24.0,0.01
275,CraveRajaFoods,Gross_Margin,70.0,83.33
275,CraveRajaFoods,Net_Margin,3.0,46.0
275,CraveRajaFoods,Revenue,256.0,0.01
275,CraveRajaFoods,Monthly_Sales,20.0,0.01
276,VAPerfume,Gross_Margin,56.0,60.0
276,VAPerfume,Net_Margin,35.0,100.0
277,Hood,Revenue,0.0,0.0
278,TwistingScoops,Net_Margin,40.0,100.0
279,GROWiT,Gross_Margin,22.0,3.33
280,Makino,Gross_Margin,40.0,33.33
280,Makino,Monthly_Sales,2.5,0.0
282,Wol3D,Gross_Margin,30.0,16.67
283,What'sUpWellness,Monthly_Sales,30.0,0.01
285,DrCubes,Gross_Margin,45.0,41.67
285,DrCubes,Net_Margin,35.0,100.0
285,DrCubes,Revenue,75.0,0.0
286,MetroRide,Revenue,54.0,0.0
286,MetroRide,Monthly_Sales,25.0,0.01
287,Conker,Gross_Margin,50.0,50.0
287,Conker,Net_Margin,8.0,60.0
287,Conker,Revenue,120.0,0.01
287,Conker,Monthly_Sales,22.0,0.01
290,Aadvik,Revenue,720.0,0.04
290,Aadvik,Monthly_Sales,50.0,0.03
291,oyehappy,Gross_Margin,80.0,100.0
291,oyehappy,Revenue,1005.0,0.05
291,oyehappy,Monthly_Sales,80.0,0.04
292,HealthyMaster,Gross_Margin,45.0,41.67
292,HealthyMaster,Monthly_Sales,20.0,0.01
295,WaggyZone,Gross_Margin,60.0,66.67
295,WaggyZone,Revenue,0.0,0.0
295,WaggyZone,Monthly_Sales,1.0,0.0
296,NutriCook,Revenue,13.0,0.0
297,Subhag,Monthly_Sales,0.0,0.0
298,SinghStyled,Monthly_Sales,7.5,0.0
299,ZSportsTech,Revenue,31.0,0.0
301,VsnapU,Monthly_Sales,15.0,0.01
302,TheHealthyFactory,Gross_Margin,56.0,60.0
303,Brevistay,Monthly_Sales,42.0,0.02
305,TheBigBookBoxChapterOneBooks,Revenue,140.0,0.01
306,Rubans,Revenue,5100.0,0.26
308,BottomLineSprays,Monthly_Sales,2.0,0.0
309,LilGoodness,Gross_Margin,65.0,75.0
309,LilGoodness,Monthly_Sales,145.0,0.07
310,ForeverModest,Monthly_Sales,4.2,0.0
314,NishHair,Net_Margin,30.0,100.0
314,NishHair,Revenue,670.0,0.03
314,NishHair,Monthly_Sales,80.0,0.04
316,GODESi,Monthly_Sales,270.0,0.14
318,Naara-Aaba,Gross_Margin,50.0,50.0
318,Naara-Aaba,Net_Margin,18.0,93.33
319,StyloBug,Net_Margin,18.0,93.33
319,StyloBug,Revenue,1400.0,0.07
319,StyloBug,Monthly_Sales,46.0,0.02
320,ZenOnco,Monthly_Sales,21.0,0.01
321,HonestHome,Net_Margin,5.0,50.0
321,HonestHome,Revenue,1400.0,0.07
321,HonestHome,Monthly_Sales,142.0,0.07
322,AdilQadri,Gross_Margin,70.0,83.33
322,AdilQadri,Revenue,2070.0,0.1
322,AdilQadri,Monthly_Sales,600.0,0.3
323,ConsciousChemist,Revenue,450.0,0.02
323,ConsciousChemist,Monthly_Sales,85.0,0.04
324,TheCinnamonKitchen,Revenue,82.0,0.0
325,WtfGyms,Monthly_Sales,65.0,0.03
326,Intervue,Revenue,870.0,0.04
327,RodBez,Monthly_Sales,6.0,0.0
328,Blix,Gross_Margin,50.0,50.0
328,Blix,Revenue,400.0,0.02
328,Blix,Monthly_Sales,36.0,0.02
329,Homversity,Monthly_Sales,100.0,0.05
330,TURMS,Revenue,70.0,0.0
330,TURMS,Monthly_Sales,86.0,0.04
331,mintree,Revenue,900.0,0.04
333,DilFoods,Revenue,700.0,0.03
335,Bartisans,Gross_Margin,70.0,83.33
335,Bartisans,Revenue,143.0,0.01
335,Bartisans,Monthly_Sales,35.0,0.02
336,Aretto,Gross_Margin,57.0,61.67
336,Aretto,Revenue,700.0,0.03
336,Aretto,Monthly_Sales,60.0,0.03
337,Kalakaram,Net_Margin,23.0,100.0
337,Kalakaram,Revenue,500.0,0.03
337,Kalakaram,Monthly_Sales,50.0,0.03
338,NabhiSutra,Net_Margin,8.0,60.0
338,NabhiSutra,Revenue,450.0,0.02
338,NabhiSutra,Monthly_Sales,50.0,0.03
339,Zorko,Gross_Margin,40.0,33.33
339,Zorko,Net_Margin,20.0,100.0
339,Zorko,Revenue,3000.0,0.15
339,Zorko,Monthly_Sales,240.0,0.12
340,Tramboo,Net_Margin,25.0,100.0
340,Tramboo,Revenue,600.0,0.03
340,Tramboo,Monthly_Sales,18.0,0.01
341,WeHear,Revenue,282.0,0.01
341,WeHear,Monthly_Sales,93.0,0.05
342,Tiggle,Revenue,150.0,0.01
342,Tiggle,Monthly_Sales,12.0,0.01
345,PizzaGalleria,Net_Margin,15.0,83.33
345,PizzaGalleria,Revenue,115.0,0.01
348,GoenchiFeni,Gross_Margin,42.0,36.67
349,Arata,Net_Margin,5.0,50.0
349,Arata,Revenue,170.0,0.01
349,Arata,Monthly_Sales,200.0,0.1
350,Vecros,Revenue,0.0,0.0
350,Vecros,Monthly_Sales,9.0,0.0
352,EvaScalp,Gross_Margin,85.0,100.0
352,EvaScalp,Revenue,59.0,0.0
352,EvaScalp,Monthly_Sales,10.0,0.01
353,Elitty,Gross_Margin,36.0,26.67
353,Elitty,Revenue,113.0,0.01
353,Elitty,Monthly_Sales,11.0,0.01
354,HoneyTwigs,Revenue,400.0,0.02
354,HoneyTwigs,Monthly_Sales,35.0,0.02
355,Koparo,Revenue,450.0,0.02
355,Koparo,Monthly_Sales,80.0,0.04
356,2Ballz,Monthly_Sales,164.0,0.08
357,JewelBox,Revenue,520.0,0.03
358,DaakRoom,Revenue,90.0,0.0
359,Nuvedo,Revenue,25.0,0.0
361,RajaRaniCoaching,Revenue,200.0,0.01
362,DecodeAge,Gross_Margin,70.0,83.33
362,DecodeAge,Revenue,1100.0,0.06
363,ALittleExtra,Net_Margin,11.0,70.0
363,ALittleExtra,Revenue,122.0,0.01
364,Assembly,Revenue,1150.0,0.06
365,NasherMiles,Revenue,5700.0,0.29
366,AltCo,Revenue,1000.0,0.05
366,AltCo,Monthly_Sales,110.0,0.06
368,Kibo,Net_Margin,30.0,100.0
368,Kibo,Revenue,135.0,0.01
369,VOLD,Gross_Margin,38.0,30.0
369,VOLD,Net_Margin,25.0,100.0
369,VOLD,Monthly_Sales,3.0,0.0
370,Quirksmith,Net_Margin,4.0,48.0
370,Quirksmith,Revenue,600.0,0.03
370,Quirksmith,Monthly_Sales,75.0,0.04
371,UrbanSpace,Revenue,2050.0,0.1
371,UrbanSpace,Monthly_Sales,800.0,0.4
373,EcoBiotraps,Gross_Margin,25.0,8.33
373,EcoBiotraps,Net_Margin,4.0,48.0
373,EcoBiotraps,Revenue,84.0,0.0
373,EcoBiotraps,Monthly_Sales,8.0,0.0
374,Hoora,Gross_Margin,60.0,66.67
374,Hoora,Monthly_Sales,31.0,0.02
375,YesMadam,Revenue,5000.0,0.25
376,Zerodor,Net_Margin,7.0,56.67
376,Zerodor,Revenue,280.0,0.01
377,ToffeeCoffeeRoasters,Gross_Margin,62.0,70.0
377,ToffeeCoffeeRoasters,Revenue,230.0,0.01
377,ToffeeCoffeeRoasters,Monthly_Sales,33.0,0.02
378,PushSports,Revenue,900.0,0.04
378,PushSports,Monthly_Sales,50.0,0.03
379,ORBO,Monthly_Sales,18.0,0.01
380,CannazoIndia,Revenue,50.0,0.0
380,CannazoIndia,Monthly_Sales,18.0,0.01
381,Chefling,Gross_Margin,70.0,83.33
381,Chefling,Net_Margin,45.0,100.0
381,Chefling,Revenue,20.0,0.0
381,Chefling,Monthly_Sales,2.0,0.0
382,IntenseFocus,Gross_Margin,60.0,66.67
382,IntenseFocus,Revenue,825.0,0.04
382,IntenseFocus,Monthly_Sales,100.0,0.05
383,MilletAmma,Revenue,220.0,0.01
383,MilletAmma,Monthly_Sales,33.0,0.02
384,D'chica,Revenue,1030.0,0.05
384,D'chica,Monthly_Sales,120.0,0.06
385,Refit,Gross_Margin,14.0,0.0
385,Refit,Revenue,18700.0,0.94
385,Refit,Monthly_Sales,3500.0,1.75
386,HouseOfBeautyIndia,Monthly_Sales,40.0,0.02
387,Artinci,Gross_Margin,62.0,70.0
387,Artinci,Revenue,440.0,0.02
387,Artinci,Monthly_Sales,33.0,0.02
389,Aastey,Monthly_Sales,150.0,0.07
391,Rubbabu,Revenue,400.0,0.02
391,Rubbabu,Monthly_Sales,52.0,0.03
392,GulaboJaipur,EBITDA_Margin_Calculated,3.333333333333333,38.89
392,GulaboJaipur,Revenue,450.0,0.02
392,GulaboJaipur,Monthly_Sales,72.0,0.04
393,AristaVault,Revenue,360.0,0.02
393,AristaVault,Monthly_Sales,65.0,0.03
396,Aroleap,Revenue,100.0,0.01
397,Cosmix,EBITDA_Margin_Calculated,1.4666666666666666,35.78
397,Cosmix,Gross_Margin,70.0,83.33
397,Cosmix,Revenue,750.0,0.04
398,Fabriclore,Revenue,1000.0,0.05
400,GridMats,Revenue,450.0,0.02
401,UnclePetersPanCakes,EBITDA_Margin_Calculated,1.4285714285714286,35.71
401,UnclePetersPanCakes,Revenue,1400.0,0.07
401,UnclePetersPanCakes,Monthly_Sales,210.0,0.1
402,CreativeHatti,Revenue,400.0,0.02
402,CreativeHatti,Monthly_Sales,55.0,0.03
403,CandidMen,EBITDA_Margin_Calculated,15.714285714285714,64.29
403,CandidMen,Revenue,210.0,0.01
404,Flyrobe,Net_Margin,16.0,86.67
404,Flyrobe,Revenue,290.0,0.01
404,Flyrobe,Monthly_Sales,63.0,0.03
405,WiseLife,EBITDA_Margin_Calculated,1.25,35.42
405,WiseLife,Net_Margin,3.0,46.0
405,WiseLife,Revenue,400.0,0.02
405,WiseLife,Monthly_Sales,100.0,0.05
407,Eatverse,EBITDA_Margin_Calculated,5.607476635514018,42.68
407,Eatverse,Revenue,107.0,0.01
407,Eatverse,Monthly_Sales,172.0,0.09
408,AvataarSkincare,Gross_Margin,87.0,100.0
408,AvataarSkincare,Monthly_Sales,60.0,0.03
410,KryzenBiotech,Revenue,225.0,0.01
411,FOMO,Gross_Margin,50.0,50.0
411,FOMO,Monthly_Sales,3.4,0.0
414,TheShellHair,Net_Margin,35.0,100.0
414,TheShellHair,Revenue,120.0,0.01
414,TheShellHair,Monthly_Sales,9.73,0.0
415,Rize,Revenue,0.0,0.0
417,BaccaBucci,EBITDA_Margin_Calculated,0.1489361702127659,33.58
417,BaccaBucci,Gross_Margin,55.0,58.33
417,BaccaBucci,Revenue,4700.0,0.24
419,BeUNatural,Net_Margin,25.0,100.0
419,BeUNatural,Revenue,400.0,0.02
419,BeUNatural,Monthly_Sales,28.0,0.01
420,Erotissch,EBITDA_Margin_Calculated,2.631578947368421,37.72
420,Erotissch,Gross_Margin,63.0,71.67
420,Erotissch,Net_Margin,1.0,42.0
420,Erotissch,Revenue,380.0,0.02
421,Niblerzz,EBITDA_Margin_Calculated,-125.0,0.0
421,Niblerzz,Revenue,16.0,0.0
421,Niblerzz,Monthly_Sales,5.5,0.0
422,Sorich,Gross_Margin,48.0,46.67
422,Sorich,Revenue,706.0,0.04
422,Sorich,Monthly_Sales,55.0,0.03
423,LittleBox,EBITDA_Margin_Calculated,0.4166666666666667,34.03
423,LittleBox,Gross_Margin,50.0,50.0
423,LittleBox,Revenue,3600.0,0.18
423,LittleBox,Monthly_Sales,200.0,0.1
424,CremeCastle,EBITDA_Margin_Calculated,2.638888888888889,37.73
424,CremeCastle,Gross_Margin,65.0,75.0
424,CremeCastle,Revenue,720.0,0.04
425,Namakwali,Net_Margin,17.0,90.0
425,Namakwali,Revenue,38.0,0.0
425,Namakwali,Monthly_Sales,3.0,0.0
426,KariboCosmetics,Gross_Margin,60.0,66.67
426,KariboCosmetics,Net_Margin,50.0,100.0
426,KariboCosmetics,Revenue,80.0,0.0
427,Deeva,EBITDA_Margin_Calculated,5.0,41.67
427,Deeva,Gross_Margin,60.0,66.67
427,Deeva,Revenue,700.0,0.03
427,Deeva,Monthly_Sales,58.0,0.03
428,DesignTemplate,Revenue,160.0,0.01
428,DesignTemplate,Monthly_Sales,16.0,0.01
429,Sama,Net_Margin,25.0,100.0
429,Sama,Revenue,640.0,0.03
429,Sama,Monthly_Sales,100.0,0.05
430,GoldenFeathers,Revenue,150.0,0.01
432,Cup-ji,Gross_Margin,40.0,33.33
432,Cup-ji,Revenue,62.0,0.0
432,Cup-ji,Monthly_Sales,3.5,0.0
433,AToddlerThing,EBITDA_Margin_Calculated,0.8368200836820083,34.73
433,AToddlerThing,Gross_Margin,52.0,53.33
433,AToddlerThing,Revenue,478.0,0.02
433,AToddlerThing,Monthly_Sales,73.0,0.04
434,FlexifyMe,Gross_Margin,60.0,66.67
434,FlexifyMe,Monthly_Sales,33.0,0.02
436,iDreamCareer,Revenue,840.0,0.04
438,Fit&Flex,EBITDA_Margin_Calculated,1.0869565217391304,35.14
438,Fit&Flex,Net_Margin,8.0,60.0
438,Fit&Flex,Revenue,460.0,0.02
439,Sukham,Revenue,47.0,0.0
439,Sukham,Monthly_Sales,21.0,0.01
440,Smotect,EBITDA_Margin_Calculated,6.405693950177936,44.01
440,Smotect,Gross_Margin,80.0,100.0
440,Smotect,Revenue,281.0,0.01
440,Smotect,Monthly_Sales,100.0,0.05
441,Katidhan,Gross_Margin,50.0,50.0
441,Katidhan,Net_Margin,30.0,100.0
441,Katidhan,Revenue,60.0,0.0
442,NEMAAI,Monthly_Sales,0.3,0.0
444,SpecOps,Gross_Margin,20.0,0.0
444,SpecOps,Net_Margin,8.0,60.0
444,SpecOps,Revenue,626.0,0.03
444,SpecOps,Monthly_Sales,70.0,0.03
445,KaabilKids,Monthly_Sales,29.0,0.01
446,OddGiraffe,Gross_Margin,80.0,100.0
446,OddGiraffe,Revenue,410.0,0.02
446,OddGiraffe,Monthly_Sales,27.0,0.01
447,Nemocare,Gross_Margin,66.0,76.67
447,Nemocare,Revenue,90.0,0.0
448,WhySoBlue,Net_Margin,10.0,66.67
448,WhySoBlue,Revenue,300.0,0.01
449,CoratiaTechnologies,Revenue,128.0,0.01
450,Coolant,Revenue,110.0,0.01
451,Xmachines,Revenue,0.0,0.0
452,Luvottica,Gross_Margin,80.0,100.0
452,Luvottica,Net_Margin,30.0,100.0
452,Luvottica,Revenue,100.0,0.01
453,FarmDidi,Gross_Margin,65.0,75.0
453,FarmDidi,Revenue,60.0,0.0
453,FarmDidi,Monthly_Sales,10.0,0.01
454,Popcorn,EBITDA_Margin_Calculated,-5.555555555555555,24.07
454,Popcorn,Gross_Margin,65.0,75.0
454,Popcorn,Net_Margin,15.0,83.33
454,Popcorn,Revenue,180.0,0.01
455,Prorata,Revenue,0.0,0.0
456,Indigifts,EBITDA_Margin_Calculated,1.0135135135135136,35.02
456,Indigifts,Gross_Margin,75.0,91.67
456,Indigifts,Revenue,740.0,0.04
456,Indigifts,Monthly_Sales,76.0,0.04
457,AlienVersions,Revenue,0.0,0.0
458,Rocca,Gross_Margin,60.0,66.67
458,Rocca,Revenue,250.0,0.01
458,Rocca,Monthly_Sales,9.5,0.0
459,KikoLive,Revenue,25.0,0.0
459,KikoLive,Monthly_Sales,3.0,0.0
460,Melooha,Revenue,0.0,0.0
461,FUTRStudios,Revenue,46.0,0.0
462,Allter,EBITDA_Margin_Calculated,-0.6,32.33
462,Allter,Revenue,1000.0,0.05
463,FirstBudOrganics,EBITDA_Margin_Calculated,10.0,50.0
463,FirstBudOrganics,Revenue,150.0,0.01
463,FirstBudOrganics,Monthly_Sales,22.0,0.01
464,Shararat,Revenue,330.0,0.02
464,Shararat,Monthly_Sales,27.0,0.01
465,Competishun,Revenue,1025.0,0.05
466,BombayClosetCleanse,Net_Margin,15.0,83.33
466,BombayClosetCleanse,Revenue,190.0,0.01
466,BombayClosetCleanse,Monthly_Sales,20.0,0.01
467,KioskKaffee,Net_Margin,9.0,63.33
467,KioskKaffee,Revenue,840.0,0.04
468,NeonAttack,Net_Margin,15.0,83.33
468,NeonAttack,Revenue,1000.0,0.05
468,NeonAttack,Monthly_Sales,63.0,0.03
469,PTal,EBITDA_Margin_Calculated,1.507537688442211,35.85
469,PTal,Revenue,398.0,0.02
472,Lea,EBITDA_Margin_Calculated,6.666666666666667,44.44
472,Lea,Gross_Margin,80.0,100.0
472,Lea,Revenue,300.0,0.01
472,Lea,Monthly_Sales,60.0,0.03
474,Rentit4me,Gross_Margin,36.0,26.67
474,Rentit4me,Net_Margin,12.0,73.33
474,Rentit4me,Revenue,142.0,0.01
474,Rentit4me,Monthly_Sales,23.0,0.01
475,CoolTheGlobe,Revenue,0.0,0.0
476,Canvaloop,EBITDA_Margin_Calculated,8.4375,47.4
476,Canvaloop,Revenue,320.0,0.02
476,Canvaloop,Monthly_Sales,120.0,0.06
477,DigitalPaani,Gross_Margin,30.0,16.67
477,DigitalPaani,Revenue,220.0,0.01
478,FAEBeauty,EBITDA_Margin_Calculated,1.2,35.33
478,FAEBeauty,Revenue,1000.0,0.05
479,CONFECT,Monthly_Sales,125.0,0.06
480,Indulge,Monthly_Sales,30.0,0.01
481,BLFabric,Net_Margin,10.0,66.67
481,BLFabric,Revenue,525.0,0.03
481,BLFabric,Monthly_Sales,240.0,0.12
482,CultureCircle,Monthly_Sales,44.0,0.02
484,NOOE,Net_Margin,40.0,100.0
484,NOOE,Monthly_Sales,50.0,0.03
485,GoZero,Gross_Margin,70.0,83.33
485,GoZero,Monthly_Sales,330.0,0.17
487,Gudworld,EBITDA_Margin_Calculated,2.3666666666666667,37.28
487,Gudworld,Revenue,600.0,0.03
487,Gudworld,Monthly_Sales,69.0,0.03
488,airth,Revenue,600.0,0.03
488,airth,Monthly_Sales,40.0,0.02
489,OneDios,Revenue,357.0,0.02
491,PersonalTouchSkincare,EBITDA_Margin_Calculated,1.1666666666666667,35.28
491,PersonalTouchSkincare,Revenue,1200.0,0.06
492,KIWIKisanWindow,EBITDA_Margin_Calculated,1.0474308300395256,35.08
492,KIWIKisanWindow,Revenue,506.0,0.03
493,TripoleGear,EBITDA_Margin_Calculated,0.4225352112676055,34.04
493,TripoleGear,Gross_Margin,47.0,45.0
493,TripoleGear,Revenue,1420.0,0.07
493,TripoleGear,Monthly_Sales,160.0,0.08
495,MissCheesecake,Gross_Margin,50.0,50.0
495,MissCheesecake,Net_Margin,35.0,100.0
495,MissCheesecake,Monthly_Sales,850.0,0.43
496,SpeedKitchen,EBITDA_Margin_Calculated,0.8181818181818182,34.7
496,SpeedKitchen,Net_Margin,2.0,44.0
496,SpeedKitchen,Revenue,550.0,0.03
497,MudgarClub,Monthly_Sales,10.0,0.01
498,ImagiMake,Revenue,5600.0,0.28
499,BeastLife,Monthly_Sales,23.0,0.01
500,GoDevil,Gross_Margin,60.0,66.67
500,GoDevil,Revenue,275.0,0.01
500,GoDevil,Monthly_Sales,51.0,0.03
501,Havintha,Revenue,500.0,0.03
501,Havintha,Monthly_Sales,62.0,0.03
502,NurturingGreen,EBITDA_Margin_Calculated,0.1785714285714285,33.63
502,NurturingGreen,Revenue,2800.0,0.14
502,NurturingGreen,Monthly_Sales,400.0,0.2
503,kyari,Gross_Margin,70.0,83.33
503,kyari,Revenue,1048.0,0.05
503,kyari,Monthly_Sales,263.0,0.13
506,PrettyLittleShop,Gross_Margin,77.0,95.0
506,PrettyLittleShop,Net_Margin,62.0,100.0
506,PrettyLittleShop,Monthly_Sales,86.0,0.04
507,Aquapeya,EBITDA_Margin_Calculated,1.3333333333333337,35.56
507,Aquapeya,Revenue,1200.0,0.06
508,Jarsh,Monthly_Sales,50.0,0.03
509,DACBY,Gross_Margin,24.0,6.67
509,DACBY,Monthly_Sales,30.0,0.01
510,Shyle,Revenue,1500.0,0.07
510,Shyle,Monthly_Sales,120.0,0.06
511,SavaniHeritage,Net_Margin,9.0,63.33
511,SavaniHeritage,Revenue,12400.0,0.62
512,SNEAKINN,EBITDA_Margin_Calculated,2.5423728813559325,37.57
512,SNEAKINN,Gross_Margin,43.0,38.33
512,SNEAKINN,Revenue,590.0,0.03
513,fupro,EBITDA_Margin_Calculated,7.6,46.0
513,fupro,Gross_Margin,45.0,41.67
513,fupro,Revenue,250.0,0.01
514,Kanvas,Net_Margin,15.0,83.33
514,Kanvas,Revenue,77.0,0.0
515,ezo,Revenue,1200.0,0.06
516,Seven,Revenue,61.0,0.0
517,TheFutureAnimations,Net_Margin,40.0,100.0
517,TheFutureAnimations,Revenue,160.0,0.01
517,TheFutureAnimations,Monthly_Sales,8.0,0.0
519,Rosha,Net_Margin,15.0,83.33
519,Rosha,Revenue,800.0,0.04
521,PatchUp,Gross_Margin,90.0,100.0
522,tikitoro,Gross_Margin,68.0,80.0
522,tikitoro,Revenue,850.0,0.04
523,Ashva,Gross_Margin,49.0,48.33
523,Ashva,Revenue,70.0,0.0
524,AseemShakti,Net_Margin,20.0,100.0
524,AseemShakti,Revenue,130.0,0.01
525,RBDMachineTools,Net_Margin,8.0,60.0
525,RBDMachineTools,Revenue,1437.0,0.07
525,RBDMachineTools,Monthly_Sales,267.0,0.13
527,GoodlandPickleball,EBITDA_Margin_Calculated,18.51851851851852,71.3
527,GoodlandPickleball,Revenue,270.0,0.01
528,TheNaturikCo,Gross_Margin,69.0,81.67
528,TheNaturikCo,Revenue,582.0,0.03
529,Metashot,Revenue,819.0,0.04
530,GabruDiChaap,EBITDA_Margin_Calculated,2.710027100271003,37.85
530,GabruDiChaap,Revenue,738.0,0.04
530,GabruDiChaap,Monthly_Sales,94.0,0.05
531,YaanMan,Revenue,35.0,0.0
532,SonicLamb,Revenue,100.0,0.01
532,SonicLamb,Monthly_Sales,28.0,0.01
533,Woolah,EBITDA_Margin_Calculated,1.0,35.0
533,Woolah,Revenue,200.0,0.01
533,Woolah,Monthly_Sales,19.0,0.01
534,EM5,Gross_Margin,70.0,83.33
534,EM5,Revenue,835.0,0.04
534,EM5,Monthly_Sales,170.0,0.08
535,WomanLikeU,EBITDA_Margin_Calculated,2.127659574468085,36.88
535,WomanLikeU,Revenue,470.0,0.02
535,WomanLikeU,Monthly_Sales,72.0,0.04
536,BookLeafPublishing,EBITDA_Margin_Calculated,5.3125,42.19
536,BookLeafPublishing,Revenue,320.0,0.02
537,Str8bat,Revenue,120.0,0.01
537,Str8bat,Monthly_Sales,18.0,0.01
538,Ruby'sOrganics,Revenue,450.0,0.02
539,TheGoodDoll,Revenue,70.0,0.0
541,ClapStoreToys,EBITDA_Margin_Calculated,7.086614173228346,45.14
541,ClapStoreToys,Revenue,254.0,0.01
541,ClapStoreToys,Monthly_Sales,62.0,0.03
542,RahejaSolarFoodProcessing,Gross_Margin,15.0,0.0
542,RahejaSolarFoodProcessing,Revenue,700.0,0.03
543,Wanderlooms,Revenue,261.0,0.01
543,Wanderlooms,Monthly_Sales,32.0,0.02
544,Ugees,Revenue,175.0,0.01
544,Ugees,Monthly_Sales,29.0,0.01
545,Alt.fCoworking,EBITDA_Margin_Calculated,0.3333333333333333,33.89
545,Alt.fCoworking,Revenue,3000.0,0.15
546,BurgerBae,EBITDA_Margin_Calculated,1.2711864406779665,35.45
546,BurgerBae,Net_Margin,5.0,50.0
546,BurgerBae,Revenue,1180.0,0.06
546,BurgerBae,Monthly_Sales,92.0,0.05
547,BobaBhai,Monthly_Sales,170.0,0.08
548,Hexafun,Revenue,320.0,0.02
548,Hexafun,Monthly_Sales,57.0,0.03
549,RepeatGud,Monthly_Sales,1.0,0.0
550,SkateSupplyIndia,Net_Margin,9.0,63.33
550,SkateSupplyIndia,Revenue,85.0,0.0
551,UtopianDrinks,Revenue,2915.0,0.15
551,UtopianDrinks,Monthly_Sales,7.0,0.0
552,GOFIG,Gross_Margin,35.0,25.0
552,GOFIG,Monthly_Sales,2.27,0.0
553,Joyspoon,Monthly_Sales,13.0,0.01
554,bambinos,Revenue,110.0,0.01
555,FundooLabs,EBITDA_Margin_Calculated,12.0,55.0
555,FundooLabs,Revenue,150.0,0.01
555,FundooLabs,Monthly_Sales,32.0,0.02
556,Gaon,Net_Margin,7.0,56.67
556,Gaon,Revenue,550.0,0.03
556,Gaon,Monthly_Sales,49.0,0.02
557,EriWeave,EBITDA_Margin_Calculated,111.11111111111111,100.0
557,EriWeave,Revenue,18.0,0.0
557,EriWeave,Monthly_Sales,2.2,0.0
558,PaleooBakes,Net_Margin,39.0,100.0
558,PaleooBakes,Revenue,150.0,0.01
559,NeuraSim,Revenue,0.0,0.0
560,Offmint,Monthly_Sales,40.0,0.02
561,Chokhat,EBITDA_Margin_Calculated,32.72727272727273,100.0
561,Chokhat,Net_Margin,8.0,60.0
561,Chokhat,Revenue,55.0,0.0
562,ZenmaCoffee,Monthly_Sales,8.0,0.0
563,TheEleFant,Gross_Margin,58.0,63.33
564,BetterNutrition,Gross_Margin,40.0,33.33
564,BetterNutrition,Net_Margin,20.0,100.0
564,BetterNutrition,Revenue,1000.0,0.05
565,PinqPolka,Gross_Margin,74.0,90.0
565,PinqPolka,Revenue,363.0,0.02
570,HealthFab,Revenue,834.0,0.04
571,PieMatrix,EBITDA_Margin_Calculated,13.333333333333334,58.33
571,PieMatrix,Revenue,165.0,0.01
572,Sudathi,Monthly_Sales,2.66,0.0
575,DreamSmile,Gross_Margin,67.0,78.33
577,Palmonas,EBITDA_Margin_Calculated,0.8888888888888888,34.81
577,Palmonas,Gross_Margin,76.0,93.33
577,Palmonas,Revenue,1350.0,0.07
579,Nidhi'sGrandmaaSecret,EBITDA_Margin_Calculated,1.25,35.42
579,Nidhi'sGrandmaaSecret,Revenue,400.0,0.02
580,Solnce,EBITDA_Margin_Calculated,0.4058367533059736,34.01
580,Solnce,Gross_Margin,13.0,0.0
580,Solnce,Revenue,2193.0,0.11
581,BornGood,EBITDA_Margin_Calculated,-7.41444866920152,20.98
581,BornGood,Revenue,526.0,0.03
581,BornGood,Monthly_Sales,70.0,0.03
582,DorabiAndAmili,EBITDA_Margin_Calculated,3.768115942028986,39.61
582,DorabiAndAmili,Revenue,345.0,0.02
583,ZebraLearn,Revenue,1070.0,0.05
583,ZebraLearn,Monthly_Sales,164.0,0.08
584,ExclusiveLane,EBITDA_Margin_Calculated,0.2142857142857143,33.69
584,ExclusiveLane,Revenue,1400.0,0.07
586,PanchalDairy,Revenue,178.0,0.01
587,MusicPandit,Monthly_Sales,19.0,0.01
588,Cograd,Revenue,192.0,0.01
589,EatBetterCo,EBITDA_Margin_Calculated,0.0,33.33
589,EatBetterCo,Revenue,1447.0,0.07
590,Earthful,EBITDA_Margin_Calculated,-1.98581560283688,30.02
590,Earthful,Revenue,705.0,0.04
591,Trajectory,EBITDA_Margin_Calculated,3.387096774193549,38.98
591,Trajectory,Revenue,620.0,0.03
591,Trajectory,Monthly_Sales,100.0,0.05
592,KaviThePoetry-ArtProject,Net_Margin,20.0,100.0
592,KaviThePoetry-ArtProject,Revenue,356.0,0.02
592,KaviThePoetry-ArtProject,Monthly_Sales,36.0,0.02
593,F2DF,Revenue,924.0,0.05
595,MomsHome,EBITDA_Margin_Calculated,0.24,33.73
595,MomsHome,Revenue,1250.0,0.06
595,MomsHome,Monthly_Sales,180.0,0.09
596,Catwalk,Gross_Margin,65.0,75.0
596,Catwalk,Monthly_Sales,6.0,0.0
597,Beautywise,EBITDA_Margin_Calculated,1.1940298507462688,35.32
597,Beautywise,Revenue,670.0,0.03
599,TheHousePartyBySavar,EBITDA_Margin_Calculated,8.152173913043478,46.92
599,TheHousePartyBySavar,Revenue,368.0,0.02
600,GlowGlossary,Gross_Margin,58.0,63.33
600,GlowGlossary,Net_Margin,31.0,100.0
601,SinghDentalCare,EBITDA_Margin_Calculated,50.0,100.0
601,SinghDentalCare,Revenue,90.0,0.0
602,TribalVeda,Gross_Margin,47.0,45.0
602,TribalVeda,Revenue,174.0,0.01
603,Anuvad,Revenue,22.0,0.0
604,Fitelo,Gross_Margin,70.0,83.33
604,Fitelo,Revenue,9100.0,0.46
604,Fitelo,Monthly_Sales,750.0,0.38
605,Nanighar,Monthly_Sales,64.0,0.03
606,GoodMonk,Gross_Margin,75.0,91.67
606,GoodMonk,Revenue,200.0,0.01
606,GoodMonk,Monthly_Sales,35.0,0.02
607,Artbuzz,EBITDA_Margin_Calculated,-2.6455026455026456,28.92
607,Artbuzz,Revenue,378.0,0.02
608,Tulua,EBITDA_Margin_Calculated,1.0344827586206895,35.06
608,Tulua,Revenue,290.0,0.01
608,Tulua,Monthly_Sales,45.0,0.02
609,Taffykids,EBITDA_Margin_Calculated,1.0,35.0
609,Taffykids,Gross_Margin,75.0,91.67
609,Taffykids,Revenue,1200.0,0.06
609,Taffykids,Monthly_Sales,150.0,0.07
611,Zingavita,Gross_Margin,68.0,80.0
611,Zingavita,Revenue,860.0,0.04
611,Zingavita,Monthly_Sales,190.0,0.1
612,DhaagaLife,EBITDA_Margin_Calculated,16.666666666666664,66.67
612,DhaagaLife,Revenue,120.0,0.01
613,Tileskraft,Revenue,58.0,0.0
614,Krishnsakhi,EBITDA_Margin_Calculated,30.0,100.0
614,Krishnsakhi,Revenue,80.0,0.0
614,Krishnsakhi,Monthly_Sales,10.0,0.01
615,BoreCharger,EBITDA_Margin_Calculated,4.658385093167702,41.1
615,BoreCharger,Revenue,322.0,0.02
618,Tintbox,EBITDA_Margin_Calculated,3.883495145631068,39.81
618,Tintbox,Revenue,206.0,0.01
619,EasyRugs,Monthly_Sales,8.0,0.0
620,StylesTry,EBITDA_Margin_Calculated,2.6881720430107525,37.81
620,StylesTry,Gross_Margin,43.0,38.33
620,StylesTry,Revenue,93.0,0.0
620,StylesTry,Monthly_Sales,70.0,0.03
621,Quitci,Revenue,110.0,0.01
621,Quitci,Monthly_Sales,33.0,0.02
622,FitFeast,EBITDA_Margin_Calculated,-3.571428571428571,27.38
622,FitFeast,Gross_Margin,53.0,55.0
622,FitFeast,Revenue,140.0,0.01
623,TheBearHouse,EBITDA_Margin_Calculated,0.1865284974093264,33.64
623,TheBearHouse,Revenue,9650.0,0.48
625,Nooky,Monthly_Sales,102.0,0.05
626,Subculture,Revenue,20.0,0.0
627,Woodsmen,Gross_Margin,46.0,43.33
629,Ecoil,Gross_Margin,40.0,33.33
629,Ecoil,Net_Margin,15.0,83.33
629,Ecoil,Revenue,1700.0,0.08
630,Rescript,EBITDA_Margin_Calculated,5.555555555555555,42.59
630,Rescript,Revenue,270.0,0.01
631,TickleYourArt,Revenue,20.0,0.0
632,Symbionic,Revenue,0.0,0.0
633,XLCinema,Revenue,65.0,0.0
634,TheCroffleGuys,Gross_Margin,70.0,83.33
634,TheCroffleGuys,Monthly_Sales,40.0,0.02
635,LewisiaWellness,Gross_Margin,70.0,83.33
635,LewisiaWellness,Revenue,1000.0,0.05
637,EMoMee,Revenue,0.0,0.0
638,CaptureATrip,Gross_Margin,30.0,16.67
639,Loopie,Monthly_Sales,45.0,0.02
642,Panteazy,Monthly_Sales,7.5,0.0
643,GoatLife,Monthly_Sales,90.0,0.04
644,Planyt,Revenue,0.0,0.0
645,Avishkaar,Revenue,2600.0,0.13
646,Emori,EBITDA_Margin_Calculated,0.967741935483871,34.95
646,Emori,Gross_Margin,35.0,25.0
646,Emori,Revenue,620.0,0.03
647,TrueDiamond,Gross_Margin,35.0,25.0
648,Smylo,Monthly_Sales,56.0,0.03
649,Nootie,EBITDA_Margin_Calculated,0.7027027027027027,34.5
649,Nootie,Gross_Margin,47.0,45.0
649,Nootie,Revenue,1850.0,0.09
650,Pistabarfi,Gross_Margin,50.0,50.0
650,Pistabarfi,Monthly_Sales,22.0,0.01
653,MyPB,Gross_Margin,85.0,100.0
655,TruthAndHair,Monthly_Sales,23.0,0.01
657,Japam,Gross_Margin,80.0,100.0
658,ZenBarefoot,Monthly_Sales,6.5,0.0
659,RIDEV,Monthly_Sales,82.0,0.04
661,TBFO,Net_Margin,16.0,86.67
664,Ayuvyaandimfresh,Gross_Margin,77.0,95.0
664,Ayuvyaandimfresh,Revenue,3500.0,0.18
667,Sampark,EBITDA_Margin_Calculated,3.7037037037037033,39.51
667,Sampark,Gross_Margin,95.0,100.0
667,Sampark,Revenue,270.0,0.01
668,Sovrenn,Revenue,300.0,0.01
671,PaperPro,Monthly_Sales,6.0,0.0
673,Gullylabs,Gross_Margin,56.0,60.0
675,RCXlight,Net_Margin,18.0,93.33
676,Awsum,Revenue,1600.0,0.08
677,Phitku,Gross_Margin,80.0,100.0
677,Phitku,Monthly_Sales,198.0,0.1
679,Pureflow,Gross_Margin,85.0,100.0
682,Urbanwipe,Gross_Margin,73.0,88.33
683,Antinorm,Monthly_Sales,31.0,0.02
685,Bonkerscorner,EBITDA_Margin_Calculated,0.16,33.6
685,Bonkerscorner,Net_Margin,14.0,80.0
685,Bonkerscorner,Revenue,12500.0,0.62
686,Bubbleme,Monthly_Sales,40.0,0.02
689,Sparshbrush,EBITDA_Margin_Calculated,4.545454545454546,40.91
689,Sparshbrush,Revenue,198.0,0.01
691,Cookiecartel,EBITDA_Margin_Calculated,-13.333333333333334,11.11
691,Cookiecartel,Revenue,150.0,0.01
693,Aabo,Revenue,62.0,0.0
694,Krvvy,Gross_Margin,59.0,65.0
695,Invogue,EBITDA_Margin_Calculated,3.207547169811321,38.68
695,Invogue,Revenue,530.0,0.03
696,Taashacraft,EBITDA_Margin_Calculated,4.888888888888889,41.48
696,Taashacraft,Gross_Margin,65.0,75.0
696,Taashacraft,Revenue,225.0,0.01
699,Wholeleaf,Gross_Margin,75.0,91.67
700,Mankomb,Gross_Margin,40.0,33.33
701,MadrasiKaapihouse,EBITDA_Margin_Calculated,-0.823045267489712,31.96
701,MadrasiKaapihouse,Revenue,243.0,0.01
701,MadrasiKaapihouse,Monthly_Sales,17.0,0.01
702,Soundverse,Monthly_Sales,86.0,0.04
703,Kilrr,Gross_Margin,65.0,75.0
704,Offline,Monthly_Sales,10.0,0.01
705,PandasBox,Revenue,877.0,0.04
706,TheBindiProject,Monthly_Sales,13.0,0.01
711,TheBingeTown,EBITDA_Margin_Calculated,0.7042253521126761,34.51
711,TheBingeTown,Revenue,2130.0,0.11
712,PropFTX,Revenue,0.0,0.0
714,Warriorworld,EBITDA_Margin_Calculated,0.5,34.17
714,Warriorworld,Gross_Margin,56.0,60.0
714,Warriorworld,Net_Margin,4.0,48.0
714,Warriorworld,Revenue,3000.0,0.15
714,Warriorworld,Monthly_Sales,180.0,0.09
715,Currently,Revenue,0.0,0.0
717,Booon,Monthly_Sales,4.0,0.0
718,MeMeraki,Revenue,400.0,0.02
719,3Sisters,Revenue,1189.0,0.06
720,Artociti,EBITDA_Margin_Calculated,2.616279069767442,37.69
720,Artociti,Gross_Margin,70.0,83.33
720,Artociti,Revenue,344.0,0.02
721,Kreo,Revenue,3200.0,0.16
722,Rosada,Revenue,670.0,0.03
723,BabyworksBySwapnil,EBITDA_Margin_Calculated,34.31372549019608,100.0
723,BabyworksBySwapnil,Revenue,102.0,0.01
724,Gramiyaa,EBITDA_Margin_Calculated,-1.1920529801324504,31.35
724,Gramiyaa,Gross_Margin,28.0,13.33
724,Gramiyaa,Revenue,1510.0,0.08
725,MamaNourish,Gross_Margin,48.0,46.67
725,MamaNourish,Revenue,120.0,0.01
726,Kelvin6k,Revenue,72.0,0.0
727,ANAApparels,EBITDA_Margin_Calculated,10.0,50.0
727,ANAApparels,Gross_Margin,74.0,90.0
727,ANAApparels,Revenue,200.0,0.01
728,EzPac,Revenue,82.0,0.0
729,Gappu,EBITDA_Margin_Calculated,21.153846153846157,77.88
729,Gappu,Gross_Margin,55.0,58.33
729,Gappu,Revenue,52.0,0.0
730,MisterVeg,EBITDA_Margin_Calculated,1.3207547169811322,35.53
730,MisterVeg,Revenue,530.0,0.03
732,Speechgears,EBITDA_Margin_Calculated,4.208416833667335,40.35
732,Speechgears,Revenue,499.0,0.02
732,Speechgears,Monthly_Sales,70.0,0.03
733,Heizen,Revenue,75.0,0.0
733,Heizen,Monthly_Sales,62.0,0.03
734,Pukaar.ai,Revenue,0.0,0.0
739,BeClinical,Gross_Margin,85.0,100.0
739,BeClinical,Monthly_Sales,35.0,0.02
741,KrimmyThickshakes,EBITDA_Margin_Calculated,23.61111111111111,84.03
741,KrimmyThickshakes,Revenue,144.0,0.01
742,CurryIt,Revenue,570.0,0.03
743,dubpro.ai,Revenue,100.0,0.01
744,Boingg,Revenue,645.0,0.03
745,Pragyan,Revenue,340.0,0.02
746,Sanchvi,EBITDA_Margin_Calculated,11.016949152542372,52.54
746,Sanchvi,Revenue,118.0,0.01
748,Edinora,Revenue,184.0,0.01
751,Modge,Revenue,250.0,0.01
751,Modge,Monthly_Sales,65.0,0.03
752,OrbitWallet,Revenue,0.0,0.0
753,Hobfit,Gross_Margin,75.0,91.67
754,Shichisoru,Monthly_Sales,11.0,0.01
756,Everaw,Gross_Margin,53.0,55.0
756,Everaw,Monthly_Sales,5.9,0.0
761,IndianHairWorld,Revenue,167.0,0.01
762,awenest,Gross_Margin,65.0,75.0
762,awenest,Revenue,352.0,0.02
762,awenest,Monthly_Sales,62.0,0.03
763,HOOKd,Gross_Margin,74.0,90.0
764,Littlecherrymom,EBITDA_Margin_Calculated,7.5396825396825395,45.9
764,Littlecherrymom,Revenue,252.0,0.01
766,SoilSens,Gross_Margin,75.0,91.67
766,SoilSens,Net_Margin,10.0,66.67
767,Flashoot,Monthly_Sales,53.0,0.03
768,NapTapGo,Revenue,120.0,0.01
770,Nytarra,EBITDA_Margin_Calculated,-3.684210526315789,27.19
770,Nytarra,Gross_Margin,72.0,86.67
770,Nytarra,Revenue,380.0,0.02
770,Nytarra,Monthly_Sales,105.0,0.05
771,BYLX,Gross_Margin,70.0,83.33
771,BYLX,Revenue,92.0,0.0
772,Greenpista,Revenue,200.0,0.01
774,SteamPRO,Gross_Margin,65.0,75.0
774,SteamPRO,Revenue,210.0,0.01
775,Uptown,Revenue,305.0,0.02
777,Dent@home,EBITDA_Margin_Calculated,6.593406593406594,44.32
777,Dent@home,Revenue,91.0,0.0
778,Marbleous,EBITDA_Margin_Calculated,25.352112676056336,88.38
778,Marbleous,Gross_Margin,70.0,83.33
778,Marbleous,Revenue,71.0,0.0
779,Fitkin,EBITDA_Margin_Calculated,5.128205128205128,41.88
779,Fitkin,Net_Margin,10.0,66.67
779,Fitkin,Revenue,234.0,0.01
781,Namovardan,Revenue,0.0,0.0
782,Circato,Revenue,0.0,0.0
783,GreenAvartan,Gross_Margin,30.0,16.67
784,DhartiAmrit,EBITDA_Margin_Calculated,5.454545454545454,42.42
784,DhartiAmrit,Revenue,110.0,0.01
786,Floreal,Gross_Margin,75.0,91.67
786,Floreal,Monthly_Sales,45.0,0.02
