Startup_Name,Scorable_Metrics,Scored_Categories,Weight_Coverage,Completeness
BluePineFoods,2,3,36.0,12.5
BoozScooters,2,3,36.0,12.5
HeartUpMySleeves,1,1,12.0,6.25
TagzFoods,2,2,24.0,12.5
HeadAndHeart,1,2,24.0,6.25
Agritourism,1,2,24.0,6.25
qZenseLabs,2,3,36.0,12.5
Peeschute,1,2,24.0,6.25
NOCD,1,1,12.0,6.25
CosIQ,4,3,36.0,25.0
JhaJiAchaar,2,3,36.0,12.5
Bummer,3,3,36.0,18.75
RevampMoto,1,1,12.0,6.25
HungryHead,1,1,12.0,6.25
ShrawaniEngineers,1,2,24.0,6.25
SkippiIcePops,1,1,12.0,6.25
Menstrupedia,2,2,24.0,12.5
Hecoll,1,2,24.0,6.25
RaisingSuperstars,1,2,24.0,6.25
Torch-it,2,3,36.0,12.5
Kavach,0,0,0.0,0.0
LaKheerDeli,1,1,12.0,6.25
BeyondSnack,3,3,36.0,18.75
VivalyfInnovations,1,2,24.0,6.25
MotionBreeze,1,2,24.0,6.25
Altor,0,0,0.0,0.0
Ariro,3,3,36.0,18.75
KabiraHandmad,3,3,36.0,18.75
Nuutjob,2,3,36.0,12.5
Meatyour,3,3,36.0,18.75
EventBeep,1,2,24.0,6.25
Gopal's56,3,3,36.0,18.75
ARRCOATSurfaceTextures,2,2,26.0,12.5
Farda,2,3,36.0,12.5
Auli,4,3,36.0,25.0
SweeDesi,0,0,0.0,0.0
LOKA,0,0,0.0,0.0
Annie,3,3,36.0,18.75
Carragreen,0,0,0.0,0.0
TheYarnBazaar,1,2,24.0,6.25
TheRenalProject,1,2,24.0,6.25
MorrikoPureFoods,1,1,12.0,6.25
GoodGoodPiggy,1,2,24.0,6.25
HammerLifestyle,1,2,24.0,6.25
PNTRobotics,0,0,0.0,0.0
Cocofit,2,2,24.0,12.5
BambooIndia,2,3,36.0,12.5
FlyingFur,0,0,0.0,0.0
BeyondWater,1,1,12.0,6.25
Let'sTry,3,3,36.0,18.75
FindYourKicksIndia,1,1,12.0,6.25
AasVidyalaya,1,2,24.0,6.25
Outbox,1,2,24.0,6.25
RoadBounce,1,2,24.0,6.25
Mommy'sKitchen,2,3,36.0,12.5
IndiaHempandCo,2,3,36.0,12.5
Otua,0,0,0.0,0.0
Anthyesti,3,2,24.0,18.75
Ethik,2,3,36.0,12.5
WeSTOCK,1,2,24.0,6.25
KetoIndia,2,3,36.0,12.5
Magiclock,1,1,12.0,6.25
TheStatePlate,2,3,36.0,12.5
Bakarmax,2,3,36.0,12.5
INACAN,1,1,12.0,6.25
Get-A-Whey,4,3,36.0,25.0
Sid07Designs,1,1,12.0,6.25
TheQuirkyNaari,1,1,12.0,6.25
HairOriginals,2,3,36.0,12.5
Poo-de-Cologne,2,3,36.0,12.5
Moonshine,2,2,24.0,12.5
Falhari,2,3,36.0,12.5
NamhyaFoods,2,2,26.0,12.5
UrbanMonkey,3,3,36.0,18.75
GuardianGears,4,3,36.0,25.0
ModernMyth,1,1,12.0,6.25
TheSassBar,3,3,36.0,18.75
KGAgrotech,1,2,24.0,6.25
NuskhaKitchen,1,1,12.0,6.25
PawsIndia,3,3,36.0,18.75
SunfoxTechnologies,2,3,36.0,12.5
Alpino,1,2,24.0,6.25
IsakFragrances,1,1,12.0,6.25
JulaaAutomation,1,2,24.0,6.25
RarePlanet,2,2,26.0,12.5
ThekaCoffee,2,3,36.0,12.5
WattTechnovations,0,0,0.0,0.0
AlisteTechnologies,3,3,36.0,18.75
InsuranceSamadhan,2,3,36.0,12.5
HumpyA2,2,2,24.0,12.5
KunafaWorld,3,3,36.0,18.75
GoldSafeSolutions,2,2,24.0,12.5
WakaoFoods,2,3,36.0,12.5
PDDFalcon,2,2,24.0,12.5
PlayBoxTV,2,3,36.0,12.5
Sippline,0,0,0.0,0.0
KabaddiAdda,3,2,24.0,18.75
ShadesofSpring,2,2,24.0,12.5
Scholify,1,2,24.0,6.25
Scrapshala,2,3,36.0,12.5
Sabjikothi,1,2,24.0,6.25
AyuRythm,0,0,0.0,0.0
Astrix,2,3,36.0,12.5
TheaAndSid,4,3,36.0,25.0
ExperentialEtc,1,2,24.0,6.25
GrowFitter,1,2,24.0,6.25
C3Med-Tech,0,0,0.0,0.0
ColourMeMad-CMM,1,1,12.0,6.25
Mavi's,1,1,12.0,6.25
TweekLabs,0,0,0.0,0.0
Proxgy,0,0,0.0,0.0
NomadFoodProject,2,3,36.0,12.5
TweeInOne,0,0,0.0,0.0
GreenProtein,2,3,36.0,12.5
On2Cook,1,2,24.0,6.25
JainShikanji,1,1,12.0,6.25
Woloo,1,2,24.0,6.25
ElcareIndia,2,2,24.0,12.5
SneaKare,1,1,12.0,6.25
FrenchCrown,2,2,24.0,12.5
StoreMyGoods,1,2,24.0,6.25
Devnagri,1,2,24.0,6.25
WitBlox,0,0,0.0,0.0
Kineer,1,1,12.0,6.25
PiChem,2,3,36.0,12.5
Clensta,1,1,12.0,6.25
InfinitiInsects,1,1,12.0,6.25
AshwaPro,0,0,0.0,0.0
Mine4Nine,1,2,24.0,6.25
StudioBeej,1,2,24.0,6.25
Sattuz,1,2,24.0,6.25
Scintiglo,1,2,24.0,6.25
Glii,0,0,0.0,0.0
StanleeIndia,0,0,0.0,0.0
SpaceKidzIndia,0,0,0.0,0.0
UrbanNaps,0,0,0.0,0.0
Gizmoswala,2,3,36.0,12.5
ZyppElectric,0,0,0.0,0.0
Picsniff,0,0,0.0,0.0
Deciwood,0,0,0.0,0.0
HappyBar,1,1,12.0,6.25
Tathastulive,0,0,0.0,0.0
BandsandCups,2,3,36.0,12.5
MyWealthProtector,1,1,12.0,6.25
TheIris,0,0,0.0,0.0
Canebot,1,2,24.0,6.25
OyeDelhiOye,0,0,0.0,0.0
InaliAssistiveTech,0,0,0.0,0.0
Meera'sCelebrations,0,0,0.0,0.0
Artment,1,1,12.0,6.25
Powertree,0,0,0.0,0.0
Eume,1,2,24.0,6.25
Hoovu,1,1,12.0,6.25
Dorji,1,1,12.0,6.25
Recode,0,0,0.0,0.0
VeryMuchIndian,2,2,24.0,12.5
WatchoutWearables,1,1,12.0,6.25
SoupX,1,2,24.0,6.25
ATMOSPHERE,0,0,0.0,0.0
Stage,0,0,0.0,0.0
Girgit,0,0,0.0,0.0
GearHeadMotors,0,0,0.0,0.0
PatilKaki,0,0,0.0,0.0
Brandsdaddy,2,3,36.0,12.5
Winston,1,1,12.0,6.25
Flatheads,0,0,0.0,0.0
OrganicSmokes,1,1,12.0,6.25
TeaFit,0,0,0.0,0.0
Haqdarshak,0,0,0.0,0.0
Bhaskar'sPuranpoliGhar,0,0,0.0,0.0
GunjanAppsStudios,1,2,24.0,6.25
TheSimplySalad,0,0,0.0,0.0
AyuSynk,0,0,0.0,0.0
AtypicalAdvantage,0,0,0.0,0.0
HouseOfChikankari,0,0,0.0,0.0
MagicOfMemories,0,0,0.0,0.0
Paradyes,1,2,24.0,6.25
Nestroots,0,0,0.0,0.0
Zillionaire,1,2,24.0,6.25
Credmate,1,1,12.0,6.25
Freebowler,0,0,0.0,0.0
ABCSports&Fitness,0,0,0.0,0.0
Primebook,0,0,0.0,0.0
DailyDump,0,0,0.0,0.0
GharSoaps,0,0,0.0,0.0
Janitri,0,0,0.0,0.0
JaipurWatchCompany,1,2,24.0,6.25
InsideFPV,0,0,0.0,0.0
Angrakhaa,0,0,0.0,0.0
Diabexy,1,1,12.0,6.25
Kyari,1,1,12.0,6.25
MoppFoods,0,0,0.0,0.0
Econiture,0,0,0.0,0.0
Dobiee,2,3,36.0,12.5
FastBeetle,2,3,36.0,12.5
Pflow,1,2,24.0,6.25
VSMani,1,1,12.0,6.25
Sepal,1,2,24.0,6.25
Solinas,1,2,24.0,6.25
AvimeeHerbal,2,3,36.0,12.5
eyenic,3,3,36.0,18.75
ekatra,3,3,36.0,18.75
Raasa,0,0,0.0,0.0
NeoMotion,1,2,24.0,6.25
licksters,2,3,36.0,12.5
Sayonara,1,2,24.0,6.25
PMV,1,2,24.0,6.25
SpiceStory,2,3,36.0,12.5
Bullspree,0,0,0.0,0.0
Snitch,0,0,0.0,0.0
Portl,1,2,24.0,6.25
FatToSlim,1,1,12.0,6.25
CheeseCake&Co.,1,1,12.0,6.25
Dabble,3,3,36.0,18.75
CloudTailor,1,1,12.0,6.25
BeUnic,2,3,36.0,12.5
Broomees,0,0,0.0,0.0
Ravel,1,1,12.0,6.25
HoneyVeda,2,2,24.0,12.5
PadCare,1,1,12.0,6.25
SwadeshiBlessings,3,3,36.0,18.75
OLL,0,0,0.0,0.0
Febris,3,3,36.0,18.75
Geeani,0,0,0.0,0.0
Amore,0,0,0.0,0.0
LeafyAffair,3,3,36.0,18.75
ScrapUncle,2,2,24.0,12.5
SharmaJiKiAata,2,2,24.0,12.5
Manetain,3,3,36.0,18.75
GavinParis,2,2,24.0,12.5
UnStop,2,2,24.0,12.5
BlueTea,2,2,24.0,12.5
TheGreenSnack,1,1,12.0,6.25
HobbyIndia,1,2,24.0,6.25
Flhexible,4,3,36.0,25.0
UpThrust,3,3,36.0,18.75
Zoff,1,1,12.0,6.25
DesiToys,4,3,36.0,25.0
CloudWorx,1,1,12.0,6.25
Mahantam,0,0,0.0,0.0
MindPeers,0,0,0.0,0.0
Barosi,2,3,36.0,12.5
Daryaganj,1,1,12.0,6.25
DhruvVidyut,0,0,0.0,0.0
CELLBELL,2,3,36.0,12.5
Tipayi,4,3,36.0,25.0
DigiQure,0,0,0.0,0.0
Nirmalaya,1,1,12.0,6.25
Pabiben,2,2,24.0,12.5
Homestrap,1,2,24.0,6.25
uBreathe,0,0,0.0,0.0
Deyor,2,2,24.0,12.5
iMumz,0,0,0.0,0.0
TheHealthyBinge,1,1,12.0,6.25
Freakins,1,2,24.0,6.25
Perfora,1,2,24.0,6.25
MidNightAngelsByPC,3,2,24.0,18.75
CureSee,2,3,36.0,12.5
MeduLance,2,2,24.0,12.5
Cakelicious,3,3,36.0,18.75
Bowled.io,0,0,0.0,0.0
Toyshine,3,3,36.0,18.75
neuphony,0,0,0.0,0.0
Amrutam,1,2,24.0,6.25
HoloKitab,1,2,24.0,6.25
Zoe,1,2,24.0,6.25
Hornback,0,0,0.0,0.0
Malaki,4,3,36.0,25.0
nanoclean,2,3,36.0,12.5
DesmondJi,2,3,36.0,12.5
Cremeitalia,1,1,12.0,6.25
nawgati,0,0,0.0,0.0
Swytchd,0,0,0.0,0.0
GladFul,1,1,12.0,6.25
Pharmallama,1,1,12.0,6.25
CraveRajaFoods,4,3,36.0,25.0
VAPerfume,2,2,24.0,12.5
Hood,1,2,24.0,6.25
TwistingScoops,1,1,14.0,6.25
GROWiT,1,2,24.0,6.25
Makino,2,3,36.0,12.5
Trunome,0,0,0.0,0.0
Wol3D,1,2,24.0,6.25
What'sUpWellness,1,1,12.0,6.25
ProostBeer,0,0,0.0,0.0
DrCubes,3,2,24.0,18.75
MetroRide,2,3,36.0,12.5
Conker,4,3,36.0,25.0
WTF,0,0,0.0,0.0
funngro,0,0,0.0,0.0
Aadvik,2,3,36.0,12.5
oyehappy,3,3,36.0,18.75
HealthyMaster,2,3,36.0,12.5
Kitsons,0,0,0.0,0.0
LondonBubble,0,0,0.0,0.0
WaggyZone,3,3,36.0,18.75
NutriCook,1,2,24.0,6.25
Subhag,1,1,12.0,6.25
SinghStyled,1,1,12.0,6.25
ZSportsTech,1,2,24.0,6.25
ThePlatedProject,0,0,0.0,0.0
VsnapU,1,1,12.0,6.25
TheHealthyFactory,1,2,24.0,6.25
Brevistay,1,1,12.0,6.25
SoulUp,0,0,0.0,0.0
TheBigBookBoxChapterOneBooks,1,2,24.0,6.25
Rubans,1,2,24.0,6.25
SameNotification,0,0,0.0,0.0
BottomLineSprays,1,1,12.0,6.25
LilGoodness,2,3,36.0,12.5
ForeverModest,1,1,12.0,6.25
Sahayatha,0,0,0.0,0.0
WickedGud,0,0,0.0,0.0
maisha,0,0,0.0,0.0
NishHair,3,3,36.0,18.75
MYBYK,0,0,0.0,0.0
GODESi,1,1,12.0,6.25
TAC,0,0,0.0,0.0
Naara-Aaba,2,2,24.0,12.5
StyloBug,3,3,36.0,18.75
ZenOnco,1,1,12.0,6.25
HonestHome,3,3,36.0,18.75
AdilQadri,3,3,36.0,18.75
ConsciousChemist,2,3,36.0,12.5
TheCinnamonKitchen,1,2,24.0,6.25
WtfGyms,1,1,12.0,6.25
Intervue,1,2,24.0,6.25
RodBez,1,1,12.0,6.25
Blix,3,3,36.0,18.75
Homversity,1,1,12.0,6.25
TURMS,2,3,36.0,12.5
mintree,1,2,24.0,6.25
80Wash,0,0,0.0,0.0
DilFoods,1,2,24.0,6.25
AIKavach/Panoplia,0,0,0.0,0.0
Bartisans,3,3,36.0,18.75
Aretto,3,3,36.0,18.75
Kalakaram,3,3,36.0,18.75
NabhiSutra,3,3,36.0,18.75
Zorko,4,3,36.0,25.0
Tramboo,3,3,36.0,18.75
WeHear,2,3,36.0,12.5
Tiggle,2,3,36.0,12.5
WYLDCard,0,0,0.0,0.0
upliance.ai,0,0,0.0,0.0
PizzaGalleria,2,2,24.0,12.5
AiCars,0,0,0.0,0.0
RooftopApp,0,0,0.0,0.0
GoenchiFeni,1,2,24.0,6.25
Arata,3,3,36.0,18.75
Vecros,2,3,36.0,12.5
GudGum,0,0,0.0,0.0
EvaScalp,3,3,36.0,18.75
Elitty,3,3,36.0,18.75
HoneyTwigs,2,3,36.0,12.5
Koparo,2,3,36.0,12.5
2Ballz,1,1,12.0,6.25
JewelBox,1,2,24.0,6.25
DaakRoom,1,2,24.0,6.25
Nuvedo,1,2,24.0,6.25
WALK,0,0,0.0,0.0
RajaRaniCoaching,1,2,24.0,6.25
DecodeAge,2,2,24.0,12.5
ALittleExtra,2,2,24.0,12.5
Assembly,1,2,24.0,6.25
NasherMiles,1,2,24.0,6.25
AltCo,2,3,36.0,12.5
Without,0,0,0.0,0.0
Kibo,2,2,24.0,12.5
VOLD,3,3,36.0,18.75
Quirksmith,3,3,36.0,18.75
UrbanSpace,2,3,36.0,12.5
HyperLab,0,0,0.0,0.0
EcoBiotraps,4,3,36.0,25.0
Hoora,2,3,36.0,12.5
YesMadam,1,2,24.0,6.25
Zerodor,2,2,24.0,12.5
ToffeeCoffeeRoasters,3,3,36.0,18.75
PushSports,2,3,36.0,12.5
ORBO,1,1,12.0,6.25
CannazoIndia,2,3,36.0,12.5
Chefling,4,3,36.0,25.0
IntenseFocus,3,3,36.0,18.75
MilletAmma,2,3,36.0,12.5
D'chica,2,3,36.0,12.5
Refit,3,3,36.0,18.75
HouseOfBeautyIndia,1,1,12.0,6.25
Artinci,3,3,36.0,18.75
TheRageRoom,0,0,0.0,0.0
Aastey,1,1,12.0,6.25
Matri,0,0,0.0,0.0
Rubbabu,2,3,36.0,12.5
GulaboJaipur,3,3,36.0,18.75
AristaVault,2,3,36.0,12.5
ToHands,0,0,0.0,0.0
PlusGold,0,0,0.0,0.0
Aroleap,1,2,24.0,6.25
Cosmix,3,2,24.0,18.75
Fabriclore,1,2,24.0,6.25
PolishMePretty,0,0,0.0,0.0
GridMats,1,2,24.0,6.25
UnclePetersPanCakes,3,3,36.0,18.75
CreativeHatti,2,3,36.0,12.5
CandidMen,2,2,24.0,12.5
Flyrobe,3,3,36.0,18.75
WiseLife,4,3,36.0,25.0
Cervicheck,0,0,0.0,0.0
Eatverse,3,3,36.0,18.75
AvataarSkincare,2,3,36.0,12.5
ChalteFirteMangalkaryalay,0,0,0.0,0.0
KryzenBiotech,1,2,24.0,6.25
FOMO,2,3,36.0,12.5
ModelVerse,0,0,0.0,0.0
VikrantBikes,0,0,0.0,0.0
TheShellHair,3,3,36.0,18.75
Rize,1,2,24.0,6.25
MEPACK,0,0,0.0,0.0
BaccaBucci,3,2,24.0,18.75
Vobble,0,0,0.0,0.0
BeUNatural,3,3,36.0,18.75
Erotissch,4,2,24.0,25.0
Niblerzz,3,3,36.0,18.75
Sorich,3,3,36.0,18.75
LittleBox,4,3,36.0,25.0
CremeCastle,3,2,24.0,18.75
Namakwali,3,3,36.0,18.75
KariboCosmetics,3,2,24.0,18.75
Deeva,4,3,36.0,25.0
DesignTemplate,2,3,36.0,12.5
Sama,3,3,36.0,18.75
GoldenFeathers,1,2,24.0,6.25
Myracle.io,0,0,0.0,0.0
Cup-ji,3,3,36.0,18.75
AToddlerThing,4,3,36.0,25.0
FlexifyMe,2,3,36.0,12.5
Dharaksha,0,0,0.0,0.0
iDreamCareer,1,2,24.0,6.25
RockPaperRum,0,0,0.0,0.0
Fit&Flex,3,2,24.0,18.75
Sukham,2,3,36.0,12.5
Smotect,4,3,36.0,25.0
Katidhan,3,2,24.0,18.75
NEMAAI,1,1,12.0,6.25
MaplePods,0,0,0.0,0.0
SpecOps,4,3,36.0,25.0
KaabilKids,1,1,12.0,6.25
OddGiraffe,3,3,36.0,18.75
Nemocare,2,2,24.0,12.5
WhySoBlue,2,2,24.0,12.5
CoratiaTechnologies,1,2,24.0,6.25
Coolant,1,2,24.0,6.25
Xmachines,1,2,24.0,6.25
Luvottica,3,2,24.0,18.75
FarmDidi,3,3,36.0,18.75
Popcorn,4,2,24.0,25.0
Prorata,1,2,24.0,6.25
Indigifts,4,3,36.0,25.0
AlienVersions,1,2,24.0,6.25
Rocca,3,3,36.0,18.75
KikoLive,2,3,36.0,12.5
Melooha,1,2,24.0,6.25
FUTRStudios,1,2,24.0,6.25
Allter,2,2,24.0,12.5
FirstBudOrganics,3,3,36.0,18.75
Shararat,2,3,36.0,12.5
Competishun,1,2,24.0,6.25
BombayClosetCleanse,3,3,36.0,18.75
KioskKaffee,2,2,24.0,12.5
NeonAttack,3,3,36.0,18.75
PTal,2,2,24.0,12.5
RoadPilot,0,0,0.0,0.0
SmartMop,0,0,0.0,0.0
Lea,4,3,36.0,25.0
$KrishnaRama,0,0,0.0,0.0
Rentit4me,4,3,36.0,25.0
CoolTheGlobe,1,2,24.0,6.25
Canvaloop,3,3,36.0,18.75
DigitalPaani,2,2,24.0,12.5
FAEBeauty,2,2,24.0,12.5
CONFECT,1,1,12.0,6.25
Indulge,1,1,12.0,6.25
BLFabric,3,3,36.0,18.75
CultureCircle,1,1,12.0,6.25
NexeraHealth,0,0,0.0,0.0
NOOE,2,2,26.0,12.5
GoZero,2,3,36.0,12.5
CurveElectric,0,0,0.0,0.0
Gudworld,3,3,36.0,18.75
airth,2,3,36.0,12.5
OneDios,1,2,24.0,6.25
InnerGize,0,0,0.0,0.0
PersonalTouchSkincare,2,2,24.0,12.5
KIWIKisanWindow,2,2,24.0,12.5
TripoleGear,4,3,36.0,25.0
Neosapien,0,0,0.0,0.0
MissCheesecake,3,3,36.0,18.75
SpeedKitchen,3,2,24.0,18.75
MudgarClub,1,1,12.0,6.25
ImagiMake,1,2,24.0,6.25
BeastLife,1,1,12.0,6.25
GoDevil,3,3,36.0,18.75
Havintha,2,3,36.0,12.5
NurturingGreen,3,3,36.0,18.75
kyari,3,3,36.0,18.75
ProjectClay,0,0,0.0,0.0
DeniBikes,0,0,0.0,0.0
PrettyLittleShop,3,3,36.0,18.75
Aquapeya,2,2,24.0,12.5
Jarsh,1,1,12.0,6.25
DACBY,2,3,36.0,12.5
Shyle,2,3,36.0,12.5
SavaniHeritage,2,2,24.0,12.5
SNEAKINN,3,2,24.0,18.75
fupro,3,2,24.0,18.75
Kanvas,2,2,24.0,12.5
ezo,1,2,24.0,6.25
Seven,1,2,24.0,6.25
TheFutureAnimations,3,3,36.0,18.75
Aignosis,0,0,0.0,0.0
Rosha,2,2,24.0,12.5
MakeMyPayment,0,0,0.0,0.0
PatchUp,1,2,24.0,6.25
tikitoro,2,2,24.0,12.5
Ashva,2,2,24.0,12.5
AseemShakti,2,2,24.0,12.5
RBDMachineTools,3,3,36.0,18.75
MidasPaint,0,0,0.0,0.0
GoodlandPickleball,2,2,24.0,12.5
TheNaturikCo,2,2,24.0,12.5
Metashot,1,2,24.0,6.25
GabruDiChaap,3,3,36.0,18.75
YaanMan,1,2,24.0,6.25
SonicLamb,2,3,36.0,12.5
Woolah,3,3,36.0,18.75
EM5,3,3,36.0,18.75
WomanLikeU,3,3,36.0,18.75
BookLeafPublishing,2,2,24.0,12.5
Str8bat,2,3,36.0,12.5
Ruby'sOrganics,1,2,24.0,6.25
TheGoodDoll,1,2,24.0,6.25
Schickwheel,0,0,0.0,0.0
ClapStoreToys,3,3,36.0,18.75
RahejaSolarFoodProcessing,2,2,24.0,12.5
Wanderlooms,2,3,36.0,12.5
Ugees,2,3,36.0,12.5
Alt.fCoworking,2,2,24.0,12.5
BurgerBae,4,3,36.0,25.0
BobaBhai,1,1,12.0,6.25
Hexafun,2,3,36.0,12.5
RepeatGud,1,1,12.0,6.25
SkateSupplyIndia,2,2,24.0,12.5
UtopianDrinks,2,3,36.0,12.5
GOFIG,2,3,36.0,12.5
Joyspoon,1,1,12.0,6.25
bambinos,1,2,24.0,6.25
FundooLabs,3,3,36.0,18.75
Gaon,3,3,36.0,18.75
EriWeave,3,3,36.0,18.75
PaleooBakes,2,2,24.0,12.5
NeuraSim,1,2,24.0,6.25
Offmint,1,1,12.0,6.25
Chokhat,3,2,24.0,18.75
ZenmaCoffee,1,1,12.0,6.25
TheEleFant,1,2,24.0,6.25
BetterNutrition,3,2,24.0,18.75
PinqPolka,2,2,24.0,12.5
Vibrasense,0,0,0.0,0.0
NearBook,0,0,0.0,0.0
Memotag,0,0,0.0,0.0
Klimate,0,0,0.0,0.0
HealthFab,1,2,24.0,6.25
PieMatrix,2,2,24.0,12.5
Sudathi,1,1,12.0,6.25
Moderate,0,0,0.0,0.0
HireForCare,0,0,0.0,0.0
DreamSmile,1,2,24.0,6.25
Madmix,0,0,0.0,0.0
Palmonas,3,2,24.0,18.75
MKPowerAndMobility,0,0,0.0,0.0
Nidhi'sGrandmaaSecret,2,2,24.0,12.5
Solnce,3,2,24.0,18.75
BornGood,3,3,36.0,18.75
DorabiAndAmili,2,2,24.0,12.5
ZebraLearn,2,3,36.0,12.5
ExclusiveLane,2,2,24.0,12.5
Medial,0,0,0.0,0.0
PanchalDairy,1,2,24.0,6.25
MusicPandit,1,1,12.0,6.25
Cograd,1,2,24.0,6.25
EatBetterCo,2,2,24.0,12.5
Earthful,2,2,24.0,12.5
Trajectory,3,3,36.0,18.75
KaviThePoetry-ArtProject,3,3,36.0,18.75
F2DF,1,2,24.0,6.25
SugarStrings.ai,0,0,0.0,0.0
MomsHome,3,3,36.0,18.75
Catwalk,2,3,36.0,12.5
Beautywise,2,2,24.0,12.5
Ivory,0,0,0.0,0.0
TheHousePartyBySavar,2,2,24.0,12.5
GlowGlossary,2,2,24.0,12.5
SinghDentalCare,2,2,24.0,12.5
TribalVeda,2,2,24.0,12.5
Anuvad,1,2,24.0,6.25
Fitelo,3,3,36.0,18.75
Nanighar,1,1,12.0,6.25
GoodMonk,3,3,36.0,18.75
Artbuzz,2,2,24.0,12.5
Tulua,3,3,36.0,18.75
Taffykids,4,3,36.0,25.0
WhaleWearables,0,0,0.0,0.0
Zingavita,3,3,36.0,18.75
DhaagaLife,2,2,24.0,12.5
Tileskraft,1,2,24.0,6.25
Krishnsakhi,3,3,36.0,18.75
BoreCharger,2,2,24.0,12.5
SuperBolter,0,0,0.0,0.0
HiveSchool,0,0,0.0,0.0
Tintbox,2,2,24.0,12.5
EasyRugs,1,1,12.0,6.25
StylesTry,4,3,36.0,25.0
Quitci,2,3,36.0,12.5
FitFeast,3,2,24.0,18.75
TheBearHouse,2,2,24.0,12.5
UrbanAnimal,0,0,0.0,0.0
Nooky,1,1,12.0,6.25
Subculture,1,2,24.0,6.25
Woodsmen,1,2,24.0,6.25
BhavisyaPlast,0,0,0.0,0.0
Ecoil,3,2,24.0,18.75
Rescript,2,2,24.0,12.5
TickleYourArt,1,2,24.0,6.25
Symbionic,1,2,24.0,6.25
XLCinema,1,2,24.0,6.25
TheCroffleGuys,2,3,36.0,12.5
LewisiaWellness,2,2,24.0,12.5
GuuglyWuugly,0,0,0.0,0.0
EMoMee,1,2,24.0,6.25
CaptureATrip,1,2,24.0,6.25
Loopie,1,1,12.0,6.25
SaveSage,0,0,0.0,0.0
KalamLabs,0,0,0.0,0.0
Panteazy,1,1,12.0,6.25
GoatLife,1,1,12.0,6.25
Planyt,1,2,24.0,6.25
Avishkaar,1,2,24.0,6.25
Emori,3,2,24.0,18.75
TrueDiamond,1,2,24.0,6.25
Smylo,1,1,12.0,6.25
Nootie,3,2,24.0,18.75
Pistabarfi,2,3,36.0,12.5
CorelLifecare,0,0,0.0,0.0
vryse,0,0,0.0,0.0
MyPB,1,2,24.0,6.25
xSTEP,0,0,0.0,0.0
TruthAndHair,1,1,12.0,6.25
MetaFashion,0,0,0.0,0.0
Japam,1,2,24.0,6.25
ZenBarefoot,1,1,12.0,6.25
RIDEV,1,1,12.0,6.25
Stroom,0,0,0.0,0.0
TBFO,1,1,14.0,6.25
Neurapexai,0,0,0.0,0.0
Wrestlefanent,0,0,0.0,0.0
Ayuvyaandimfresh,2,2,24.0,12.5
EveryMorningCartel,0,0,0.0,0.0
Cinefaistudios,0,0,0.0,0.0
Sampark,3,2,24.0,18.75
Sovrenn,1,2,24.0,6.25
Multibagg.ai,0,0,0.0,0.0
UprearBuild,0,0,0.0,0.0
PaperPro,1,1,12.0,6.25
Cosmohealth,0,0,0.0,0.0
Gullylabs,1,2,24.0,6.25
Twin,0,0,0.0,0.0
RCXlight,1,1,14.0,6.25
Awsum,1,2,24.0,6.25
Phitku,2,3,36.0,12.5
9DXRlabs,0,0,0.0,0.0
Pureflow,1,2,24.0,6.25
Getsnappy,0,0,0.0,0.0
Awayddings,0,0,0.0,0.0
Urbanwipe,1,2,24.0,6.25
Antinorm,1,1,12.0,6.25
Sepoy&co,0,0,0.0,0.0
Bonkerscorner,3,2,24.0,18.75
Bubbleme,1,1,12.0,6.25
Outlive,0,0,0.0,0.0
Metadrive,0,0,0.0,0.0
Sparshbrush,2,2,24.0,12.5
SheshaAyurveda,0,0,0.0,0.0
Cookiecartel,2,2,24.0,12.5
AviaLitewings,0,0,0.0,0.0
Aabo,1,2,24.0,6.25
Krvvy,1,2,24.0,6.25
Invogue,2,2,24.0,12.5
Taashacraft,3,2,24.0,18.75
MishmashNaturals,0,0,0.0,0.0
IndianSchoolOfCalisthenics,0,0,0.0,0.0
Wholeleaf,1,2,24.0,6.25
Mankomb,1,2,24.0,6.25
MadrasiKaapihouse,3,3,36.0,18.75
Soundverse,1,1,12.0,6.25
Kilrr,1,2,24.0,6.25
Offline,1,1,12.0,6.25
PandasBox,1,2,24.0,6.25
TheBindiProject,1,1,12.0,6.25
VoxturnAI,0,0,0.0,0.0
MyWonder,0,0,0.0,0.0
Cotopay,0,0,0.0,0.0
LocalAllNaturalSoda,0,0,0.0,0.0
TheBingeTown,2,2,24.0,12.5
PropFTX,1,2,24.0,6.25
EightTimesEight,0,0,0.0,0.0
Warriorworld,5,3,36.0,31.25
Currently,1,2,24.0,6.25
Anjanibooks,0,0,0.0,0.0
Booon,1,1,12.0,6.25
MeMeraki,1,2,24.0,6.25
3Sisters,1,2,24.0,6.25
Artociti,3,2,24.0,18.75
Kreo,1,2,24.0,6.25
Rosada,1,2,24.0,6.25
BabyworksBySwapnil,2,2,24.0,12.5
Gramiyaa,3,2,24.0,18.75
MamaNourish,2,2,24.0,12.5
Kelvin6k,1,2,24.0,6.25
ANAApparels,3,2,24.0,18.75
EzPac,1,2,24.0,6.25
Gappu,3,2,24.0,18.75
MisterVeg,2,2,24.0,12.5
Saras,0,0,0.0,0.0
Speechgears,3,3,36.0,18.75
Heizen,2,3,36.0,12.5
Pukaar.ai,1,2,24.0,6.25
upsnac,0,0,0.0,0.0
KotsonMattress,0,0,0.0,0.0
Kalakrit,0,0,0.0,0.0
SVSFood,0,0,0.0,0.0
BeClinical,2,3,36.0,12.5
Misfits,0,0,0.0,0.0
KrimmyThickshakes,2,2,24.0,12.5
CurryIt,1,2,24.0,6.25
dubpro.ai,1,2,24.0,6.25
Boingg,1,2,24.0,6.25
Pragyan,1,2,24.0,6.25
Sanchvi,2,2,24.0,12.5
Trring,0,0,0.0,0.0
Edinora,1,2,24.0,6.25
RehabVeda,0,0,0.0,0.0
Freshpod,0,0,0.0,0.0
Modge,2,3,36.0,12.5
OrbitWallet,1,2,24.0,6.25
Hobfit,1,2,24.0,6.25
Shichisoru,1,1,12.0,6.25
Rimigo,0,0,0.0,0.0
Everaw,2,3,36.0,12.5
Coro,0,0,0.0,0.0
Luzo,0,0,0.0,0.0
F2Fintech,0,0,0.0,0.0
Wellwith,0,0,0.0,0.0
IndianHairWorld,1,2,24.0,6.25
awenest,3,3,36.0,18.75
HOOKd,1,2,24.0,6.25
Littlecherrymom,2,2,24.0,12.5
Stubb,0,0,0.0,0.0
SoilSens,2,2,24.0,12.5
Flashoot,1,1,12.0,6.25
NapTapGo,1,2,24.0,6.25
BlrPods,0,0,0.0,0.0
Nytarra,4,3,36.0,25.0
BYLX,2,2,24.0,12.5
Greenpista,1,2,24.0,6.25
CTRUH,0,0,0.0,0.0
SteamPRO,2,2,24.0,12.5
Uptown,1,2,24.0,6.25
KorinMi,0,0,0.0,0.0
Dent@home,2,2,24.0,12.5
Marbleous,3,2,24.0,18.75
Fitkin,3,2,24.0,18.75
KindFertility,0,0,0.0,0.0
Namovardan,1,2,24.0,6.25
Circato,1,2,24.0,6.25
GreenAvartan,1,2,24.0,6.25
DhartiAmrit,2,2,24.0,12.5
TwoWordsAway,0,0,0.0,0.0
Floreal,2,3,36.0,12.5
MyPerro,0,0,0.0,0.0
PeerX,0,0,0.0,0.0
