Row_ID,Startup_Name,Flag_Type,Severity,Reason,Metric,Value
0,BluePineFoods,Low_Data_Completeness,High,Less than 40% of scorable metrics are available.,Completeness,12.5
1,BoozScooters,Low_Data_Completeness,High,Less than 40% of scorable metrics are available.,Completeness,12.5
2,HeartUpMySleeves,Low_Data_Completeness,High,Less than 40% of scorable metrics are available.,Completeness,6.25
3,TagzFoods,Low_Gross_Margin,Medium,Gross margin is below 50%.,Gross_Margin,48.0
3,TagzFoods,Low_Data_Completeness,High,Less than 40% of scorable metrics are available.,Completeness,12.5
4,HeadAndHeart,Low_Data_Completeness,High,Less than 40% of scorable metrics are available.,Completeness,6.25
5,Agritourism,Low_Data_Completeness,High,Less than 40% of scorable metrics are available.,Completeness,6.25
6,qZenseLabs,Low_Data_Completeness,High,Less than 40% of scorable metrics are available.,Completeness,12.5
7,Peeschute,Low_Data_Completeness,High,Less than 40% of scorable metrics are available.,Completeness,6.25
8,NOCD,Low_Data_Completeness,High,Less than 40% of scorable metrics are available.,Completeness,6.25
9,CosIQ,Low_Data_Completeness,High,Less than 40% of scorable metrics are available.,Completeness,25.0
10,JhaJiAchaar,Low_Gross_Margin,High,Gross margin is below 30%.,Gross_Margin,18.0
10,JhaJiAchaar,Low_Data_Completeness,High,Less than 40% of scorable metrics are available.,Completeness,12.5
11,Bummer,Low_Data_Completeness,High,Less than 40% of scorable metrics are available.,Completeness,18.75
12,RevampMoto,Low_Data_Completeness,High,Less than 40% of scorable metrics are available.,Completeness,6.25
13,HungryHead,Low_Data_Completeness,High,Less than 40% of scorable metrics are available.,Completeness,6.25
14,ShrawaniEngineers,Low_Data_Completeness,High,Less than 40% of scorable metrics are available.,Completeness,6.25
15,SkippiIcePops,Low_Data_Completeness,High,Less than 40% of scorable metrics are available.,Completeness,6.25
16,Menstrupedia,Low_Gross_Margin,High,Gross margin is below 30%.,Gross_Margin,27.0
16,Menstrupedia,Low_Data_Completeness,High,Less than 40% of scorable metrics are available.,Completeness,12.5
17,Hecoll,Low_Data_Completeness,High,Less than 40% of scorable metrics are available.,Completeness,6.25
18,RaisingSuperstars,Low_Data_Completeness,High,Less than 40% of scorable metrics are available.,Completeness,6.25
19,Torch-it,Low_Data_Completeness,High,Less than 40% of scorable metrics are available.,Completeness,12.5
20,Kavach,Low_Data_Completeness,High,Less than 40% of scorable metrics are available.,Completeness,0.0
21,LaKheerDeli,Low_Data_Completeness,High,Less than 40% of scorable metrics are available.,Completeness,6.25
22,BeyondSnack,Low_Data_Completeness,High,Less than 40% of scorable metrics are available.,Completeness,18.75
23,VivalyfInnovations,Low_Data_Completeness,High,Less than 40% of scorable metrics are available.,Completeness,6.25
24,MotionBreeze,Low_Data_Completeness,High,Less than 40% of scorable metrics are available.,Completeness,6.25
25,Altor,Low_Data_Completeness,High,Less than 40% of scorable metrics are available.,Completeness,0.0
26,Ariro,Low_Data_Completeness,High,Less than 40% of scorable metrics are available.,Completeness,18.75
27,KabiraHandmad,Low_Gross_Margin,High,Gross margin is below 30%.,Gross_Margin,3.0
27,KabiraHandmad,Low_Data_Completeness,High,Less than 40% of scorable metrics are available.,Completeness,18.75
28,Nuutjob,Low_Data_Completeness,High,Less than 40% of scorable metrics are available.,Completeness,12.5
29,Meatyour,Low_Gross_Margin,Medium,Gross margin is below 50%.,Gross_Margin,30.0
29,Meatyour,Low_Data_Completeness,High,Less than 40% of scorable metrics are available.,Completeness,18.75
30,EventBeep,Low_Data_Completeness,High,Less than 40% of scorable metrics are available.,Completeness,6.25
31,Gopal's56,Low_Gross_Margin,High,Gross margin is below 30%.,Gross_Margin,21.0
31,Gopal's56,Low_Data_Completeness,High,Less than 40% of scorable metrics are available.,Completeness,18.75
32,ARRCOATSurfaceTextures,Low_Data_Completeness,High,Less than 40% of scorable metrics are available.,Completeness,12.5
33,Farda,Low_Data_Completeness,High,Less than 40% of scorable metrics are available.,Completeness,12.5
34,Auli,Low_Data_Completeness,High,Less than 40% of scorable metrics are available.,Completeness,25.0
35,SweeDesi,Low_Data_Completeness,High,Less than 40% of scorable metrics are available.,Completeness,0.0
36,LOKA,Low_Data_Completeness,High,Less than 40% of scorable metrics are available.,Completeness,0.0
37,Annie,Low_Data_Completeness,High,Less than 40% of scorable metrics are available.,Completeness,18.75
38,Carragreen,Low_Data_Completeness,High,Less than 40% of scorable metrics are available.,Completeness,0.0
39,TheYarnBazaar,Low_Data_Completeness,High,Less than 40% of scorable metrics are available.,Completeness,6.25
40,TheRenalProject,Low_Data_Completeness,High,Less than 40% of scorable metrics are available.,Completeness,6.25
41,MorrikoPureFoods,Low_Data_Completeness,High,Less than 40% of scorable metrics are available.,Completeness,6.25
42,GoodGoodPiggy,Low_Data_Completeness,High,Less than 40% of scorable metrics are available.,Completeness,6.25
43,HammerLifestyle,Low_Data_Completeness,High,Less than 40% of scorable metrics are available.,Completeness,6.25
44,PNTRobotics,Low_Data_Completeness,High,Less than 40% of scorable metrics are available.,Completeness,0.0
45,Cocofit,Low_Data_Completeness,High,Less than 40% of scorable metrics are available.,Completeness,12.5
46,BambooIndia,Low_Data_Completeness,High,Less than 40% of scorable metrics are available.,Completeness,12.5
47,FlyingFur,Low_Data_Completeness,High,Less than 40% of scorable metrics are available.,Completeness,0.0
48,BeyondWater,Low_Data_Completeness,High,Less than 40% of scorable metrics are available.,Completeness,6.25
49,Let'sTry,Low_Data_Completeness,High,Less than 40% of scorable metrics are available.,Completeness,18.75
50,FindYourKicksIndia,Low_Data_Completeness,High,Less than 40% of scorable metrics are available.,Completeness,6.25
51,AasVidyalaya,Low_Data_Completeness,High,Less than 40% of scorable metrics are available.,Completeness,6.25
52,Outbox,Low_Data_Completeness,High,Less than 40% of scorable metrics are available.,Completeness,6.25
53,RoadBounce,Low_Data_Completeness,High,Less than 40% of scorable metrics are available.,Completeness,6.25
54,Mommy'sKitchen,Low_Data_Completeness,High,Less than 40% of scorable metrics are available.,Completeness,12.5
55,IndiaHempandCo,Low_Data_Completeness,High,Less than 40% of scorable metrics are available.,Completeness,12.5
56,Otua,Low_Data_Completeness,High,Less than 40% of scorable metrics are available.,Completeness,0.0
57,Anthyesti,Low_Data_Completeness,High,Less than 40% of scorable metrics are available.,Completeness,18.75
58,Ethik,Low_Data_Completeness,High,Less than 40% of scorable metrics are available.,Completeness,12.5
59,WeSTOCK,Low_Data_Completeness,High,Less than 40% of scorable metrics are available.,Completeness,6.25
60,KetoIndia,Low_Data_Completeness,High,Less than 40% of scorable metrics are available.,Completeness,12.5
61,Magiclock,Low_Data_Completeness,High,Less than 40% of scorable metrics are available.,Completeness,6.25
62,TheStatePlate,Low_Gross_Margin,Medium,Gross margin is below 50%.,Gross_Margin,34.0
62,TheStatePlate,Low_Data_Completeness,High,Less than 40% of scorable metrics are available.,Completeness,12.5
63,Bakarmax,Low_Data_Completeness,High,Less than 40% of scorable metrics are available.,Completeness,12.5
64,INACAN,Low_Data_Completeness,High,Less than 40% of scorable metrics are available.,Completeness,6.25
65,Get-A-Whey,Low_Data_Completeness,High,Less than 40% of scorable metrics are available.,Completeness,25.0
66,Sid07Designs,Low_Data_Completeness,High,Less than 40% of scorable metrics are available.,Completeness,6.25
67,TheQuirkyNaari,Low_Data_Completeness,High,Less than 40% of scorable metrics are available.,Completeness,6.25
68,HairOriginals,Low_Data_Completeness,High,Less than 40% of scorable metrics are available.,Completeness,12.5
69,Poo-de-Cologne,Low_Data_Completeness,High,Less than 40% of scorable metrics are available.,Completeness,12.5
70,Moonshine,Low_Data_Completeness,High,Less than 40% of scorable metrics are available.,Completeness,12.5
71,Falhari,Low_Gross_Margin,High,Gross margin is below 30%.,Gross_Margin,25.0
71,Falhari,Low_Data_Completeness,High,Less than 40% of scorable metrics are available.,Completeness,12.5
72,NamhyaFoods,Low_Data_Completeness,High,Less than 40% of scorable metrics are available.,Completeness,12.5
73,UrbanMonkey,Low_Data_Completeness,High,Less than 40% of scorable metrics are available.,Completeness,18.75
74,GuardianGears,Low_Data_Completeness,High,Less than 40% of scorable metrics are available.,Completeness,25.0
75,ModernMyth,Low_Data_Completeness,High,Less than 40% of scorable metrics are available.,Completeness,6.25
76,TheSassBar,Low_Data_Completeness,High,Less than 40% of scorable metrics are available.,Completeness,18.75
77,KGAgrotech,Low_Data_Completeness,High,Less than 40% of scorable metrics are available.,Completeness,6.25
78,NuskhaKitchen,Low_Data_Completeness,High,Less than 40% of scorable metrics are available.,Completeness,6.25
79,PawsIndia,Low_Data_Completeness,High,Less than 40% of scorable metrics are available.,Completeness,18.75
80,SunfoxTechnologies,Low_Data_Completeness,High,Less than 40% of scorable metrics are available.,Completeness,12.5
81,Alpino,Low_Gross_Margin,Medium,Gross margin is below 50%.,Gross_Margin,38.0
81,Alpino,Low_Data_Completeness,High,Less than 40% of scorable metrics are available.,Completeness,6.25
82,IsakFragrances,Low_Data_Completeness,High,Less than 40% of scorable metrics are available.,Completeness,6.25
83,JulaaAutomation,Low_Data_Completeness,High,Less than 40% of scorable metrics are available.,Completeness,6.25
84,RarePlanet,Low_Data_Completeness,High,Less than 40% of scorable metrics are available.,Completeness,12.5
85,ThekaCoffee,Low_Data_Completeness,High,Less than 40% of scorable metrics are available.,Completeness,12.5
86,WattTechnovations,Low_Data_Completeness,High,Less than 40% of scorable metrics are available.,Completeness,0.0
87,AlisteTechnologies,Low_Data_Completeness,High,Less than 40% of scorable metrics are available.,Completeness,18.75
88,InsuranceSamadhan,Low_Data_Completeness,High,Less than 40% of scorable metrics are available.,Completeness,12.5
89,HumpyA2,Low_Gross_Margin,Medium,Gross margin is below 50%.,Gross_Margin,44.0
89,HumpyA2,Low_Data_Completeness,High,Less than 40% of scorable metrics are available.,Completeness,12.5
90,KunafaWorld,Low_Data_Completeness,High,Less than 40% of scorable metrics are available.,Completeness,18.75
91,GoldSafeSolutions,Low_Gross_Margin,High,Gross margin is below 30%.,Gross_Margin,25.0
91,GoldSafeSolutions,Low_Data_Completeness,High,Less than 40% of scorable metrics are available.,Completeness,12.5
92,WakaoFoods,Low_Data_Completeness,High,Less than 40% of scorable metrics are available.,Completeness,12.5
93,PDDFalcon,Low_Gross_Margin,Medium,Gross margin is below 50%.,Gross_Margin,30.0
93,PDDFalcon,Low_Data_Completeness,High,Less than 40% of scorable metrics are available.,Completeness,12.5
94,PlayBoxTV,Low_Data_Completeness,High,Less than 40% of scorable metrics are available.,Completeness,12.5
95,Sippline,Low_Data_Completeness,High,Less than 40% of scorable metrics are available.,Completeness,0.0
96,KabaddiAdda,Low_Data_Completeness,High,Less than 40% of scorable metrics are available.,Completeness,18.75
97,ShadesofSpring,Low_Gross_Margin,Medium,Gross margin is below 50%.,Gross_Margin,30.0
97,ShadesofSpring,Low_Data_Completeness,High,Less than 40% of scorable metrics are available.,Completeness,12.5
98,Scholify,Low_Data_Completeness,High,Less than 40% of scorable metrics are available.,Completeness,6.25
99,Scrapshala,Low_Data_Completeness,High,Less than 40% of scorable metrics are available.,Completeness,12.5
100,Sabjikothi,Low_Data_Completeness,High,Less than 40% of scorable metrics are available.,Completeness,6.25
101,AyuRythm,Low_Data_Completeness,High,Less than 40% of scorable metrics are available.,Completeness,0.0
102,Astrix,Low_Data_Completeness,High,Less than 40% of scorable metrics are available.,Completeness,12.5
103,TheaAndSid,Low_Data_Completeness,High,Less than 40% of scorable metrics are available.,Completeness,25.0
104,ExperentialEtc,Low_Data_Completeness,High,Less than 40% of scorable metrics are available.,Completeness,6.25
105,GrowFitter,Low_Data_Completeness,High,Less than 40% of scorable metrics are available.,Completeness,6.25
106,C3Med-Tech,Low_Data_Completeness,High,Less than 40% of scorable metrics are available.,Completeness,0.0
107,ColourMeMad-CMM,Low_Data_Completeness,High,Less than 40% of scorable metrics are available.,Completeness,6.25
108,Mavi's,Low_Data_Completeness,High,Less than 40% of scorable metrics are available.,Completeness,6.25
109,TweekLabs,Low_Data_Completeness,High,Less than 40% of scorable metrics are available.,Completeness,0.0
110,Proxgy,Low_Data_Completeness,High,Less than 40% of scorable metrics are available.,Completeness,0.0
111,NomadFoodProject,Low_Data_Completeness,High,Less than 40% of scorable metrics are available.,Completeness,12.5
112,TweeInOne,Low_Data_Completeness,High,Less than 40% of scorable metrics are available.,Completeness,0.0
113,GreenProtein,Low_Gross_Margin,Medium,Gross margin is below 50%.,Gross_Margin,40.0
113,GreenProtein,Low_Data_Completeness,High,Less than 40% of scorable metrics are available.,Completeness,12.5
114,On2Cook,Low_Data_Completeness,High,Less than 40% of scorable metrics are available.,Completeness,6.25
115,JainShikanji,Low_Data_Completeness,High,Less than 40% of scorable metrics are available.,Completeness,6.25
116,Woloo,Low_Data_Completeness,High,Less than 40% of scorable metrics are available.,Completeness,6.25
117,ElcareIndia,Low_Gross_Margin,Medium,Gross margin is below 50%.,Gross_Margin,30.0
117,ElcareIndia,Low_Data_Completeness,High,Less than 40% of scorable metrics are available.,Completeness,12.5
118,SneaKare,Low_Data_Completeness,High,Less than 40% of scorable metrics are available.,Completeness,6.25
119,FrenchCrown,Low_Data_Completeness,High,Less than 40% of scorable metrics are available.,Completeness,12.5
120,StoreMyGoods,Low_Data_Completeness,High,Less than 40% of scorable metrics are available.,Completeness,6.25
121,Devnagri,Low_Data_Completeness,High,Less than 40% of scorable metrics are available.,Completeness,6.25
122,WitBlox,Low_Data_Completeness,High,Less than 40% of scorable metrics are available.,Completeness,0.0
123,Kineer,Low_Data_Completeness,High,Less than 40% of scorable metrics are available.,Completeness,6.25
124,PiChem,Low_Data_Completeness,High,Less than 40% of scorable metrics are available.,Completeness,12.5
125,Clensta,Low_Data_Completeness,High,Less than 40% of scorable metrics are available.,Completeness,6.25
126,InfinitiInsects,Low_Data_Completeness,High,Less than 40% of scorable metrics are available.,Completeness,6.25
127,AshwaPro,Low_Data_Completeness,High,Less than 40% of scorable metrics are available.,Completeness,0.0
128,Mine4Nine,Low_Data_Completeness,High,Less than 40% of scorable metrics are available.,Completeness,6.25
129,StudioBeej,Low_Data_Completeness,High,Less than 40% of scorable metrics are available.,Completeness,6.25
130,Sattuz,Low_Data_Completeness,High,Less than 40% of scorable metrics are available.,Completeness,6.25
131,Scintiglo,Low_Data_Completeness,High,Less than 40% of scorable metrics are available.,Completeness,6.25
132,Glii,Low_Data_Completeness,High,Less than 40% of scorable metrics are available.,Completeness,0.0
133,StanleeIndia,Low_Data_Completeness,High,Less than 40% of scorable metrics are available.,Completeness,0.0
134,SpaceKidzIndia,Low_Data_Completeness,High,Less than 40% of scorable metrics are available.,Completeness,0.0
135,UrbanNaps,Low_Data_Completeness,High,Less than 40% of scorable metrics are available.,Completeness,0.0
136,Gizmoswala,Low_Gross_Margin,Medium,Gross margin is below 50%.,Gross_Margin,40.0
136,Gizmoswala,Low_Data_Completeness,High,Less than 40% of scorable metrics are available.,Completeness,12.5
137,ZyppElectric,Low_Data_Completeness,High,Less than 40% of scorable metrics are available.,Completeness,0.0
138,Picsniff,Low_Data_Completeness,High,Less than 40% of scorable metrics are available.,Completeness,0.0
139,Deciwood,Low_Data_Completeness,High,Less than 40% of scorable metrics are available.,Completeness,0.0
140,HappyBar,Low_Data_Completeness,High,Less than 40% of scorable metrics are available.,Completeness,6.25
141,Tathastulive,Low_Data_Completeness,High,Less than 40% of scorable metrics are available.,Completeness,0.0
142,BandsandCups,Low_Data_Completeness,High,Less than 40% of scorable metrics are available.,Completeness,12.5
143,MyWealthProtector,Low_Data_Completeness,High,Less than 40% of scorable metrics are available.,Completeness,6.25
144,TheIris,Low_Data_Completeness,High,Less than 40% of scorable metrics are available.,Completeness,0.0
145,Canebot,Low_Data_Completeness,High,Less than 40% of scorable metrics are available.,Completeness,6.25
146,OyeDelhiOye,Low_Data_Completeness,High,Less than 40% of scorable metrics are available.,Completeness,0.0
147,InaliAssistiveTech,Low_Data_Completeness,High,Less than 40% of scorable metrics are available.,Completeness,0.0
148,Meera'sCelebrations,Low_Data_Completeness,High,Less than 40% of scorable metrics are available.,Completeness,0.0
149,Artment,Low_Data_Completeness,High,Less than 40% of scorable metrics are available.,Completeness,6.25
150,Powertree,Low_Data_Completeness,High,Less than 40% of scorable metrics are available.,Completeness,0.0
151,Eume,Low_Data_Completeness,High,Less than 40% of scorable metrics are available.,Completeness,6.25
152,Hoovu,Low_Data_Completeness,High,Less than 40% of scorable metrics are available.,Completeness,6.25
153,Dorji,Low_Data_Completeness,High,Less than 40% of scorable metrics are available.,Completeness,6.25
154,Recode,Low_Data_Completeness,High,Less than 40% of scorable metrics are available.,Completeness,0.0
155,VeryMuchIndian,Low_Gross_Margin,Medium,Gross margin is below 50%.,Gross_Margin,35.0
155,VeryMuchIndian,Low_Data_Completeness,High,Less than 40% of scorable metrics are available.,Completeness,12.5
156,WatchoutWearables,Low_Data_Completeness,High,Less than 40% of scorable metrics are available.,Completeness,6.25
157,SoupX,Low_Gross_Margin,Medium,Gross margin is below 50%.,Gross_Margin,45.0
157,SoupX,Low_Data_Completeness,High,Less than 40% of scorable metrics are available.,Completeness,6.25
158,ATMOSPHERE,Low_Data_Completeness,High,Less than 40% of scorable metrics are available.,Completeness,0.0
159,Stage,Low_Data_Completeness,High,Less than 40% of scorable metrics are available.,Completeness,0.0
160,Girgit,Low_Data_Completeness,High,Less than 40% of scorable metrics are available.,Completeness,0.0
161,GearHeadMotors,Low_Data_Completeness,High,Less than 40% of scorable metrics are available.,Completeness,0.0
162,PatilKaki,Low_Data_Completeness,High,Less than 40% of scorable metrics are available.,Completeness,0.0
163,Brandsdaddy,Low_Data_Completeness,High,Less than 40% of scorable metrics are available.,Completeness,12.5
164,Winston,Low_Data_Completeness,High,Less than 40% of scorable metrics are available.,Completeness,6.25
165,Flatheads,Low_Data_Completeness,High,Less than 40% of scorable metrics are available.,Completeness,0.0
166,OrganicSmokes,Low_Data_Completeness,High,Less than 40% of scorable metrics are available.,Completeness,6.25
167,TeaFit,Low_Data_Completeness,High,Less than 40% of scorable metrics are available.,Completeness,0.0
168,Haqdarshak,Low_Data_Completeness,High,Less than 40% of scorable metrics are available.,Completeness,0.0
169,Bhaskar'sPuranpoliGhar,Low_Data_Completeness,High,Less than 40% of scorable metrics are available.,Completeness,0.0
170,GunjanAppsStudios,Low_Data_Completeness,High,Less than 40% of scorable metrics are available.,Completeness,6.25
171,TheSimplySalad,Low_Data_Completeness,High,Less than 40% of scorable metrics are available.,Completeness,0.0
172,AyuSynk,Low_Data_Completeness,High,Less than 40% of scorable metrics are available.,Completeness,0.0
173,AtypicalAdvantage,Low_Data_Completeness,High,Less than 40% of scorable metrics are available.,Completeness,0.0
174,HouseOfChikankari,Low_Data_Completeness,High,Less than 40% of scorable metrics are available.,Completeness,0.0
175,MagicOfMemories,Low_Data_Completeness,High,Less than 40% of scorable metrics are available.,Completeness,0.0
176,Paradyes,Low_Data_Completeness,High,Less than 40% of scorable metrics are available.,Completeness,6.25
177,Nestroots,Low_Data_Completeness,High,Less than 40% of scorable metrics are available.,Completeness,0.0
178,Zillionaire,Low_Data_Completeness,High,Less than 40% of scorable metrics are available.,Completeness,6.25
179,Credmate,Low_Data_Completeness,High,Less than 40% of scorable metrics are available.,Completeness,6.25
180,Freebowler,Low_Data_Completeness,High,Less than 40% of scorable metrics are available.,Completeness,0.0
181,ABCSports&Fitness,Low_Data_Completeness,High,Less than 40% of scorable metrics are available.,Completeness,0.0
182,Primebook,Low_Data_Completeness,High,Less than 40% of scorable metrics are available.,Completeness,0.0
183,DailyDump,Low_Data_Completeness,High,Less than 40% of scorable metrics are available.,Completeness,0.0
184,GharSoaps,Low_Data_Completeness,High,Less than 40% of scorable metrics are available.,Completeness,0.0
185,Janitri,Low_Data_Completeness,High,Less than 40% of scorable metrics are available.,Completeness,0.0
186,JaipurWatchCompany,Low_Data_Completeness,High,Less than 40% of scorable metrics are available.,Completeness,6.25
187,InsideFPV,Low_Data_Completeness,High,Less than 40% of scorable metrics are available.,Completeness,0.0
188,Angrakhaa,Low_Data_Completeness,High,Less than 40% of scorable metrics are available.,Completeness,0.0
189,Diabexy,Low_Data_Completeness,High,Less than 40% of scorable metrics are available.,Completeness,6.25
190,Kyari,Low_Data_Completeness,High,Less than 40% of scorable metrics are available.,Completeness,6.25
191,MoppFoods,Low_Data_Completeness,High,Less than 40% of scorable metrics are available.,Completeness,0.0
192,Econiture,Low_Data_Completeness,High,Less than 40% of scorable metrics are available.,Completeness,0.0
193,Dobiee,Low_Gross_Margin,High,Gross margin is below 30%.,Gross_Margin,23.0
193,Dobiee,Low_Data_Completeness,High,Less than 40% of scorable metrics are available.,Completeness,12.5
194,FastBeetle,Low_Data_Completeness,High,Less than 40% of scorable metrics are available.,Completeness,12.5
195,Pflow,Low_Data_Completeness,High,Less than 40% of scorable metrics are available.,Completeness,6.25
196,VSMani,Low_Data_Completeness,High,Less than 40% of scorable metrics are available.,Completeness,6.25
197,Sepal,Low_Gross_Margin,Medium,Gross margin is below 50%.,Gross_Margin,37.0
197,Sepal,Low_Data_Completeness,High,Less than 40% of scorable metrics are available.,Completeness,6.25
198,Solinas,Low_Data_Completeness,High,Less than 40% of scorable metrics are available.,Completeness,6.25
199,AvimeeHerbal,Low_Data_Completeness,High,Less than 40% of scorable metrics are available.,Completeness,12.5
200,eyenic,Low_Gross_Margin,Medium,Gross margin is below 50%.,Gross_Margin,45.0
200,eyenic,Low_Data_Completeness,High,Less than 40% of scorable metrics are available.,Completeness,18.75
201,ekatra,Low_Data_Completeness,High,Less than 40% of scorable metrics are available.,Completeness,18.75
202,Raasa,Low_Data_Completeness,High,Less than 40% of scorable metrics are available.,Completeness,0.0
203,NeoMotion,Low_Data_Completeness,High,Less than 40% of scorable metrics are available.,Completeness,6.25
204,licksters,Low_Data_Completeness,High,Less than 40% of scorable metrics are available.,Completeness,12.5
205,Sayonara,Low_Data_Completeness,High,Less than 40% of scorable metrics are available.,Completeness,6.25
206,PMV,Low_Data_Completeness,High,Less than 40% of scorable metrics are available.,Completeness,6.25
207,SpiceStory,Low_Data_Completeness,High,Less than 40% of scorable metrics are available.,Completeness,12.5
208,Bullspree,Low_Data_Completeness,High,Less than 40% of scorable metrics are available.,Completeness,0.0
209,Snitch,Low_Data_Completeness,High,Less than 40% of scorable metrics are available.,Completeness,0.0
210,Portl,Low_Gross_Margin,Medium,Gross margin is below 50%.,Gross_Margin,45.0
210,Portl,Low_Data_Completeness,High,Less than 40% of scorable metrics are available.,Completeness,6.25
211,FatToSlim,Low_Data_Completeness,High,Less than 40% of scorable metrics are available.,Completeness,6.25
212,CheeseCake&Co.,Low_Data_Completeness,High,Less than 40% of scorable metrics are available.,Completeness,6.25
213,Dabble,Low_Data_Completeness,High,Less than 40% of scorable metrics are available.,Completeness,18.75
214,CloudTailor,Low_Data_Completeness,High,Less than 40% of scorable metrics are available.,Completeness,6.25
215,BeUnic,Low_Data_Completeness,High,Less than 40% of scorable metrics are available.,Completeness,12.5
216,Broomees,Low_Data_Completeness,High,Less than 40% of scorable metrics are available.,Completeness,0.0
217,Ravel,Low_Data_Completeness,High,Less than 40% of scorable metrics are available.,Completeness,6.25
218,HoneyVeda,Low_Gross_Margin,High,Gross margin is below 30%.,Gross_Margin,20.0
218,HoneyVeda,Low_Data_Completeness,High,Less than 40% of scorable metrics are available.,Completeness,12.5
219,PadCare,Low_Data_Completeness,High,Less than 40% of scorable metrics are available.,Completeness,6.25
220,SwadeshiBlessings,Low_Data_Completeness,High,Less than 40% of scorable metrics are available.,Completeness,18.75
221,OLL,Low_Data_Completeness,High,Less than 40% of scorable metrics are available.,Completeness,0.0
222,Febris,Low_Data_Completeness,High,Less than 40% of scorable metrics are available.,Completeness,18.75
223,Geeani,Low_Data_Completeness,High,Less than 40% of scorable metrics are available.,Completeness,0.0
224,Amore,Low_Data_Completeness,High,Less than 40% of scorable metrics are available.,Completeness,0.0
225,LeafyAffair,Low_Data_Completeness,High,Less than 40% of scorable metrics are available.,Completeness,18.75
226,ScrapUncle,Low_Gross_Margin,High,Gross margin is below 30%.,Gross_Margin,25.0
226,ScrapUncle,Low_Data_Completeness,High,Less than 40% of scorable metrics are available.,Completeness,12.5
227,SharmaJiKiAata,Low_Data_Completeness,High,Less than 40% of scorable metrics are available.,Completeness,12.5
228,Manetain,Low_Data_Completeness,High,Less than 40% of scorable metrics are available.,Completeness,18.75
229,GavinParis,Low_Data_Completeness,High,Less than 40% of scorable metrics are available.,Completeness,12.5
230,UnStop,Low_Data_Completeness,High,Less than 40% of scorable metrics are available.,Completeness,12.5
231,BlueTea,Low_Data_Completeness,High,Less than 40% of scorable metrics are available.,Completeness,12.5
232,TheGreenSnack,Low_Data_Completeness,High,Less than 40% of scorable metrics are available.,Completeness,6.25
233,HobbyIndia,Low_Data_Completeness,High,Less than 40% of scorable metrics are available.,Completeness,6.25
234,Flhexible,Low_Gross_Margin,Medium,Gross margin is below 50%.,Gross_Margin,40.0
234,Flhexible,Low_Data_Completeness,High,Less than 40% of scorable metrics are available.,Completeness,25.0
235,UpThrust,Low_Data_Completeness,High,Less than 40% of scorable metrics are available.,Completeness,18.75
236,Zoff,Low_Data_Completeness,High,Less than 40% of scorable metrics are available.,Completeness,6.25
237,DesiToys,Low_Data_Completeness,High,Less than 40% of scorable metrics are available.,Completeness,25.0
238,CloudWorx,Low_Data_Completeness,High,Less than 40% of scorable metrics are available.,Completeness,6.25
239,Mahantam,Low_Data_Completeness,High,Less than 40% of scorable metrics are available.,Completeness,0.0
240,MindPeers,Low_Data_Completeness,High,Less than 40% of scorable metrics are available.,Completeness,0.0
241,Barosi,Low_Gross_Margin,Medium,Gross margin is below 50%.,Gross_Margin,40.0
241,Barosi,Low_Data_Completeness,High,Less than 40% of scorable metrics are available.,Completeness,12.5
242,Daryaganj,Low_Data_Completeness,High,Less than 40% of scorable metrics are available.,Completeness,6.25
243,DhruvVidyut,Low_Data_Completeness,High,Less than 40% of scorable metrics are available.,Completeness,0.0
244,CELLBELL,Low_Data_Completeness,High,Less than 40% of scorable metrics are available.,Completeness,12.5
245,Tipayi,Low_Gross_Margin,Medium,Gross margin is below 50%.,Gross_Margin,35.0
245,Tipayi,Low_Data_Completeness,High,Less than 40% of scorable metrics are available.,Completeness,25.0
246,DigiQure,Low_Data_Completeness,High,Less than 40% of scorable metrics are available.,Completeness,0.0
247,Nirmalaya,Low_Data_Completeness,High,Less than 40% of scorable metrics are available.,Completeness,6.25
248,Pabiben,Low_Data_Completeness,High,Less than 40% of scorable metrics are available.,Completeness,12.5
249,Homestrap,Low_Data_Completeness,High,Less than 40% of scorable metrics are available.,Completeness,6.25
250,uBreathe,Low_Data_Completeness,High,Less than 40% of scorable metrics are available.,Completeness,0.0
251,Deyor,Low_Gross_Margin,High,Gross margin is below 30%.,Gross_Margin,25.0
251,Deyor,Low_Data_Completeness,High,Less than 40% of scorable metrics are available.,Completeness,12.5
252,iMumz,Low_Data_Completeness,High,Less than 40% of scorable metrics are available.,Completeness,0.0
253,TheHealthyBinge,Low_Data_Completeness,High,Less than 40% of scorable metrics are available.,Completeness,6.25
254,Freakins,Low_Data_Completeness,High,Less than 40% of scorable metrics are available.,Completeness,6.25
255,Perfora,Low_Data_Completeness,High,Less than 40% of scorable metrics are available.,Completeness,6.25
256,MidNightAngelsByPC,Low_Data_Completeness,High,Less than 40% of scorable metrics are available.,Completeness,18.75
257,CureSee,Low_Data_Completeness,High,Less than 40% of scorable metrics are available.,Completeness,12.5
258,MeduLance,Low_Data_Completeness,High,Less than 40% of scorable metrics are available.,Completeness,12.5
259,Cakelicious,Low_Data_Completeness,High,Less than 40% of scorable metrics are available.,Completeness,18.75
260,Bowled.io,Low_Data_Completeness,High,Less than 40% of scorable metrics are available.,Completeness,0.0
261,Toyshine,Low_Data_Completeness,High,Less than 40% of scorable metrics are available.,Completeness,18.75
262,neuphony,Low_Data_Completeness,High,Less than 40% of scorable metrics are available.,Completeness,0.0
263,Amrutam,Low_Data_Completeness,High,Less than 40% of scorable metrics are available.,Completeness,6.25
264,HoloKitab,Low_Data_Completeness,High,Less than 40% of scorable metrics are available.,Completeness,6.25
265,Zoe,Low_Data_Completeness,High,Less than 40% of scorable metrics are available.,Completeness,6.25
266,Hornback,Low_Data_Completeness,High,Less than 40% of scorable metrics are available.,Completeness,0.0
267,Malaki,Low_Data_Completeness,High,Less than 40% of scorable metrics are available.,Completeness,25.0
268,nanoclean,Low_Data_Completeness,High,Less than 40% of scorable metrics are available.,Completeness,12.5
269,DesmondJi,Low_Data_Completeness,High,Less than 40% of scorable metrics are available.,Completeness,12.5
270,Cremeitalia,Low_Data_Completeness,High,Less than 40% of scorable metrics are available.,Completeness,6.25
271,nawgati,Low_Data_Completeness,High,Less than 40% of scorable metrics are available.,Completeness,0.0
272,Swytchd,Low_Data_Completeness,High,Less than 40% of scorable metrics are available.,Completeness,0.0
273,GladFul,Low_Data_Completeness,High,Less than 40% of scorable metrics are available.,Completeness,6.25
274,Pharmallama,Low_Data_Completeness,High,Less than 40% of scorable metrics are available.,Completeness,6.25
275,CraveRajaFoods,Low_Data_Completeness,High,Less than 40% of scorable metrics are available.,Completeness,25.0
276,VAPerfume,Low_Data_Completeness,High,Less than 40% of scorable metrics are available.,Completeness,12.5
277,Hood,Low_Data_Completeness,High,Less than 40% of scorable metrics are available.,Completeness,6.25
278,TwistingScoops,Low_Data_Completeness,High,Less than 40% of scorable metrics are available.,Completeness,6.25
279,GROWiT,Low_Gross_Margin,High,Gross margin is below 30%.,Gross_Margin,22.0
279,GROWiT,Low_Data_Completeness,High,Less than 40% of scorable metrics are available.,Completeness,6.25
280,Makino,Low_Gross_Margin,Medium,Gross margin is below 50%.,Gross_Margin,40.0
280,Makino,Low_Data_Completeness,High,Less than 40% of scorable metrics are available.,Completeness,12.5
281,Trunome,Low_Data_Completeness,High,Less than 40% of scorable metrics are available.,Completeness,0.0
282,Wol3D,Low_Gross_Margin,Medium,Gross margin is below 50%.,Gross_Margin,30.0
282,Wol3D,Low_Data_Completeness,High,Less than 40% of scorable metrics are available.,Completeness,6.25
283,What'sUpWellness,Low_Data_Completeness,High,Less than 40% of scorable metrics are available.,Completeness,6.25
284,ProostBeer,Low_Data_Completeness,High,Less than 40% of scorable metrics are available.,Completeness,0.0
285,DrCubes,Low_Gross_Margin,Medium,Gross margin is below 50%.,Gross_Margin,45.0
285,DrCubes,Low_Data_Completeness,High,Less than 40% of scorable metrics are available.,Completeness,18.75
286,MetroRide,Low_Data_Completeness,High,Less than 40% of scorable metrics are available.,Completeness,12.5
287,Conker,Low_Data_Completeness,High,Less than 40% of scorable metrics are available.,Completeness,25.0
288,WTF,Low_Data_Completeness,High,Less than 40% of scorable metrics are available.,Completeness,0.0
289,funngro,Low_Data_Completeness,High,Less than 40% of scorable metrics are available.,Completeness,0.0
290,Aadvik,Low_Data_Completeness,High,Less than 40% of scorable metrics are available.,Completeness,12.5
291,oyehappy,Low_Data_Completeness,High,Less than 40% of scorable metrics are available.,Completeness,18.75
292,HealthyMaster,Low_Gross_Margin,Medium,Gross margin is below 50%.,Gross_Margin,45.0
292,HealthyMaster,Low_Data_Completeness,High,Less than 40% of scorable metrics are available.,Completeness,12.5
293,Kitsons,Low_Data_Completeness,High,Less than 40% of scorable metrics are available.,Completeness,0.0
294,LondonBubble,Low_Data_Completeness,High,Less than 40% of scorable metrics are available.,Completeness,0.0
295,WaggyZone,Low_Data_Completeness,High,Less than 40% of scorable metrics are available.,Completeness,18.75
296,NutriCook,Low_Data_Completeness,High,Less than 40% of scorable metrics are available.,Completeness,6.25
297,Subhag,Low_Data_Completeness,High,Less than 40% of scorable metrics are available.,Completeness,6.25
298,SinghStyled,Low_Data_Completeness,High,Less than 40% of scorable metrics are available.,Completeness,6.25
299,ZSportsTech,Low_Data_Completeness,High,Less than 40% of scorable metrics are available.,Completeness,6.25
300,ThePlatedProject,Low_Data_Completeness,High,Less than 40% of scorable metrics are available.,Completeness,0.0
301,VsnapU,Low_Data_Completeness,High,Less than 40% of scorable metrics are available.,Completeness,6.25
302,TheHealthyFactory,Low_Data_Completeness,High,Less than 40% of scorable metrics are available.,Completeness,6.25
303,Brevistay,Low_Data_Completeness,High,Less than 40% of scorable metrics are available.,Completeness,6.25
304,SoulUp,Low_Data_Completeness,High,Less than 40% of scorable metrics are available.,Completeness,0.0
305,TheBigBookBoxChapterOneBooks,Low_Data_Completeness,High,Less than 40% of scorable metrics are available.,Completeness,6.25
306,Rubans,Low_Data_Completeness,High,Less than 40% of scorable metrics are available.,Completeness,6.25
307,SameNotification,Low_Data_Completeness,High,Less than 40% of scorable metrics are available.,Completeness,0.0
308,BottomLineSprays,Low_Data_Completeness,High,Less than 40% of scorable metrics are available.,Completeness,6.25
309,LilGoodness,Low_Data_Completeness,High,Less than 40% of scorable metrics are available.,Completeness,12.5
310,ForeverModest,Low_Data_Completeness,High,Less than 40% of scorable metrics are available.,Completeness,6.25
311,Sahayatha,Low_Data_Completeness,High,Less than 40% of scorable metrics are available.,Completeness,0.0
312,WickedGud,Low_Data_Completeness,High,Less than 40% of scorable metrics are available.,Completeness,0.0
313,maisha,Low_Data_Completeness,High,Less than 40% of scorable metrics are available.,Completeness,0.0
314,NishHair,Low_Data_Completeness,High,Less than 40% of scorable metrics are available.,Completeness,18.75
315,MYBYK,Low_Data_Completeness,High,Less than 40% of scorable metrics are available.,Completeness,0.0
316,GODESi,Low_Data_Completeness,High,Less than 40% of scorable metrics are available.,Completeness,6.25
317,TAC,Low_Data_Completeness,High,Less than 40% of scorable metrics are available.,Completeness,0.0
318,Naara-Aaba,Low_Data_Completeness,High,Less than 40% of scorable metrics are available.,Completeness,12.5
319,StyloBug,Low_Data_Completeness,High,Less than 40% of scorable metrics are available.,Completeness,18.75
320,ZenOnco,Low_Data_Completeness,High,Less than 40% of scorable metrics are available.,Completeness,6.25
321,HonestHome,Low_Data_Completeness,High,Less than 40% of scorable metrics are available.,Completeness,18.75
322,AdilQadri,Low_Data_Completeness,High,Less than 40% of scorable metrics are available.,Completeness,18.75
323,ConsciousChemist,Low_Data_Completeness,High,Less than 40% of scorable metrics are available.,Completeness,12.5
324,TheCinnamonKitchen,Low_Data_Completeness,High,Less than 40% of scorable metrics are available.,Completeness,6.25
325,WtfGyms,Low_Data_Completeness,High,Less than 40% of scorable metrics are available.,Completeness,6.25
326,Intervue,Low_Data_Completeness,High,Less than 40% of scorable metrics are available.,Completeness,6.25
327,RodBez,Low_Data_Completeness,High,Less than 40% of scorable metrics are available.,Completeness,6.25
328,Blix,Low_Data_Completeness,High,Less than 40% of scorable metrics are available.,Completeness,18.75
329,Homversity,Low_Data_Completeness,High,Less than 40% of scorable metrics are available.,Completeness,6.25
330,TURMS,Low_Data_Completeness,High,Less than 40% of scorable metrics are available.,Completeness,12.5
331,mintree,Low_Data_Completeness,High,Less than 40% of scorable metrics are available.,Completeness,6.25
332,80Wash,Low_Data_Completeness,High,Less than 40% of scorable metrics are available.,Completeness,0.0
333,DilFoods,Low_Data_Completeness,High,Less than 40% of scorable metrics are available.,Completeness,6.25
334,AIKavach/Panoplia,Low_Data_Completeness,High,Less than 40% of scorable metrics are available.,Completeness,0.0
335,Bartisans,Low_Data_Completeness,High,Less than 40% of scorable metrics are available.,Completeness,18.75
336,Aretto,Low_Data_Completeness,High,Less than 40% of scorable metrics are available.,Completeness,18.75
337,Kalakaram,Low_Data_Completeness,High,Less than 40% of scorable metrics are available.,Completeness,18.75
338,NabhiSutra,Low_Data_Completeness,High,Less than 40% of scorable metrics are available.,Completeness,18.75
339,Zorko,Low_Gross_Margin,Medium,Gross margin is below 50%.,Gross_Margin,40.0
339,Zorko,Low_Data_Completeness,High,Less than 40% of scorable metrics are available.,Completeness,25.0
340,Tramboo,Low_Data_Completeness,High,Less than 40% of scorable metrics are available.,Completeness,18.75
341,WeHear,Low_Data_Completeness,High,Less than 40% of scorable metrics are available.,Completeness,12.5
342,Tiggle,Low_Data_Completeness,High,Less than 40% of scorable metrics are available.,Completeness,12.5
343,WYLDCard,Low_Data_Completeness,High,Less than 40% of scorable metrics are available.,Completeness,0.0
344,upliance.ai,Low_Data_Completeness,High,Less than 40% of scorable metrics are available.,Completeness,0.0
345,PizzaGalleria,Low_Data_Completeness,High,Less than 40% of scorable metrics are available.,Completeness,12.5
346,AiCars,Low_Data_Completeness,High,Less than 40% of scorable metrics are available.,Completeness,0.0
347,RooftopApp,Low_Data_Completeness,High,Less than 40% of scorable metrics are available.,Completeness,0.0
348,GoenchiFeni,Low_Gross_Margin,Medium,Gross margin is below 50%.,Gross_Margin,42.0
348,GoenchiFeni,Low_Data_Completeness,High,Less than 40% of scorable metrics are available.,Completeness,6.25
349,Arata,Low_Data_Completeness,High,Less than 40% of scorable metrics are available.,Completeness,18.75
350,Vecros,Low_Data_Completeness,High,Less than 40% of scorable metrics are available.,Completeness,12.5
351,GudGum,Low_Data_Completeness,High,Less than 40% of scorable metrics are available.,Completeness,0.0
352,EvaScalp,Low_Data_Completeness,High,Less than 40% of scorable metrics are available.,Completeness,18.75
353,Elitty,Low_Gross_Margin,Medium,Gross margin is below 50%.,Gross_Margin,36.0
353,Elitty,Low_Data_Completeness,High,Less than 40% of scorable metrics are available.,Completeness,18.75
354,HoneyTwigs,Low_Data_Completeness,High,Less than 40% of scorable metrics are available.,Completeness,12.5
355,Koparo,Low_Data_Completeness,High,Less than 40% of scorable metrics are available.,Completeness,12.5
356,2Ballz,Low_Data_Completeness,High,Less than 40% of scorable metrics are available.,Completeness,6.25
357,JewelBox,Low_Data_Completeness,High,Less than 40% of scorable metrics are available.,Completeness,6.25
358,DaakRoom,Low_Data_Completeness,High,Less than 40% of scorable metrics are available.,Completeness,6.25
359,Nuvedo,Low_Data_Completeness,High,Less than 40% of scorable metrics are available.,Completeness,6.25
360,WALK,Low_Data_Completeness,High,Less than 40% of scorable metrics are available.,Completeness,0.0
361,RajaRaniCoaching,Low_Data_Completeness,High,Less than 40% of scorable metrics are available.,Completeness,6.25
362,DecodeAge,Low_Data_Completeness,High,Less than 40% of scorable metrics are available.,Completeness,12.5
363,ALittleExtra,Low_Data_Completeness,High,Less than 40% of scorable metrics are available.,Completeness,12.5
364,Assembly,Low_Data_Completeness,High,Less than 40% of scorable metrics are available.,Completeness,6.25
365,NasherMiles,Low_Data_Completeness,High,Less than 40% of scorable metrics are available.,Completeness,6.25
366,AltCo,Low_Data_Completeness,High,Less than 40% of scorable metrics are available.,Completeness,12.5
367,Without,Low_Data_Completeness,High,Less than 40% of scorable metrics are available.,Completeness,0.0
368,Kibo,Low_Data_Completeness,High,Less than 40% of scorable metrics are available.,Completeness,12.5
369,VOLD,Low_Gross_Margin,Medium,Gross margin is below 50%.,Gross_Margin,38.0
369,VOLD,Low_Data_Completeness,High,Less than 40% of scorable metrics are available.,Completeness,18.75
370,Quirksmith,Low_Data_Completeness,High,Less than 40% of scorable metrics are available.,Completeness,18.75
371,UrbanSpace,Low_Data_Completeness,High,Less than 40% of scorable metrics are available.,Completeness,12.5
372,HyperLab,Low_Data_Completeness,High,Less than 40% of scorable metrics are available.,Completeness,0.0
373,EcoBiotraps,Low_Gross_Margin,High,Gross margin is below 30%.,Gross_Margin,25.0
373,EcoBiotraps,Low_Data_Completeness,High,Less than 40% of scorable metrics are available.,Completeness,25.0
374,Hoora,Low_Data_Completeness,High,Less than 40% of scorable metrics are available.,Completeness,12.5
375,YesMadam,Low_Data_Completeness,High,Less than 40% of scorable metrics are available.,Completeness,6.25
376,Zerodor,Low_Data_Completeness,High,Less than 40% of scorable metrics are available.,Completeness,12.5
377,ToffeeCoffeeRoasters,Low_Data_Completeness,High,Less than 40% of scorable metrics are available.,Completeness,18.75
378,PushSports,Low_Data_Completeness,High,Less than 40% of scorable metrics are available.,Completeness,12.5
379,ORBO,Low_Data_Completeness,High,Less than 40% of scorable metrics are available.,Completeness,6.25
380,CannazoIndia,Low_Data_Completeness,High,Less than 40% of scorable metrics are available.,Completeness,12.5
381,Chefling,Low_Data_Completeness,High,Less than 40% of scorable metrics are available.,Completeness,25.0
382,IntenseFocus,Low_Data_Completeness,High,Less than 40% of scorable metrics are available.,Completeness,18.75
383,MilletAmma,Low_Data_Completeness,High,Less than 40% of scorable metrics are available.,Completeness,12.5
384,D'chica,Low_Data_Completeness,High,Less than 40% of scorable metrics are available.,Completeness,12.5
385,Refit,Low_Gross_Margin,High,Gross margin is below 30%.,Gross_Margin,14.0
385,Refit,Low_Data_Completeness,High,Less than 40% of scorable metrics are available.,Completeness,18.75
386,HouseOfBeautyIndia,Low_Data_Completeness,High,Less than 40% of scorable metrics are available.,Completeness,6.25
387,Artinci,Low_Data_Completeness,High,Less than 40% of scorable metrics are available.,Completeness,18.75
388,TheRageRoom,Low_Data_Completeness,High,Less than 40% of scorable metrics are available.,Completeness,0.0
389,Aastey,Low_Data_Completeness,High,Less than 40% of scorable metrics are available.,Completeness,6.25
390,Matri,Low_Data_Completeness,High,Less than 40% of scorable metrics are available.,Completeness,0.0
391,Rubbabu,Low_Data_Completeness,High,Less than 40% of scorable metrics are available.,Completeness,12.5
392,GulaboJaipur,Low_Data_Completeness,High,Less than 40% of scorable metrics are available.,Completeness,18.75
393,AristaVault,Low_Data_Completeness,High,Less than 40% of scorable metrics are available.,Completeness,12.5
394,ToHands,Low_Data_Completeness,High,Less than 40% of scorable metrics are available.,Completeness,0.0
395,PlusGold,Low_Data_Completeness,High,Less than 40% of scorable metrics are available.,Completeness,0.0
396,Aroleap,Low_Data_Completeness,High,Less than 40% of scorable metrics are available.,Completeness,6.25
397,Cosmix,Low_Data_Completeness,High,Less than 40% of scorable metrics are available.,Completeness,18.75
398,Fabriclore,Low_Data_Completeness,High,Less than 40% of scorable metrics are available.,Completeness,6.25
399,PolishMePretty,Low_Data_Completeness,High,Less than 40% of scorable metrics are available.,Completeness,0.0
400,GridMats,Low_Data_Completeness,High,Less than 40% of scorable metrics are available.,Completeness,6.25
401,UnclePetersPanCakes,Low_Data_Completeness,High,Less than 40% of scorable metrics are available.,Completeness,18.75
402,CreativeHatti,Low_Data_Completeness,High,Less than 40% of scorable metrics are available.,Completeness,12.5
403,CandidMen,Low_Data_Completeness,High,Less than 40% of scorable metrics are available.,Completeness,12.5
404,Flyrobe,Low_Data_Completeness,High,Less than 40% of scorable metrics are available.,Completeness,18.75
405,WiseLife,Low_Data_Completeness,High,Less than 40% of scorable metrics are available.,Completeness,25.0
406,Cervicheck,Low_Data_Completeness,High,Less than 40% of scorable metrics are available.,Completeness,0.0
407,Eatverse,Low_Data_Completeness,High,Less than 40% of scorable metrics are available.,Completeness,18.75
408,AvataarSkincare,Low_Data_Completeness,High,Less than 40% of scorable metrics are available.,Completeness,12.5
409,ChalteFirteMangalkaryalay,Low_Data_Completeness,High,Less than 40% of scorable metrics are available.,Completeness,0.0
410,KryzenBiotech,Low_Data_Completeness,High,Less than 40% of scorable metrics are available.,Completeness,6.25
411,FOMO,Low_Data_Completeness,High,Less than 40% of scorable metrics are available.,Completeness,12.5
412,ModelVerse,Low_Data_Completeness,High,Less than 40% of scorable metrics are available.,Completeness,0.0
413,VikrantBikes,Low_Data_Completeness,High,Less than 40% of scorable metrics are available.,Completeness,0.0
414,TheShellHair,Low_Data_Completeness,High,Less than 40% of scorable metrics are available.,Completeness,18.75
415,Rize,Low_Data_Completeness,High,Less than 40% of scorable metrics are available.,Completeness,6.25
416,MEPACK,Low_Data_Completeness,High,Less than 40% of scorable metrics are available.,Completeness,0.0
417,BaccaBucci,Low_Data_Completeness,High,Less than 40% of scorable metrics are available.,Completeness,18.75
418,Vobble,Low_Data_Completeness,High,Less than 40% of scorable metrics are available.,Completeness,0.0
419,BeUNatural,Low_Data_Completeness,High,Less than 40% of scorable metrics are available.,Completeness,18.75
420,Erotissch,Low_Data_Completeness,High,Less than 40% of scorable metrics are available.,Completeness,25.0
421,Niblerzz,Negative_EBITDA,Medium,EBITDA is negative.,EBITDA,-20.0
421,Niblerzz,Low_Data_Completeness,High,Less than 40% of scorable metrics are available.,Completeness,18.75
422,Sorich,Low_Gross_Margin,Medium,Gross margin is below 50%.,Gross_Margin,48.0
422,Sorich,Low_Data_Completeness,High,Less than 40% of scorable metrics are available.,Completeness,18.75
423,LittleBox,Low_Data_Completeness,High,Less than 40% of scorable metrics are available.,Completeness,25.0
424,CremeCastle,Low_Data_Completeness,High,Less than 40% of scorable metrics are available.,Completeness,18.75
425,Namakwali,Low_Data_Completeness,High,Less than 40% of scorable metrics are available.,Completeness,18.75
426,KariboCosmetics,Low_Data_Completeness,High,Less than 40% of scorable metrics are available.,Completeness,18.75
427,Deeva,Low_Data_Completeness,High,Less than 40% of scorable metrics are available.,Completeness,25.0
428,DesignTemplate,Low_Data_Completeness,High,Less than 40% of scorable metrics are available.,Completeness,12.5
429,Sama,Low_Data_Completeness,High,Less than 40% of scorable metrics are available.,Completeness,18.75
430,GoldenFeathers,Low_Data_Completeness,High,Less than 40% of scorable metrics are available.,Completeness,6.25
431,Myracle.io,Low_Data_Completeness,High,Less than 40% of scorable metrics are available.,Completeness,0.0
432,Cup-ji,Low_Gross_Margin,Medium,Gross margin is below 50%.,Gross_Margin,40.0
432,Cup-ji,Low_Data_Completeness,High,Less than 40% of scorable metrics are available.,Completeness,18.75
433,AToddlerThing,Low_Data_Completeness,High,Less than 40% of scorable metrics are available.,Completeness,25.0
434,FlexifyMe,Low_Data_Completeness,High,Less than 40% of scorable metrics are available.,Completeness,12.5
435,Dharaksha,Low_Data_Completeness,High,Less than 40% of scorable metrics are available.,Completeness,0.0
436,iDreamCareer,Low_Data_Completeness,High,Less than 40% of scorable metrics are available.,Completeness,6.25
437,RockPaperRum,Low_Data_Completeness,High,Less than 40% of scorable metrics are available.,Completeness,0.0
438,Fit&Flex,Low_Data_Completeness,High,Less than 40% of scorable metrics are available.,Completeness,18.75
439,Sukham,Low_Data_Completeness,High,Less than 40% of scorable metrics are available.,Completeness,12.5
440,Smotect,Low_Data_Completeness,High,Less than 40% of scorable metrics are available.,Completeness,25.0
441,Katidhan,Low_Data_Completeness,High,Less than 40% of scorable metrics are available.,Completeness,18.75
442,NEMAAI,Low_Data_Completeness,High,Less than 40% of scorable metrics are available.,Completeness,6.25
443,MaplePods,Low_Data_Completeness,High,Less than 40% of scorable metrics are available.,Completeness,0.0
444,SpecOps,Low_Gross_Margin,High,Gross margin is below 30%.,Gross_Margin,20.0
444,SpecOps,Low_Data_Completeness,High,Less than 40% of scorable metrics are available.,Completeness,25.0
445,KaabilKids,Low_Data_Completeness,High,Less than 40% of scorable metrics are available.,Completeness,6.25
446,OddGiraffe,Low_Data_Completeness,High,Less than 40% of scorable metrics are available.,Completeness,18.75
447,Nemocare,Low_Data_Completeness,High,Less than 40% of scorable metrics are available.,Completeness,12.5
448,WhySoBlue,Low_Data_Completeness,High,Less than 40% of scorable metrics are available.,Completeness,12.5
449,CoratiaTechnologies,Low_Data_Completeness,High,Less than 40% of scorable metrics are available.,Completeness,6.25
450,Coolant,Low_Data_Completeness,High,Less than 40% of scorable metrics are available.,Completeness,6.25
451,Xmachines,Low_Data_Completeness,High,Less than 40% of scorable metrics are available.,Completeness,6.25
452,Luvottica,Low_Data_Completeness,High,Less than 40% of scorable metrics are available.,Completeness,18.75
453,FarmDidi,Low_Data_Completeness,High,Less than 40% of scorable metrics are available.,Completeness,18.75
454,Popcorn,Negative_EBITDA,Medium,EBITDA is negative.,EBITDA,-10.0
454,Popcorn,Low_Data_Completeness,High,Less than 40% of scorable metrics are available.,Completeness,25.0
455,Prorata,Low_Data_Completeness,High,Less than 40% of scorable metrics are available.,Completeness,6.25
456,Indigifts,Low_Data_Completeness,High,Less than 40% of scorable metrics are available.,Completeness,25.0
457,AlienVersions,Low_Data_Completeness,High,Less than 40% of scorable metrics are available.,Completeness,6.25
458,Rocca,Low_Data_Completeness,High,Less than 40% of scorable metrics are available.,Completeness,18.75
459,KikoLive,Low_Data_Completeness,High,Less than 40% of scorable metrics are available.,Completeness,12.5
460,Melooha,Low_Data_Completeness,High,Less than 40% of scorable metrics are available.,Completeness,6.25
461,FUTRStudios,Low_Data_Completeness,High,Less than 40% of scorable metrics are available.,Completeness,6.25
462,Allter,Negative_EBITDA,Medium,EBITDA is negative.,EBITDA,-6.0
462,Allter,Low_Data_Completeness,High,Less than 40% of scorable metrics are available.,Completeness,12.5
463,FirstBudOrganics,Low_Data_Completeness,High,Less than 40% of scorable metrics are available.,Completeness,18.75
464,Shararat,Low_Data_Completeness,High,Less than 40% of scorable metrics are available.,Completeness,12.5
465,Competishun,Low_Data_Completeness,High,Less than 40% of scorable metrics are available.,Completeness,6.25
466,BombayClosetCleanse,Low_Data_Completeness,High,Less than 40% of scorable metrics are available.,Completeness,18.75
467,KioskKaffee,Low_Data_Completeness,High,Less than 40% of scorable metrics are available.,Completeness,12.5
468,NeonAttack,Low_Data_Completeness,High,Less than 40% of scorable metrics are available.,Completeness,18.75
469,PTal,Low_Data_Completeness,High,Less than 40% of scorable metrics are available.,Completeness,12.5
470,RoadPilot,Low_Data_Completeness,High,Less than 40% of scorable metrics are available.,Completeness,0.0
471,SmartMop,Low_Data_Completeness,High,Less than 40% of scorable metrics are available.,Completeness,0.0
472,Lea,Low_Data_Completeness,High,Less than 40% of scorable metrics are available.,Completeness,25.0
473,$KrishnaRama,Low_Data_Completeness,High,Less than 40% of scorable metrics are available.,Completeness,0.0
474,Rentit4me,Low_Gross_Margin,Medium,Gross margin is below 50%.,Gross_Margin,36.0
474,Rentit4me,Low_Data_Completeness,High,Less than 40% of scorable metrics are available.,Completeness,25.0
475,CoolTheGlobe,Low_Data_Completeness,High,Less than 40% of scorable metrics are available.,Completeness,6.25
476,Canvaloop,Low_Data_Completeness,High,Less than 40% of scorable metrics are available.,Completeness,18.75
477,DigitalPaani,Low_Gross_Margin,Medium,Gross margin is below 50%.,Gross_Margin,30.0
477,DigitalPaani,Low_Data_Completeness,High,Less than 40% of scorable metrics are available.,Completeness,12.5
478,FAEBeauty,Low_Data_Completeness,High,Less than 40% of scorable metrics are available.,Completeness,12.5
479,CONFECT,Low_Data_Completeness,High,Less than 40% of scorable metrics are available.,Completeness,6.25
480,Indulge,Low_Data_Completeness,High,Less than 40% of scorable metrics are available.,Completeness,6.25
481,BLFabric,Low_Data_Completeness,High,Less than 40% of scorable metrics are available.,Completeness,18.75
482,CultureCircle,Low_Data_Completeness,High,Less than 40% of scorable metrics are available.,Completeness,6.25
483,NexeraHealth,Low_Data_Completeness,High,Less than 40% of scorable metrics are available.,Completeness,0.0
484,NOOE,Low_Data_Completeness,High,Less than 40% of scorable metrics are available.,Completeness,12.5
485,GoZero,Low_Data_Completeness,High,Less than 40% of scorable metrics are available.,Completeness,12.5
486,CurveElectric,Low_Data_Completeness,High,Less than 40% of scorable metrics are available.,Completeness,0.0
487,Gudworld,Low_Data_Completeness,High,Less than 40% of scorable metrics are available.,Completeness,18.75
488,airth,Low_Data_Completeness,High,Less than 40% of scorable metrics are available.,Completeness,12.5
489,OneDios,Low_Data_Completeness,High,Less than 40% of scorable metrics are available.,Completeness,6.25
490,InnerGize,Low_Data_Completeness,High,Less than 40% of scorable metrics are available.,Completeness,0.0
491,PersonalTouchSkincare,Low_Data_Completeness,High,Less than 40% of scorable metrics are available.,Completeness,12.5
492,KIWIKisanWindow,Low_Data_Completeness,High,Less than 40% of scorable metrics are available.,Completeness,12.5
493,TripoleGear,Low_Gross_Margin,Medium,Gross margin is below 50%.,Gross_Margin,47.0
493,TripoleGear,Low_Data_Completeness,High,Less than 40% of scorable metrics are available.,Completeness,25.0
494,Neosapien,Low_Data_Completeness,High,Less than 40% of scorable metrics are available.,Completeness,0.0
495,MissCheesecake,Low_Data_Completeness,High,Less than 40% of scorable metrics are available.,Completeness,18.75
496,SpeedKitchen,Low_Data_Completeness,High,Less than 40% of scorable metrics are available.,Completeness,18.75
497,MudgarClub,Low_Data_Completeness,High,Less than 40% of scorable metrics are available.,Completeness,6.25
498,ImagiMake,Low_Data_Completeness,High,Less than 40% of scorable metrics are available.,Completeness,6.25
499,BeastLife,Low_Data_Completeness,High,Less than 40% of scorable metrics are available.,Completeness,6.25
500,GoDevil,Low_Data_Completeness,High,Less than 40% of scorable metrics are available.,Completeness,18.75
501,Havintha,Low_Data_Completeness,High,Less than 40% of scorable metrics are available.,Completeness,12.5
502,NurturingGreen,Low_Data_Completeness,High,Less than 40% of scorable metrics are available.,Completeness,18.75
503,kyari,Low_Data_Completeness,High,Less than 40% of scorable metrics are available.,Completeness,18.75
504,ProjectClay,Low_Data_Completeness,High,Less than 40% of scorable metrics are available.,Completeness,0.0
505,DeniBikes,Low_Data_Completeness,High,Less than 40% of scorable metrics are available.,Completeness,0.0
506,PrettyLittleShop,Low_Data_Completeness,High,Less than 40% of scorable metrics are available.,Completeness,18.75
507,Aquapeya,Low_Data_Completeness,High,Less than 40% of scorable metrics are available.,Completeness,12.5
508,Jarsh,Low_Data_Completeness,High,Less than 40% of scorable metrics are available.,Completeness,6.25
509,DACBY,Low_Gross_Margin,High,Gross margin is below 30%.,Gross_Margin,24.0
509,DACBY,Low_Data_Completeness,High,Less than 40% of scorable metrics are available.,Completeness,12.5
510,Shyle,Low_Data_Completeness,High,Less than 40% of scorable metrics are available.,Completeness,12.5
511,SavaniHeritage,Low_Data_Completeness,High,Less than 40% of scorable metrics are available.,Completeness,12.5
512,SNEAKINN,Low_Gross_Margin,Medium,Gross margin is below 50%.,Gross_Margin,43.0
512,SNEAKINN,Low_Data_Completeness,High,Less than 40% of scorable metrics are available.,Completeness,18.75
513,fupro,Low_Gross_Margin,Medium,Gross margin is below 50%.,Gross_Margin,45.0
513,fupro,Low_Data_Completeness,High,Less than 40% of scorable metrics are available.,Completeness,18.75
514,Kanvas,Low_Data_Completeness,High,Less than 40% of scorable metrics are available.,Completeness,12.5
515,ezo,Low_Data_Completeness,High,Less than 40% of scorable metrics are available.,Completeness,6.25
516,Seven,Low_Data_Completeness,High,Less than 40% of scorable metrics are available.,Completeness,6.25
517,TheFutureAnimations,Low_Data_Completeness,High,Less than 40% of scorable metrics are available.,Completeness,18.75
518,Aignosis,Low_Data_Completeness,High,Less than 40% of scorable metrics are available.,Completeness,0.0
519,Rosha,Low_Data_Completeness,High,Less than 40% of scorable metrics are available.,Completeness,12.5
520,MakeMyPayment,Low_Data_Completeness,High,Less than 40% of scorable metrics are available.,Completeness,0.0
521,PatchUp,Low_Data_Completeness,High,Less than 40% of scorable metrics are available.,Completeness,6.25
522,tikitoro,Low_Data_Completeness,High,Less than 40% of scorable metrics are available.,Completeness,12.5
523,Ashva,Low_Gross_Margin,Medium,Gross margin is below 50%.,Gross_Margin,49.0
523,Ashva,Low_Data_Completeness,High,Less than 40% of scorable metrics are available.,Completeness,12.5
524,AseemShakti,Low_Data_Completeness,High,Less than 40% of scorable metrics are available.,Completeness,12.5
525,RBDMachineTools,Low_Data_Completeness,High,Less than 40% of scorable metrics are available.,Completeness,18.75
526,MidasPaint,Low_Data_Completeness,High,Less than 40% of scorable metrics are available.,Completeness,0.0
527,GoodlandPickleball,Low_Data_Completeness,High,Less than 40% of scorable metrics are available.,Completeness,12.5
528,TheNaturikCo,Low_Data_Completeness,High,Less than 40% of scorable metrics are available.,Completeness,12.5
529,Metashot,Low_Data_Completeness,High,Less than 40% of scorable metrics are available.,Completeness,6.25
530,GabruDiChaap,Low_Data_Completeness,High,Less than 40% of scorable metrics are available.,Completeness,18.75
531,YaanMan,Low_Data_Completeness,High,Less than 40% of scorable metrics are available.,Completeness,6.25
532,SonicLamb,Low_Data_Completeness,High,Less than 40% of scorable metrics are available.,Completeness,12.5
533,Woolah,Low_Data_Completeness,High,Less than 40% of scorable metrics are available.,Completeness,18.75
534,EM5,Low_Data_Completeness,High,Less than 40% of scorable metrics are available.,Completeness,18.75
535,WomanLikeU,Low_Data_Completeness,High,Less than 40% of scorable metrics are available.,Completeness,18.75
536,BookLeafPublishing,Low_Data_Completeness,High,Less than 40% of scorable metrics are available.,Completeness,12.5
537,Str8bat,Low_Data_Completeness,High,Less than 40% of scorable metrics are available.,Completeness,12.5
538,Ruby'sOrganics,Low_Data_Completeness,High,Less than 40% of scorable metrics are available.,Completeness,6.25
539,TheGoodDoll,Low_Data_Completeness,High,Less than 40% of scorable metrics are available.,Completeness,6.25
540,Schickwheel,Low_Data_Completeness,High,Less than 40% of scorable metrics are available.,Completeness,0.0
541,ClapStoreToys,Low_Data_Completeness,High,Less than 40% of scorable metrics are available.,Completeness,18.75
542,RahejaSolarFoodProcessing,Low_Gross_Margin,High,Gross margin is below 30%.,Gross_Margin,15.0
542,RahejaSolarFoodProcessing,Low_Data_Completeness,High,Less than 40% of scorable metrics are available.,Completeness,12.5
543,Wanderlooms,Low_Data_Completeness,High,Less than 40% of scorable metrics are available.,Completeness,12.5
544,Ugees,Low_Data_Completeness,High,Less than 40% of scorable metrics are available.,Completeness,12.5
545,Alt.fCoworking,Low_Data_Completeness,High,Less than 40% of scorable metrics are available.,Completeness,12.5
546,BurgerBae,Low_Data_Completeness,High,Less than 40% of scorable metrics are available.,Completeness,25.0
547,BobaBhai,Low_Data_Completeness,High,Less than 40% of scorable metrics are available.,Completeness,6.25
548,Hexafun,Low_Data_Completeness,High,Less than 40% of scorable metrics are available.,Completeness,12.5
549,RepeatGud,Low_Data_Completeness,High,Less than 40% of scorable metrics are available.,Completeness,6.25
550,SkateSupplyIndia,Low_Data_Completeness,High,Less than 40% of scorable metrics are available.,Completeness,12.5
551,UtopianDrinks,Low_Data_Completeness,High,Less than 40% of scorable metrics are available.,Completeness,12.5
552,GOFIG,Low_Gross_Margin,Medium,Gross margin is below 50%.,Gross_Margin,35.0
552,GOFIG,Low_Data_Completeness,High,Less than 40% of scorable metrics are available.,Completeness,12.5
553,Joyspoon,Low_Data_Completeness,High,Less than 40% of scorable metrics are available.,Completeness,6.25
554,bambinos,Low_Data_Completeness,High,Less than 40% of scorable metrics are available.,Completeness,6.25
555,FundooLabs,Low_Data_Completeness,High,Less than 40% of scorable metrics are available.,Completeness,18.75
556,Gaon,Low_Data_Completeness,High,Less than 40% of scorable metrics are available.,Completeness,18.75
557,EriWeave,Low_Data_Completeness,High,Less than 40% of scorable metrics are available.,Completeness,18.75
558,PaleooBakes,Low_Data_Completeness,High,Less than 40% of scorable metrics are available.,Completeness,12.5
559,NeuraSim,Low_Data_Completeness,High,Less than 40% of scorable metrics are available.,Completeness,6.25
560,Offmint,Low_Data_Completeness,High,Less than 40% of scorable metrics are available.,Completeness,6.25
561,Chokhat,Low_Data_Completeness,High,Less than 40% of scorable metrics are available.,Completeness,18.75
562,ZenmaCoffee,Low_Data_Completeness,High,Less than 40% of scorable metrics are available.,Completeness,6.25
563,TheEleFant,Low_Data_Completeness,High,Less than 40% of scorable metrics are available.,Completeness,6.25
564,BetterNutrition,Low_Gross_Margin,Medium,Gross margin is below 50%.,Gross_Margin,40.0
564,BetterNutrition,Low_Data_Completeness,High,Less than 40% of scorable metrics are available.,Completeness,18.75
565,PinqPolka,Low_Data_Completeness,High,Less than 40% of scorable metrics are available.,Completeness,12.5
566,Vibrasense,Low_Data_Completeness,High,Less than 40% of scorable metrics are available.,Completeness,0.0
567,NearBook,Low_Data_Completeness,High,Less than 40% of scorable metrics are available.,Completeness,0.0
568,Memotag,Low_Data_Completeness,High,Less than 40% of scorable metrics are available.,Completeness,0.0
569,Klimate,Low_Data_Completeness,High,Less than 40% of scorable metrics are available.,Completeness,0.0
570,HealthFab,Low_Data_Completeness,High,Less than 40% of scorable metrics are available.,Completeness,6.25
571,PieMatrix,Low_Data_Completeness,High,Less than 40% of scorable metrics are available.,Completeness,12.5
572,Sudathi,Low_Data_Completeness,High,Less than 40% of scorable metrics are available.,Completeness,6.25
573,Moderate,Low_Data_Completeness,High,Less than 40% of scorable metrics are available.,Completeness,0.0
574,HireForCare,Low_Data_Completeness,High,Less than 40% of scorable metrics are available.,Completeness,0.0
575,DreamSmile,Low_Data_Completeness,High,Less than 40% of scorable metrics are available.,Completeness,6.25
576,Madmix,Low_Data_Completeness,High,Less than 40% of scorable metrics are available.,Completeness,0.0
577,Palmonas,Low_Data_Completeness,High,Less than 40% of scorable metrics are available.,Completeness,18.75
578,MKPowerAndMobility,Low_Data_Completeness,High,Less than 40% of scorable metrics are available.,Completeness,0.0
579,Nidhi'sGrandmaaSecret,Low_Data_Completeness,High,Less than 40% of scorable metrics are available.,Completeness,12.5
580,Solnce,Low_Gross_Margin,High,Gross margin is below 30%.,Gross_Margin,13.0
580,Solnce,Low_Data_Completeness,High,Less than 40% of scorable metrics are available.,Completeness,18.75
581,BornGood,Negative_EBITDA,Medium,EBITDA is negative.,EBITDA,-39.0
581,BornGood,Low_Data_Completeness,High,Less than 40% of scorable metrics are available.,Completeness,18.75
582,DorabiAndAmili,Low_Data_Completeness,High,Less than 40% of scorable metrics are available.,Completeness,12.5
583,ZebraLearn,Low_Data_Completeness,High,Less than 40% of scorable metrics are available.,Completeness,12.5
584,ExclusiveLane,Low_Data_Completeness,High,Less than 40% of scorable metrics are available.,Completeness,12.5
585,Medial,Low_Data_Completeness,High,Less than 40% of scorable metrics are available.,Completeness,0.0
586,PanchalDairy,Low_Data_Completeness,High,Less than 40% of scorable metrics are available.,Completeness,6.25
587,MusicPandit,Low_Data_Completeness,High,Less than 40% of scorable metrics are available.,Completeness,6.25
588,Cograd,Low_Data_Completeness,High,Less than 40% of scorable metrics are available.,Completeness,6.25
589,EatBetterCo,Low_Data_Completeness,High,Less than 40% of scorable metrics are available.,Completeness,12.5
590,Earthful,Negative_EBITDA,Medium,EBITDA is negative.,EBITDA,-14.0
590,Earthful,Low_Data_Completeness,High,Less than 40% of scorable metrics are available.,Completeness,12.5
591,Trajectory,Low_Data_Completeness,High,Less than 40% of scorable metrics are available.,Completeness,18.75
592,KaviThePoetry-ArtProject,Low_Data_Completeness,High,Less than 40% of scorable metrics are available.,Completeness,18.75
593,F2DF,Low_Data_Completeness,High,Less than 40% of scorable metrics are available.,Completeness,6.25
594,SugarStrings.ai,Low_Data_Completeness,High,Less than 40% of scorable metrics are available.,Completeness,0.0
595,MomsHome,Low_Data_Completeness,High,Less than 40% of scorable metrics are available.,Completeness,18.75
596,Catwalk,Low_Data_Completeness,High,Less than 40% of scorable metrics are available.,Completeness,12.5
597,Beautywise,Low_Data_Completeness,High,Less than 40% of scorable metrics are available.,Completeness,12.5
598,Ivory,Low_Data_Completeness,High,Less than 40% of scorable metrics are available.,Completeness,0.0
599,TheHousePartyBySavar,Low_Data_Completeness,High,Less than 40% of scorable metrics are available.,Completeness,12.5
600,GlowGlossary,Low_Data_Completeness,High,Less than 40% of scorable metrics are available.,Completeness,12.5
601,SinghDentalCare,Low_Data_Completeness,High,Less than 40% of scorable metrics are available.,Completeness,12.5
602,TribalVeda,Low_Gross_Margin,Medium,Gross margin is below 50%.,Gross_Margin,47.0
602,TribalVeda,Low_Data_Completeness,High,Less than 40% of scorable metrics are available.,Completeness,12.5
603,Anuvad,Low_Data_Completeness,High,Less than 40% of scorable metrics are available.,Completeness,6.25
604,Fitelo,Low_Data_Completeness,High,Less than 40% of scorable metrics are available.,Completeness,18.75
605,Nanighar,Low_Data_Completeness,High,Less than 40% of scorable metrics are available.,Completeness,6.25
606,GoodMonk,Low_Data_Completeness,High,Less than 40% of scorable metrics are available.,Completeness,18.75
607,Artbuzz,Negative_EBITDA,Medium,EBITDA is negative.,EBITDA,-10.0
607,Artbuzz,Low_Data_Completeness,High,Less than 40% of scorable metrics are available.,Completeness,12.5
608,Tulua,Low_Data_Completeness,High,Less than 40% of scorable metrics are available.,Completeness,18.75
609,Taffykids,Low_Data_Completeness,High,Less than 40% of scorable metrics are available.,Completeness,25.0
610,WhaleWearables,Low_Data_Completeness,High,Less than 40% of scorable metrics are available.,Completeness,0.0
611,Zingavita,Low_Data_Completeness,High,Less than 40% of scorable metrics are available.,Completeness,18.75
612,DhaagaLife,Low_Data_Completeness,High,Less than 40% of scorable metrics are available.,Completeness,12.5
613,Tileskraft,Low_Data_Completeness,High,Less than 40% of scorable metrics are available.,Completeness,6.25
614,Krishnsakhi,Low_Data_Completeness,High,Less than 40% of scorable metrics are available.,Completeness,18.75
615,BoreCharger,Low_Data_Completeness,High,Less than 40% of scorable metrics are available.,Completeness,12.5
616,SuperBolter,Low_Data_Completeness,High,Less than 40% of scorable metrics are available.,Completeness,0.0
617,HiveSchool,Low_Data_Completeness,High,Less than 40% of scorable metrics are available.,Completeness,0.0
618,Tintbox,Low_Data_Completeness,High,Less than 40% of scorable metrics are available.,Completeness,12.5
619,EasyRugs,Low_Data_Completeness,High,Less than 40% of scorable metrics are available.,Completeness,6.25
620,StylesTry,Low_Gross_Margin,Medium,Gross margin is below 50%.,Gross_Margin,43.0
620,StylesTry,Low_Data_Completeness,High,Less than 40% of scorable metrics are available.,Completeness,25.0
621,Quitci,Low_Data_Completeness,High,Less than 40% of scorable metrics are available.,Completeness,12.5
622,FitFeast,Negative_EBITDA,Medium,EBITDA is negative.,EBITDA,-5.0
622,FitFeast,Low_Data_Completeness,High,Less than 40% of scorable metrics are available.,Completeness,18.75
623,TheBearHouse,Low_Data_Completeness,High,Less than 40% of scorable metrics are available.,Completeness,12.5
624,UrbanAnimal,Low_Data_Completeness,High,Less than 40% of scorable metrics are available.,Completeness,0.0
625,Nooky,Low_Data_Completeness,High,Less than 40% of scorable metrics are available.,Completeness,6.25
626,Subculture,Low_Data_Completeness,High,Less than 40% of scorable metrics are available.,Completeness,6.25
627,Woodsmen,Low_Gross_Margin,Medium,Gross margin is below 50%.,Gross_Margin,46.0
627,Woodsmen,Low_Data_Completeness,High,Less than 40% of scorable metrics are available.,Completeness,6.25
628,BhavisyaPlast,Low_Data_Completeness,High,Less than 40% of scorable metrics are available.,Completeness,0.0
629,Ecoil,Low_Gross_Margin,Medium,Gross margin is below 50%.,Gross_Margin,40.0
629,Ecoil,Low_Data_Completeness,High,Less than 40% of scorable metrics are available.,Completeness,18.75
630,Rescript,Low_Data_Completeness,High,Less than 40% of scorable metrics are available.,Completeness,12.5
631,TickleYourArt,Low_Data_Completeness,High,Less than 40% of scorable metrics are available.,Completeness,6.25
632,Symbionic,Low_Data_Completeness,High,Less than 40% of scorable metrics are available.,Completeness,6.25
633,XLCinema,Low_Data_Completeness,High,Less than 40% of scorable metrics are available.,Completeness,6.25
634,TheCroffleGuys,Low_Data_Completeness,High,Less than 40% of scorable metrics are available.,Completeness,12.5
635,LewisiaWellness,Low_Data_Completeness,High,Less than 40% of scorable metrics are available.,Completeness,12.5
636,GuuglyWuugly,Low_Data_Completeness,High,Less than 40% of scorable metrics are available.,Completeness,0.0
637,EMoMee,Low_Data_Completeness,High,Less than 40% of scorable metrics are available.,Completeness,6.25
638,CaptureATrip,Low_Gross_Margin,Medium,Gross margin is below 50%.,Gross_Margin,30.0
638,CaptureATrip,Negative_EBITDA,Medium,EBITDA is negative.,EBITDA,-3.0
638,CaptureATrip,Low_Data_Completeness,High,Less than 40% of scorable metrics are available.,Completeness,6.25
639,Loopie,Low_Data_Completeness,High,Less than 40% of scorable metrics are available.,Completeness,6.25
640,SaveSage,Low_Data_Completeness,High,Less than 40% of scorable metrics are available.,Completeness,0.0
641,KalamLabs,Low_Data_Completeness,High,Less than 40% of scorable metrics are available.,Completeness,0.0
642,Panteazy,Low_Data_Completeness,High,Less than 40% of scorable metrics are available.,Completeness,6.25
643,GoatLife,Low_Data_Completeness,High,Less than 40% of scorable metrics are available.,Completeness,6.25
644,Planyt,Low_Data_Completeness,High,Less than 40% of scorable metrics are available.,Completeness,6.25
645,Avishkaar,Low_Data_Completeness,High,Less than 40% of scorable metrics are available.,Completeness,6.25
646,Emori,Low_Gross_Margin,Medium,Gross margin is below 50%.,Gross_Margin,35.0
646,Emori,Low_Data_Completeness,High,Less than 40% of scorable metrics are available.,Completeness,18.75
647,TrueDiamond,Low_Gross_Margin,Medium,Gross margin is below 50%.,Gross_Margin,35.0
647,TrueDiamond,Low_Data_Completeness,High,Less than 40% of scorable metrics are available.,Completeness,6.25
648,Smylo,Negative_EBITDA,Medium,EBITDA is negative.,EBITDA,-20.0
648,Smylo,Low_Data_Completeness,High,Less than 40% of scorable metrics are available.,Completeness,6.25
649,Nootie,Low_Gross_Margin,Medium,Gross margin is below 50%.,Gross_Margin,47.0
649,Nootie,Low_Data_Completeness,High,Less than 40% of scorable metrics are available.,Completeness,18.75
650,Pistabarfi,Low_Data_Completeness,High,Less than 40% of scorable metrics are available.,Completeness,12.5
651,CorelLifecare,Low_Data_Completeness,High,Less than 40% of scorable metrics are available.,Completeness,0.0
652,vryse,Low_Data_Completeness,High,Less than 40% of scorable metrics are available.,Completeness,0.0
653,MyPB,Low_Data_Completeness,High,Less than 40% of scorable metrics are available.,Completeness,6.25
654,xSTEP,Low_Data_Completeness,High,Less than 40% of scorable metrics are available.,Completeness,0.0
655,TruthAndHair,Low_Data_Completeness,High,Less than 40% of scorable metrics are available.,Completeness,6.25
656,MetaFashion,Low_Data_Completeness,High,Less than 40% of scorable metrics are available.,Completeness,0.0
657,Japam,Low_Data_Completeness,High,Less than 40% of scorable metrics are available.,Completeness,6.25
658,ZenBarefoot,Low_Data_Completeness,High,Less than 40% of scorable metrics are available.,Completeness,6.25
659,RIDEV,Low_Data_Completeness,High,Less than 40% of scorable metrics are available.,Completeness,6.25
660,Stroom,Low_Data_Completeness,High,Less than 40% of scorable metrics are available.,Completeness,0.0
661,TBFO,Low_Data_Completeness,High,Less than 40% of scorable metrics are available.,Completeness,6.25
662,Neurapexai,Low_Data_Completeness,High,Less than 40% of scorable metrics are available.,Completeness,0.0
663,Wrestlefanent,Low_Data_Completeness,High,Less than 40% of scorable metrics are available.,Completeness,0.0
664,Ayuvyaandimfresh,Low_Data_Completeness,High,Less than 40% of scorable metrics are available.,Completeness,12.5
665,EveryMorningCartel,Low_Data_Completeness,High,Less than 40% of scorable metrics are available.,Completeness,0.0
666,Cinefaistudios,Low_Data_Completeness,High,Less than 40% of scorable metrics are available.,Completeness,0.0
667,Sampark,Low_Data_Completeness,High,Less than 40% of scorable metrics are available.,Completeness,18.75
668,Sovrenn,Low_Data_Completeness,High,Less than 40% of scorable metrics are available.,Completeness,6.25
669,Multibagg.ai,Low_Data_Completeness,High,Less than 40% of scorable metrics are available.,Completeness,0.0
670,UprearBuild,Low_Data_Completeness,High,Less than 40% of scorable metrics are available.,Completeness,0.0
671,PaperPro,Low_Data_Completeness,High,Less than 40% of scorable metrics are available.,Completeness,6.25
672,Cosmohealth,Low_Data_Completeness,High,Less than 40% of scorable metrics are available.,Completeness,0.0
673,Gullylabs,Low_Data_Completeness,High,Less than 40% of scorable metrics are available.,Completeness,6.25
674,Twin,Low_Data_Completeness,High,Less than 40% of scorable metrics are available.,Completeness,0.0
675,RCXlight,Low_Data_Completeness,High,Less than 40% of scorable metrics are available.,Completeness,6.25
676,Awsum,Low_Data_Completeness,High,Less than 40% of scorable metrics are available.,Completeness,6.25
677,Phitku,Low_Data_Completeness,High,Less than 40% of scorable metrics are available.,Completeness,12.5
678,9DXRlabs,Low_Data_Completeness,High,Less than 40% of scorable metrics are available.,Completeness,0.0
679,Pureflow,Low_Data_Completeness,High,Less than 40% of scorable metrics are available.,Completeness,6.25
680,Getsnappy,Low_Data_Completeness,High,Less than 40% of scorable metrics are available.,Completeness,0.0
681,Awayddings,Low_Data_Completeness,High,Less than 40% of scorable metrics are available.,Completeness,0.0
682,Urbanwipe,Low_Data_Completeness,High,Less than 40% of scorable metrics are available.,Completeness,6.25
683,Antinorm,Low_Data_Completeness,High,Less than 40% of scorable metrics are available.,Completeness,6.25
684,Sepoy&co,Low_Data_Completeness,High,Less than 40% of scorable metrics are available.,Completeness,0.0
685,Bonkerscorner,Low_Data_Completeness,High,Less than 40% of scorable metrics are available.,Completeness,18.75
686,Bubbleme,Low_Data_Completeness,High,Less than 40% of scorable metrics are available.,Completeness,6.25
687,Outlive,Low_Data_Completeness,High,Less than 40% of scorable metrics are available.,Completeness,0.0
688,Metadrive,Low_Data_Completeness,High,Less than 40% of scorable metrics are available.,Completeness,0.0
689,Sparshbrush,Low_Data_Completeness,High,Less than 40% of scorable metrics are available.,Completeness,12.5
690,SheshaAyurveda,Low_Data_Completeness,High,Less than 40% of scorable metrics are available.,Completeness,0.0
691,Cookiecartel,Negative_EBITDA,Medium,EBITDA is negative.,EBITDA,-20.0
691,Cookiecartel,Low_Data_Completeness,High,Less than 40% of scorable metrics are available.,Completeness,12.5
692,AviaLitewings,Low_Data_Completeness,High,Less than 40% of scorable metrics are available.,Completeness,0.0
693,Aabo,Low_Data_Completeness,High,Less than 40% of scorable metrics are available.,Completeness,6.25
694,Krvvy,Negative_EBITDA,Medium,EBITDA is negative.,EBITDA,-13.0
694,Krvvy,Low_Data_Completeness,High,Less than 40% of scorable metrics are available.,Completeness,6.25
695,Invogue,Low_Data_Completeness,High,Less than 40% of scorable metrics are available.,Completeness,12.5
696,Taashacraft,Low_Data_Completeness,High,Less than 40% of scorable metrics are available.,Completeness,18.75
697,MishmashNaturals,Low_Data_Completeness,High,Less than 40% of scorable metrics are available.,Completeness,0.0
698,IndianSchoolOfCalisthenics,Low_Data_Completeness,High,Less than 40% of scorable metrics are available.,Completeness,0.0
699,Wholeleaf,Low_Data_Completeness,High,Less than 40% of scorable metrics are available.,Completeness,6.25
700,Mankomb,Low_Gross_Margin,Medium,Gross margin is below 50%.,Gross_Margin,40.0
700,Mankomb,Low_Data_Completeness,High,Less than 40% of scorable metrics are available.,Completeness,6.25
701,MadrasiKaapihouse,Negative_EBITDA,Medium,EBITDA is negative.,EBITDA,-2.0
701,MadrasiKaapihouse,Low_Data_Completeness,High,Less than 40% of scorable metrics are available.,Completeness,18.75
702,Soundverse,Low_Data_Completeness,High,Less than 40% of scorable metrics are available.,Completeness,6.25
703,Kilrr,Low_Data_Completeness,High,Less than 40% of scorable metrics are available.,Completeness,6.25
704,Offline,Low_Data_Completeness,High,Less than 40% of scorable metrics are available.,Completeness,6.25
705,PandasBox,Low_Data_Completeness,High,Less than 40% of scorable metrics are available.,Completeness,6.25
706,TheBindiProject,Low_Data_Completeness,High,Less than 40% of scorable metrics are available.,Completeness,6.25
707,VoxturnAI,Low_Data_Completeness,High,Less than 40% of scorable metrics are available.,Completeness,0.0
708,MyWonder,Low_Data_Completeness,High,Less than 40% of scorable metrics are available.,Completeness,0.0
709,Cotopay,Low_Data_Completeness,High,Less than 40% of scorable metrics are available.,Completeness,0.0
710,LocalAllNaturalSoda,Low_Data_Completeness,High,Less than 40% of scorable metrics are available.,Completeness,0.0
711,TheBingeTown,Low_Data_Completeness,High,Less than 40% of scorable metrics are available.,Completeness,12.5
712,PropFTX,Low_Data_Completeness,High,Less than 40% of scorable metrics are available.,Completeness,6.25
713,EightTimesEight,Low_Data_Completeness,High,Less than 40% of scorable metrics are available.,Completeness,0.0
714,Warriorworld,Low_Data_Completeness,High,Less than 40% of scorable metrics are available.,Completeness,31.25
715,Currently,Low_Data_Completeness,High,Less than 40% of scorable metrics are available.,Completeness,6.25
716,Anjanibooks,Low_Data_Completeness,High,Less than 40% of scorable metrics are available.,Completeness,0.0
717,Booon,Low_Data_Completeness,High,Less than 40% of scorable metrics are available.,Completeness,6.25
718,MeMeraki,Low_Data_Completeness,High,Less than 40% of scorable metrics are available.,Completeness,6.25
719,3Sisters,Low_Data_Completeness,High,Less than 40% of scorable metrics are available.,Completeness,6.25
720,Artociti,Low_Data_Completeness,High,Less than 40% of scorable metrics are available.,Completeness,18.75
721,Kreo,Low_Data_Completeness,High,Less than 40% of scorable metrics are available.,Completeness,6.25
722,Rosada,Low_Data_Completeness,High,Less than 40% of scorable metrics are available.,Completeness,6.25
723,BabyworksBySwapnil,Low_Data_Completeness,High,Less than 40% of scorable metrics are available.,Completeness,12.5
724,Gramiyaa,Low_Gross_Margin,High,Gross margin is below 30%.,Gross_Margin,28.0
724,Gramiyaa,Negative_EBITDA,Medium,EBITDA is negative.,EBITDA,-18.0
724,Gramiyaa,Low_Data_Completeness,High,Less than 40% of scorable metrics are available.,Completeness,18.75
725,MamaNourish,Low_Gross_Margin,Medium,Gross margin is below 50%.,Gross_Margin,48.0
725,MamaNourish,Low_Data_Completeness,High,Less than 40% of scorable metrics are available.,Completeness,12.5
726,Kelvin6k,Low_Data_Completeness,High,Less than 40% of scorable metrics are available.,Completeness,6.25
727,ANAApparels,Low_Data_Completeness,High,Less than 40% of scorable metrics are available.,Completeness,18.75
728,EzPac,Low_Data_Completeness,High,Less than 40% of scorable metrics are available.,Completeness,6.25
729,Gappu,Low_Data_Completeness,High,Less than 40% of scorable metrics are available.,Completeness,18.75
730,MisterVeg,Low_Data_Completeness,High,Less than 40% of scorable metrics are available.,Completeness,12.5
731,Saras,Low_Data_Completeness,High,Less than 40% of scorable metrics are available.,Completeness,0.0
732,Speechgears,Low_Data_Completeness,High,Less than 40% of scorable metrics are available.,Completeness,18.75
733,Heizen,Low_Data_Completeness,High,Less than 40% of scorable metrics are available.,Completeness,12.5
734,Pukaar.ai,Low_Data_Completeness,High,Less than 40% of scorable metrics are available.,Completeness,6.25
735,upsnac,Low_Data_Completeness,High,Less than 40% of scorable metrics are available.,Completeness,0.0
736,KotsonMattress,Low_Data_Completeness,High,Less than 40% of scorable metrics are available.,Completeness,0.0
737,Kalakrit,Low_Data_Completeness,High,Less than 40% of scorable metrics are available.,Completeness,0.0
738,SVSFood,Low_Data_Completeness,High,Less than 40% of scorable metrics are available.,Completeness,0.0
739,BeClinical,Low_Data_Completeness,High,Less than 40% of scorable metrics are available.,Completeness,12.5
740,Misfits,Low_Data_Completeness,High,Less than 40% of scorable metrics are available.,Completeness,0.0
741,KrimmyThickshakes,Low_Data_Completeness,High,Less than 40% of scorable metrics are available.,Completeness,12.5
742,CurryIt,Low_Data_Completeness,High,Less than 40% of scorable metrics are available.,Completeness,6.25
743,dubpro.ai,Low_Data_Completeness,High,Less than 40% of scorable metrics are available.,Completeness,6.25
744,Boingg,Low_Data_Completeness,High,Less than 40% of scorable metrics are available.,Completeness,6.25
745,Pragyan,Low_Data_Completeness,High,Less than 40% of scorable metrics are available.,Completeness,6.25
746,Sanchvi,Low_Data_Completeness,High,Less than 40% of scorable metrics are available.,Completeness,12.5
747,Trring,Low_Data_Completeness,High,Less than 40% of scorable metrics are available.,Completeness,0.0
748,Edinora,Low_Data_Completeness,High,Less than 40% of scorable metrics are available.,Completeness,6.25
749,RehabVeda,Low_Data_Completeness,High,Less than 40% of scorable metrics are available.,Completeness,0.0
750,Freshpod,Low_Data_Completeness,High,Less than 40% of scorable metrics are available.,Completeness,0.0
751,Modge,Low_Data_Completeness,High,Less than 40% of scorable metrics are available.,Completeness,12.5
752,OrbitWallet,Low_Data_Completeness,High,Less than 40% of scorable metrics are available.,Completeness,6.25
753,Hobfit,Low_Data_Completeness,High,Less than 40% of scorable metrics are available.,Completeness,6.25
754,Shichisoru,Low_Data_Completeness,High,Less than 40% of scorable metrics are available.,Completeness,6.25
755,Rimigo,Low_Data_Completeness,High,Less than 40% of scorable metrics are available.,Completeness,0.0
756,Everaw,Low_Data_Completeness,High,Less than 40% of scorable metrics are available.,Completeness,12.5
757,Coro,Low_Data_Completeness,High,Less than 40% of scorable metrics are available.,Completeness,0.0
758,Luzo,Low_Data_Completeness,High,Less than 40% of scorable metrics are available.,Completeness,0.0
759,F2Fintech,Low_Data_Completeness,High,Less than 40% of scorable metrics are available.,Completeness,0.0
760,Wellwith,Low_Data_Completeness,High,Less than 40% of scorable metrics are available.,Completeness,0.0
761,IndianHairWorld,Low_Data_Completeness,High,Less than 40% of scorable metrics are available.,Completeness,6.25
762,awenest,Low_Data_Completeness,High,Less than 40% of scorable metrics are available.,Completeness,18.75
763,HOOKd,Low_Data_Completeness,High,Less than 40% of scorable metrics are available.,Completeness,6.25
764,Littlecherrymom,Low_Data_Completeness,High,Less than 40% of scorable metrics are available.,Completeness,12.5
765,Stubb,Low_Data_Completeness,High,Less than 40% of scorable metrics are available.,Completeness,0.0
766,SoilSens,Low_Data_Completeness,High,Less than 40% of scorable metrics are available.,Completeness,12.5
767,Flashoot,Low_Data_Completeness,High,Less than 40% of scorable metrics are available.,Completeness,6.25
768,NapTapGo,Low_Data_Completeness,High,Less than 40% of scorable metrics are available.,Completeness,6.25
769,BlrPods,Low_Data_Completeness,High,Less than 40% of scorable metrics are available.,Completeness,0.0
770,Nytarra,Negative_EBITDA,Medium,EBITDA is negative.,EBITDA,-14.0
770,Nytarra,Low_Data_Completeness,High,Less than 40% of scorable metrics are available.,Completeness,25.0
771,BYLX,Low_Data_Completeness,High,Less than 40% of scorable metrics are available.,Completeness,12.5
772,Greenpista,Low_Data_Completeness,High,Less than 40% of scorable metrics are available.,Completeness,6.25
773,CTRUH,Low_Data_Completeness,High,Less than 40% of scorable metrics are available.,Completeness,0.0
774,SteamPRO,Low_Data_Completeness,High,Less than 40% of scorable metrics are available.,Completeness,12.5
775,Uptown,Low_Data_Completeness,High,Less than 40% of scorable metrics are available.,Completeness,6.25
776,KorinMi,Low_Data_Completeness,High,Less than 40% of scorable metrics are available.,Completeness,0.0
777,Dent@home,Low_Data_Completeness,High,Less than 40% of scorable metrics are available.,Completeness,12.5
778,Marbleous,Low_Data_Completeness,High,Less than 40% of scorable metrics are available.,Completeness,18.75
779,Fitkin,Low_Data_Completeness,High,Less than 40% of scorable metrics are available.,Completeness,18.75
780,KindFertility,Low_Data_Completeness,High,Less than 40% of scorable metrics are available.,Completeness,0.0
781,Namovardan,Low_Data_Completeness,High,Less than 40% of scorable metrics are available.,Completeness,6.25
782,Circato,Low_Data_Completeness,High,Less than 40% of scorable metrics are available.,Completeness,6.25
783,GreenAvartan,Low_Gross_Margin,Medium,Gross margin is below 50%.,Gross_Margin,30.0
783,GreenAvartan,Low_Data_Completeness,High,Less than 40% of scorable metrics are available.,Completeness,6.25
784,DhartiAmrit,Low_Data_Completeness,High,Less than 40% of scorable metrics are available.,Completeness,12.5
785,TwoWordsAway,Low_Data_Completeness,High,Less than 40% of scorable metrics are available.,Completeness,0.0
786,Floreal,Low_Data_Completeness,High,Less than 40% of scorable metrics are available.,Completeness,12.5
787,MyPerro,Low_Data_Completeness,High,Less than 40% of scorable metrics are available.,Completeness,0.0
788,PeerX,Low_Data_Completeness,High,Less than 40% of scorable metrics are available.,Completeness,0.0
