Startup_Name,Risk_Score,Risk_Level,High_Flags,Medium_Flags,Low_Flags,Total_Flags
BluePineFoods,42.5,Medium Risk,1,0,0,1
BoozScooters,42.5,Medium Risk,1,0,0,1
HeartUpMySleeves,43.75,Medium Risk,1,0,0,1
TagzFoods,54.5,Medium Risk,1,1,0,2
HeadAndHeart,43.75,Medium Risk,1,0,0,1
Agritourism,43.75,Medium Risk,1,0,0,1
qZenseLabs,42.5,Medium Risk,1,0,0,1
Peeschute,43.75,Medium Risk,1,0,0,1
NOCD,43.75,Medium Risk,1,0,0,1
CosIQ,40.0,Medium Risk,1,0,0,1
JhaJiAchaar,67.5,High Risk,2,0,0,2
Bummer,41.25,Medium Risk,1,0,0,1
RevampMoto,43.75,Medium Risk,1,0,0,1
HungryHead,43.75,Medium Risk,1,0,0,1
ShrawaniEngineers,43.75,Medium Risk,1,0,0,1
SkippiIcePops,43.75,Medium Risk,1,0,0,1
Menstrupedia,67.5,High Risk,2,0,0,2
Hecoll,43.75,Medium Risk,1,0,0,1
RaisingSuperstars,43.75,Medium Risk,1,0,0,1
Torch-it,42.5,Medium Risk,1,0,0,1
Kavach,45.0,Medium Risk,1,0,0,1
LaKheerDeli,43.75,Medium Risk,1,0,0,1
BeyondSnack,41.25,Medium Risk,1,0,0,1
VivalyfInnovations,43.75,Medium Risk,1,0,0,1
MotionBreeze,43.75,Medium Risk,1,0,0,1
Altor,45.0,Medium Risk,1,0,0,1
Ariro,41.25,Medium Risk,1,0,0,1
KabiraHandmad,66.25,High Risk,2,0,0,2
Nuutjob,42.5,Medium Risk,1,0,0,1
Meatyour,53.25,Medium Risk,1,1,0,2
EventBeep,43.75,Medium Risk,1,0,0,1
Gopal's56,66.25,High Risk,2,0,0,2
ARRCOATSurfaceTextures,42.5,Medium Risk,1,0,0,1
Farda,42.5,Medium Risk,1,0,0,1
Auli,40.0,Medium Risk,1,0,0,1
SweeDesi,45.0,Medium Risk,1,0,0,1
LOKA,45.0,Medium Risk,1,0,0,1
Annie,41.25,Medium Risk,1,0,0,1
Carragreen,45.0,Medium Risk,1,0,0,1
TheYarnBazaar,43.75,Medium Risk,1,0,0,1
TheRenalProject,43.75,Medium Risk,1,0,0,1
MorrikoPureFoods,43.75,Medium Risk,1,0,0,1
GoodGoodPiggy,43.75,Medium Risk,1,0,0,1
HammerLifestyle,43.75,Medium Risk,1,0,0,1
PNTRobotics,45.0,Medium Risk,1,0,0,1
Cocofit,42.5,Medium Risk,1,0,0,1
BambooIndia,42.5,Medium Risk,1,0,0,1
FlyingFur,45.0,Medium Risk,1,0,0,1
BeyondWater,43.75,Medium Risk,1,0,0,1
Let'sTry,41.25,Medium Risk,1,0,0,1
FindYourKicksIndia,43.75,Medium Risk,1,0,0,1
AasVidyalaya,43.75,Medium Risk,1,0,0,1
Outbox,43.75,Medium Risk,1,0,0,1
RoadBounce,43.75,Medium Risk,1,0,0,1
Mommy'sKitchen,42.5,Medium Risk,1,0,0,1
IndiaHempandCo,42.5,Medium Risk,1,0,0,1
Otua,45.0,Medium Risk,1,0,0,1
Anthyesti,41.25,Medium Risk,1,0,0,1
Ethik,42.5,Medium Risk,1,0,0,1
WeSTOCK,43.75,Medium Risk,1,0,0,1
KetoIndia,42.5,Medium Risk,1,0,0,1
Magiclock,43.75,Medium Risk,1,0,0,1
TheStatePlate,54.5,Medium Risk,1,1,0,2
Bakarmax,42.5,Medium Risk,1,0,0,1
INACAN,43.75,Medium Risk,1,0,0,1
Get-A-Whey,40.0,Medium Risk,1,0,0,1
Sid07Designs,43.75,Medium Risk,1,0,0,1
TheQuirkyNaari,43.75,Medium Risk,1,0,0,1
HairOriginals,42.5,Medium Risk,1,0,0,1
Poo-de-Cologne,42.5,Medium Risk,1,0,0,1
Moonshine,42.5,Medium Risk,1,0,0,1
Falhari,67.5,High Risk,2,0,0,2
NamhyaFoods,42.5,Medium Risk,1,0,0,1
UrbanMonkey,41.25,Medium Risk,1,0,0,1
GuardianGears,40.0,Medium Risk,1,0,0,1
ModernMyth,43.75,Medium Risk,1,0,0,1
TheSassBar,41.25,Medium Risk,1,0,0,1
KGAgrotech,43.75,Medium Risk,1,0,0,1
NuskhaKitchen,43.75,Medium Risk,1,0,0,1
PawsIndia,41.25,Medium Risk,1,0,0,1
SunfoxTechnologies,42.5,Medium Risk,1,0,0,1
Alpino,55.75,Medium Risk,1,1,0,2
IsakFragrances,43.75,Medium Risk,1,0,0,1
JulaaAutomation,43.75,Medium Risk,1,0,0,1
RarePlanet,42.5,Medium Risk,1,0,0,1
ThekaCoffee,42.5,Medium Risk,1,0,0,1
WattTechnovations,45.0,Medium Risk,1,0,0,1
AlisteTechnologies,41.25,Medium Risk,1,0,0,1
InsuranceSamadhan,42.5,Medium Risk,1,0,0,1
HumpyA2,54.5,Medium Risk,1,1,0,2
KunafaWorld,41.25,Medium Risk,1,0,0,1
GoldSafeSolutions,67.5,High Risk,2,0,0,2
WakaoFoods,42.5,Medium Risk,1,0,0,1
PDDFalcon,54.5,Medium Risk,1,1,0,2
PlayBoxTV,42.5,Medium Risk,1,0,0,1
Sippline,45.0,Medium Risk,1,0,0,1
KabaddiAdda,41.25,Medium Risk,1,0,0,1
ShadesofSpring,54.5,Medium Risk,1,1,0,2
Scholify,43.75,Medium Risk,1,0,0,1
Scrapshala,42.5,Medium Risk,1,0,0,1
Sabjikothi,43.75,Medium Risk,1,0,0,1
AyuRythm,45.0,Medium Risk,1,0,0,1
Astrix,42.5,Medium Risk,1,0,0,1
TheaAndSid,40.0,Medium Risk,1,0,0,1
ExperentialEtc,43.75,Medium Risk,1,0,0,1
GrowFitter,43.75,Medium Risk,1,0,0,1
C3Med-Tech,45.0,Medium Risk,1,0,0,1
ColourMeMad-CMM,43.75,Medium Risk,1,0,0,1
Mavi's,43.75,Medium Risk,1,0,0,1
TweekLabs,45.0,Medium Risk,1,0,0,1
Proxgy,45.0,Medium Risk,1,0,0,1
NomadFoodProject,42.5,Medium Risk,1,0,0,1
TweeInOne,45.0,Medium Risk,1,0,0,1
GreenProtein,54.5,Medium Risk,1,1,0,2
On2Cook,43.75,Medium Risk,1,0,0,1
JainShikanji,43.75,Medium Risk,1,0,0,1
Woloo,43.75,Medium Risk,1,0,0,1
ElcareIndia,54.5,Medium Risk,1,1,0,2
SneaKare,43.75,Medium Risk,1,0,0,1
FrenchCrown,42.5,Medium Risk,1,0,0,1
StoreMyGoods,43.75,Medium Risk,1,0,0,1
Devnagri,43.75,Medium Risk,1,0,0,1
WitBlox,45.0,Medium Risk,1,0,0,1
Kineer,43.75,Medium Risk,1,0,0,1
PiChem,42.5,Medium Risk,1,0,0,1
Clensta,43.75,Medium Risk,1,0,0,1
InfinitiInsects,43.75,Medium Risk,1,0,0,1
AshwaPro,45.0,Medium Risk,1,0,0,1
Mine4Nine,43.75,Medium Risk,1,0,0,1
StudioBeej,43.75,Medium Risk,1,0,0,1
Sattuz,43.75,Medium Risk,1,0,0,1
Scintiglo,43.75,Medium Risk,1,0,0,1
Glii,45.0,Medium Risk,1,0,0,1
StanleeIndia,45.0,Medium Risk,1,0,0,1
SpaceKidzIndia,45.0,Medium Risk,1,0,0,1
UrbanNaps,45.0,Medium Risk,1,0,0,1
Gizmoswala,54.5,Medium Risk,1,1,0,2
ZyppElectric,45.0,Medium Risk,1,0,0,1
Picsniff,45.0,Medium Risk,1,0,0,1
Deciwood,45.0,Medium Risk,1,0,0,1
HappyBar,43.75,Medium Risk,1,0,0,1
Tathastulive,45.0,Medium Risk,1,0,0,1
BandsandCups,42.5,Medium Risk,1,0,0,1
MyWealthProtector,43.75,Medium Risk,1,0,0,1
TheIris,45.0,Medium Risk,1,0,0,1
Canebot,43.75,Medium Risk,1,0,0,1
OyeDelhiOye,45.0,Medium Risk,1,0,0,1
InaliAssistiveTech,45.0,Medium Risk,1,0,0,1
Meera'sCelebrations,45.0,Medium Risk,1,0,0,1
Artment,43.75,Medium Risk,1,0,0,1
Powertree,45.0,Medium Risk,1,0,0,1
Eume,43.75,Medium Risk,1,0,0,1
Hoovu,43.75,Medium Risk,1,0,0,1
Dorji,43.75,Medium Risk,1,0,0,1
Recode,45.0,Medium Risk,1,0,0,1
VeryMuchIndian,54.5,Medium Risk,1,1,0,2
WatchoutWearables,43.75,Medium Risk,1,0,0,1
SoupX,55.75,Medium Risk,1,1,0,2
ATMOSPHERE,45.0,Medium Risk,1,0,0,1
Stage,45.0,Medium Risk,1,0,0,1
Girgit,45.0,Medium Risk,1,0,0,1
GearHeadMotors,45.0,Medium Risk,1,0,0,1
PatilKaki,45.0,Medium Risk,1,0,0,1
Brandsdaddy,42.5,Medium Risk,1,0,0,1
Winston,43.75,Medium Risk,1,0,0,1
Flatheads,45.0,Medium Risk,1,0,0,1
OrganicSmokes,43.75,Medium Risk,1,0,0,1
TeaFit,45.0,Medium Risk,1,0,0,1
Haqdarshak,45.0,Medium Risk,1,0,0,1
Bhaskar'sPuranpoliGhar,45.0,Medium Risk,1,0,0,1
GunjanAppsStudios,43.75,Medium Risk,1,0,0,1
TheSimplySalad,45.0,Medium Risk,1,0,0,1
AyuSynk,45.0,Medium Risk,1,0,0,1
AtypicalAdvantage,45.0,Medium Risk,1,0,0,1
HouseOfChikankari,45.0,Medium Risk,1,0,0,1
MagicOfMemories,45.0,Medium Risk,1,0,0,1
Paradyes,43.75,Medium Risk,1,0,0,1
Nestroots,45.0,Medium Risk,1,0,0,1
Zillionaire,43.75,Medium Risk,1,0,0,1
Credmate,43.75,Medium Risk,1,0,0,1
Freebowler,45.0,Medium Risk,1,0,0,1
ABCSports&Fitness,45.0,Medium Risk,1,0,0,1
Primebook,45.0,Medium Risk,1,0,0,1
DailyDump,45.0,Medium Risk,1,0,0,1
GharSoaps,45.0,Medium Risk,1,0,0,1
Janitri,45.0,Medium Risk,1,0,0,1
JaipurWatchCompany,43.75,Medium Risk,1,0,0,1
InsideFPV,45.0,Medium Risk,1,0,0,1
Angrakhaa,45.0,Medium Risk,1,0,0,1
Diabexy,43.75,Medium Risk,1,0,0,1
Kyari,43.75,Medium Risk,1,0,0,1
MoppFoods,45.0,Medium Risk,1,0,0,1
Econiture,45.0,Medium Risk,1,0,0,1
Dobiee,67.5,High Risk,2,0,0,2
FastBeetle,42.5,Medium Risk,1,0,0,1
Pflow,43.75,Medium Risk,1,0,0,1
VSMani,43.75,Medium Risk,1,0,0,1
Sepal,55.75,Medium Risk,1,1,0,2
Solinas,43.75,Medium Risk,1,0,0,1
AvimeeHerbal,42.5,Medium Risk,1,0,0,1
eyenic,53.25,Medium Risk,1,1,0,2
ekatra,41.25,Medium Risk,1,0,0,1
Raasa,45.0,Medium Risk,1,0,0,1
NeoMotion,43.75,Medium Risk,1,0,0,1
licksters,42.5,Medium Risk,1,0,0,1
Sayonara,43.75,Medium Risk,1,0,0,1
PMV,43.75,Medium Risk,1,0,0,1
SpiceStory,42.5,Medium Risk,1,0,0,1
Bullspree,45.0,Medium Risk,1,0,0,1
Snitch,45.0,Medium Risk,1,0,0,1
Portl,55.75,Medium Risk,1,1,0,2
FatToSlim,43.75,Medium Risk,1,0,0,1
CheeseCake&Co.,43.75,Medium Risk,1,0,0,1
Dabble,41.25,Medium Risk,1,0,0,1
CloudTailor,43.75,Medium Risk,1,0,0,1
BeUnic,42.5,Medium Risk,1,0,0,1
Broomees,45.0,Medium Risk,1,0,0,1
Ravel,43.75,Medium Risk,1,0,0,1
HoneyVeda,67.5,High Risk,2,0,0,2
PadCare,43.75,Medium Risk,1,0,0,1
SwadeshiBlessings,41.25,Medium Risk,1,0,0,1
OLL,45.0,Medium Risk,1,0,0,1
Febris,41.25,Medium Risk,1,0,0,1
Geeani,45.0,Medium Risk,1,0,0,1
Amore,45.0,Medium Risk,1,0,0,1
LeafyAffair,41.25,Medium Risk,1,0,0,1
ScrapUncle,67.5,High Risk,2,0,0,2
SharmaJiKiAata,42.5,Medium Risk,1,0,0,1
Manetain,41.25,Medium Risk,1,0,0,1
GavinParis,42.5,Medium Risk,1,0,0,1
UnStop,42.5,Medium Risk,1,0,0,1
BlueTea,42.5,Medium Risk,1,0,0,1
TheGreenSnack,43.75,Medium Risk,1,0,0,1
HobbyIndia,43.75,Medium Risk,1,0,0,1
Flhexible,52.0,Medium Risk,1,1,0,2
UpThrust,41.25,Medium Risk,1,0,0,1
Zoff,43.75,Medium Risk,1,0,0,1
DesiToys,40.0,Medium Risk,1,0,0,1
CloudWorx,43.75,Medium Risk,1,0,0,1
Mahantam,45.0,Medium Risk,1,0,0,1
MindPeers,45.0,Medium Risk,1,0,0,1
Barosi,54.5,Medium Risk,1,1,0,2
Daryaganj,43.75,Medium Risk,1,0,0,1
DhruvVidyut,45.0,Medium Risk,1,0,0,1
CELLBELL,42.5,Medium Risk,1,0,0,1
Tipayi,52.0,Medium Risk,1,1,0,2
DigiQure,45.0,Medium Risk,1,0,0,1
Nirmalaya,43.75,Medium Risk,1,0,0,1
Pabiben,42.5,Medium Risk,1,0,0,1
Homestrap,43.75,Medium Risk,1,0,0,1
uBreathe,45.0,Medium Risk,1,0,0,1
Deyor,67.5,High Risk,2,0,0,2
iMumz,45.0,Medium Risk,1,0,0,1
TheHealthyBinge,43.75,Medium Risk,1,0,0,1
Freakins,43.75,Medium Risk,1,0,0,1
Perfora,43.75,Medium Risk,1,0,0,1
MidNightAngelsByPC,41.25,Medium Risk,1,0,0,1
CureSee,42.5,Medium Risk,1,0,0,1
MeduLance,42.5,Medium Risk,1,0,0,1
Cakelicious,41.25,Medium Risk,1,0,0,1
Bowled.io,45.0,Medium Risk,1,0,0,1
Toyshine,41.25,Medium Risk,1,0,0,1
neuphony,45.0,Medium Risk,1,0,0,1
Amrutam,43.75,Medium Risk,1,0,0,1
HoloKitab,43.75,Medium Risk,1,0,0,1
Zoe,43.75,Medium Risk,1,0,0,1
Hornback,45.0,Medium Risk,1,0,0,1
Malaki,40.0,Medium Risk,1,0,0,1
nanoclean,42.5,Medium Risk,1,0,0,1
DesmondJi,42.5,Medium Risk,1,0,0,1
Cremeitalia,43.75,Medium Risk,1,0,0,1
nawgati,45.0,Medium Risk,1,0,0,1
Swytchd,45.0,Medium Risk,1,0,0,1
GladFul,43.75,Medium Risk,1,0,0,1
Pharmallama,43.75,Medium Risk,1,0,0,1
CraveRajaFoods,40.0,Medium Risk,1,0,0,1
VAPerfume,42.5,Medium Risk,1,0,0,1
Hood,43.75,Medium Risk,1,0,0,1
TwistingScoops,43.75,Medium Risk,1,0,0,1
GROWiT,68.75,High Risk,2,0,0,2
Makino,54.5,Medium Risk,1,1,0,2
Trunome,45.0,Medium Risk,1,0,0,1
Wol3D,55.75,Medium Risk,1,1,0,2
What'sUpWellness,43.75,Medium Risk,1,0,0,1
ProostBeer,45.0,Medium Risk,1,0,0,1
DrCubes,53.25,Medium Risk,1,1,0,2
MetroRide,42.5,Medium Risk,1,0,0,1
Conker,40.0,Medium Risk,1,0,0,1
WTF,45.0,Medium Risk,1,0,0,1
funngro,45.0,Medium Risk,1,0,0,1
Aadvik,42.5,Medium Risk,1,0,0,1
oyehappy,41.25,Medium Risk,1,0,0,1
HealthyMaster,54.5,Medium Risk,1,1,0,2
Kitsons,45.0,Medium Risk,1,0,0,1
LondonBubble,45.0,Medium Risk,1,0,0,1
WaggyZone,41.25,Medium Risk,1,0,0,1
NutriCook,43.75,Medium Risk,1,0,0,1
Subhag,43.75,Medium Risk,1,0,0,1
SinghStyled,43.75,Medium Risk,1,0,0,1
ZSportsTech,43.75,Medium Risk,1,0,0,1
ThePlatedProject,45.0,Medium Risk,1,0,0,1
VsnapU,43.75,Medium Risk,1,0,0,1
TheHealthyFactory,43.75,Medium Risk,1,0,0,1
Brevistay,43.75,Medium Risk,1,0,0,1
SoulUp,45.0,Medium Risk,1,0,0,1
TheBigBookBoxChapterOneBooks,43.75,Medium Risk,1,0,0,1
Rubans,43.75,Medium Risk,1,0,0,1
SameNotification,45.0,Medium Risk,1,0,0,1
BottomLineSprays,43.75,Medium Risk,1,0,0,1
LilGoodness,42.5,Medium Risk,1,0,0,1
ForeverModest,43.75,Medium Risk,1,0,0,1
Sahayatha,45.0,Medium Risk,1,0,0,1
WickedGud,45.0,Medium Risk,1,0,0,1
maisha,45.0,Medium Risk,1,0,0,1
NishHair,41.25,Medium Risk,1,0,0,1
MYBYK,45.0,Medium Risk,1,0,0,1
GODESi,43.75,Medium Risk,1,0,0,1
TAC,45.0,Medium Risk,1,0,0,1
Naara-Aaba,42.5,Medium Risk,1,0,0,1
StyloBug,41.25,Medium Risk,1,0,0,1
ZenOnco,43.75,Medium Risk,1,0,0,1
HonestHome,41.25,Medium Risk,1,0,0,1
AdilQadri,41.25,Medium Risk,1,0,0,1
ConsciousChemist,42.5,Medium Risk,1,0,0,1
TheCinnamonKitchen,43.75,Medium Risk,1,0,0,1
WtfGyms,43.75,Medium Risk,1,0,0,1
Intervue,43.75,Medium Risk,1,0,0,1
RodBez,43.75,Medium Risk,1,0,0,1
Blix,41.25,Medium Risk,1,0,0,1
Homversity,43.75,Medium Risk,1,0,0,1
TURMS,42.5,Medium Risk,1,0,0,1
mintree,43.75,Medium Risk,1,0,0,1
80Wash,45.0,Medium Risk,1,0,0,1
DilFoods,43.75,Medium Risk,1,0,0,1
AIKavach/Panoplia,45.0,Medium Risk,1,0,0,1
Bartisans,41.25,Medium Risk,1,0,0,1
Aretto,41.25,Medium Risk,1,0,0,1
Kalakaram,41.25,Medium Risk,1,0,0,1
NabhiSutra,41.25,Medium Risk,1,0,0,1
Zorko,52.0,Medium Risk,1,1,0,2
Tramboo,41.25,Medium Risk,1,0,0,1
WeHear,42.5,Medium Risk,1,0,0,1
Tiggle,42.5,Medium Risk,1,0,0,1
WYLDCard,45.0,Medium Risk,1,0,0,1
upliance.ai,45.0,Medium Risk,1,0,0,1
PizzaGalleria,42.5,Medium Risk,1,0,0,1
AiCars,45.0,Medium Risk,1,0,0,1
RooftopApp,45.0,Medium Risk,1,0,0,1
GoenchiFeni,55.75,Medium Risk,1,1,0,2
Arata,41.25,Medium Risk,1,0,0,1
Vecros,42.5,Medium Risk,1,0,0,1
GudGum,45.0,Medium Risk,1,0,0,1
EvaScalp,41.25,Medium Risk,1,0,0,1
Elitty,53.25,Medium Risk,1,1,0,2
HoneyTwigs,42.5,Medium Risk,1,0,0,1
Koparo,42.5,Medium Risk,1,0,0,1
2Ballz,43.75,Medium Risk,1,0,0,1
JewelBox,43.75,Medium Risk,1,0,0,1
DaakRoom,43.75,Medium Risk,1,0,0,1
Nuvedo,43.75,Medium Risk,1,0,0,1
WALK,45.0,Medium Risk,1,0,0,1
RajaRaniCoaching,43.75,Medium Risk,1,0,0,1
DecodeAge,42.5,Medium Risk,1,0,0,1
ALittleExtra,42.5,Medium Risk,1,0,0,1
Assembly,43.75,Medium Risk,1,0,0,1
NasherMiles,43.75,Medium Risk,1,0,0,1
AltCo,42.5,Medium Risk,1,0,0,1
Without,45.0,Medium Risk,1,0,0,1
Kibo,42.5,Medium Risk,1,0,0,1
VOLD,53.25,Medium Risk,1,1,0,2
Quirksmith,41.25,Medium Risk,1,0,0,1
UrbanSpace,42.5,Medium Risk,1,0,0,1
HyperLab,45.0,Medium Risk,1,0,0,1
EcoBiotraps,65.0,High Risk,2,0,0,2
Hoora,42.5,Medium Risk,1,0,0,1
YesMadam,43.75,Medium Risk,1,0,0,1
Zerodor,42.5,Medium Risk,1,0,0,1
ToffeeCoffeeRoasters,41.25,Medium Risk,1,0,0,1
PushSports,42.5,Medium Risk,1,0,0,1
ORBO,43.75,Medium Risk,1,0,0,1
CannazoIndia,42.5,Medium Risk,1,0,0,1
Chefling,40.0,Medium Risk,1,0,0,1
IntenseFocus,41.25,Medium Risk,1,0,0,1
MilletAmma,42.5,Medium Risk,1,0,0,1
D'chica,42.5,Medium Risk,1,0,0,1
Refit,66.25,High Risk,2,0,0,2
HouseOfBeautyIndia,43.75,Medium Risk,1,0,0,1
Artinci,41.25,Medium Risk,1,0,0,1
TheRageRoom,45.0,Medium Risk,1,0,0,1
Aastey,43.75,Medium Risk,1,0,0,1
Matri,45.0,Medium Risk,1,0,0,1
Rubbabu,42.5,Medium Risk,1,0,0,1
GulaboJaipur,41.25,Medium Risk,1,0,0,1
AristaVault,42.5,Medium Risk,1,0,0,1
ToHands,45.0,Medium Risk,1,0,0,1
PlusGold,45.0,Medium Risk,1,0,0,1
Aroleap,43.75,Medium Risk,1,0,0,1
Cosmix,41.25,Medium Risk,1,0,0,1
Fabriclore,43.75,Medium Risk,1,0,0,1
PolishMePretty,45.0,Medium Risk,1,0,0,1
GridMats,43.75,Medium Risk,1,0,0,1
UnclePetersPanCakes,41.25,Medium Risk,1,0,0,1
CreativeHatti,42.5,Medium Risk,1,0,0,1
CandidMen,42.5,Medium Risk,1,0,0,1
Flyrobe,41.25,Medium Risk,1,0,0,1
WiseLife,40.0,Medium Risk,1,0,0,1
Cervicheck,45.0,Medium Risk,1,0,0,1
Eatverse,41.25,Medium Risk,1,0,0,1
AvataarSkincare,42.5,Medium Risk,1,0,0,1
ChalteFirteMangalkaryalay,45.0,Medium Risk,1,0,0,1
KryzenBiotech,43.75,Medium Risk,1,0,0,1
FOMO,42.5,Medium Risk,1,0,0,1
ModelVerse,45.0,Medium Risk,1,0,0,1
VikrantBikes,45.0,Medium Risk,1,0,0,1
TheShellHair,41.25,Medium Risk,1,0,0,1
Rize,43.75,Medium Risk,1,0,0,1
MEPACK,45.0,Medium Risk,1,0,0,1
BaccaBucci,41.25,Medium Risk,1,0,0,1
Vobble,45.0,Medium Risk,1,0,0,1
BeUNatural,41.25,Medium Risk,1,0,0,1
Erotissch,40.0,Medium Risk,1,0,0,1
Niblerzz,53.25,Medium Risk,1,1,0,2
Sorich,53.25,Medium Risk,1,1,0,2
LittleBox,40.0,Medium Risk,1,0,0,1
CremeCastle,41.25,Medium Risk,1,0,0,1
Namakwali,41.25,Medium Risk,1,0,0,1
KariboCosmetics,41.25,Medium Risk,1,0,0,1
Deeva,40.0,Medium Risk,1,0,0,1
DesignTemplate,42.5,Medium Risk,1,0,0,1
Sama,41.25,Medium Risk,1,0,0,1
GoldenFeathers,43.75,Medium Risk,1,0,0,1
Myracle.io,45.0,Medium Risk,1,0,0,1
Cup-ji,53.25,Medium Risk,1,1,0,2
AToddlerThing,40.0,Medium Risk,1,0,0,1
FlexifyMe,42.5,Medium Risk,1,0,0,1
Dharaksha,45.0,Medium Risk,1,0,0,1
iDreamCareer,43.75,Medium Risk,1,0,0,1
RockPaperRum,45.0,Medium Risk,1,0,0,1
Fit&Flex,41.25,Medium Risk,1,0,0,1
Sukham,42.5,Medium Risk,1,0,0,1
Smotect,40.0,Medium Risk,1,0,0,1
Katidhan,41.25,Medium Risk,1,0,0,1
NEMAAI,43.75,Medium Risk,1,0,0,1
MaplePods,45.0,Medium Risk,1,0,0,1
SpecOps,65.0,High Risk,2,0,0,2
KaabilKids,43.75,Medium Risk,1,0,0,1
OddGiraffe,41.25,Medium Risk,1,0,0,1
Nemocare,42.5,Medium Risk,1,0,0,1
WhySoBlue,42.5,Medium Risk,1,0,0,1
CoratiaTechnologies,43.75,Medium Risk,1,0,0,1
Coolant,43.75,Medium Risk,1,0,0,1
Xmachines,43.75,Medium Risk,1,0,0,1
Luvottica,41.25,Medium Risk,1,0,0,1
FarmDidi,41.25,Medium Risk,1,0,0,1
Popcorn,52.0,Medium Risk,1,1,0,2
Prorata,43.75,Medium Risk,1,0,0,1
Indigifts,40.0,Medium Risk,1,0,0,1
AlienVersions,43.75,Medium Risk,1,0,0,1
Rocca,41.25,Medium Risk,1,0,0,1
KikoLive,42.5,Medium Risk,1,0,0,1
Melooha,43.75,Medium Risk,1,0,0,1
FUTRStudios,43.75,Medium Risk,1,0,0,1
Allter,54.5,Medium Risk,1,1,0,2
FirstBudOrganics,41.25,Medium Risk,1,0,0,1
Shararat,42.5,Medium Risk,1,0,0,1
Competishun,43.75,Medium Risk,1,0,0,1
BombayClosetCleanse,41.25,Medium Risk,1,0,0,1
KioskKaffee,42.5,Medium Risk,1,0,0,1
NeonAttack,41.25,Medium Risk,1,0,0,1
PTal,42.5,Medium Risk,1,0,0,1
RoadPilot,45.0,Medium Risk,1,0,0,1
SmartMop,45.0,Medium Risk,1,0,0,1
Lea,40.0,Medium Risk,1,0,0,1
$KrishnaRama,45.0,Medium Risk,1,0,0,1
Rentit4me,52.0,Medium Risk,1,1,0,2
CoolTheGlobe,43.75,Medium Risk,1,0,0,1
Canvaloop,41.25,Medium Risk,1,0,0,1
DigitalPaani,54.5,Medium Risk,1,1,0,2
FAEBeauty,42.5,Medium Risk,1,0,0,1
CONFECT,43.75,Medium Risk,1,0,0,1
Indulge,43.75,Medium Risk,1,0,0,1
BLFabric,41.25,Medium Risk,1,0,0,1
CultureCircle,43.75,Medium Risk,1,0,0,1
NexeraHealth,45.0,Medium Risk,1,0,0,1
NOOE,42.5,Medium Risk,1,0,0,1
GoZero,42.5,Medium Risk,1,0,0,1
CurveElectric,45.0,Medium Risk,1,0,0,1
Gudworld,41.25,Medium Risk,1,0,0,1
airth,42.5,Medium Risk,1,0,0,1
OneDios,43.75,Medium Risk,1,0,0,1
InnerGize,45.0,Medium Risk,1,0,0,1
PersonalTouchSkincare,42.5,Medium Risk,1,0,0,1
KIWIKisanWindow,42.5,Medium Risk,1,0,0,1
TripoleGear,52.0,Medium Risk,1,1,0,2
Neosapien,45.0,Medium Risk,1,0,0,1
MissCheesecake,41.25,Medium Risk,1,0,0,1
SpeedKitchen,41.25,Medium Risk,1,0,0,1
MudgarClub,43.75,Medium Risk,1,0,0,1
ImagiMake,43.75,Medium Risk,1,0,0,1
BeastLife,43.75,Medium Risk,1,0,0,1
GoDevil,41.25,Medium Risk,1,0,0,1
Havintha,42.5,Medium Risk,1,0,0,1
NurturingGreen,41.25,Medium Risk,1,0,0,1
kyari,41.25,Medium Risk,1,0,0,1
ProjectClay,45.0,Medium Risk,1,0,0,1
DeniBikes,45.0,Medium Risk,1,0,0,1
PrettyLittleShop,41.25,Medium Risk,1,0,0,1
Aquapeya,42.5,Medium Risk,1,0,0,1
Jarsh,43.75,Medium Risk,1,0,0,1
DACBY,67.5,High Risk,2,0,0,2
Shyle,42.5,Medium Risk,1,0,0,1
SavaniHeritage,42.5,Medium Risk,1,0,0,1
SNEAKINN,53.25,Medium Risk,1,1,0,2
fupro,53.25,Medium Risk,1,1,0,2
Kanvas,42.5,Medium Risk,1,0,0,1
ezo,43.75,Medium Risk,1,0,0,1
Seven,43.75,Medium Risk,1,0,0,1
TheFutureAnimations,41.25,Medium Risk,1,0,0,1
Aignosis,45.0,Medium Risk,1,0,0,1
Rosha,42.5,Medium Risk,1,0,0,1
MakeMyPayment,45.0,Medium Risk,1,0,0,1
PatchUp,43.75,Medium Risk,1,0,0,1
tikitoro,42.5,Medium Risk,1,0,0,1
Ashva,54.5,Medium Risk,1,1,0,2
AseemShakti,42.5,Medium Risk,1,0,0,1
RBDMachineTools,41.25,Medium Risk,1,0,0,1
MidasPaint,45.0,Medium Risk,1,0,0,1
GoodlandPickleball,42.5,Medium Risk,1,0,0,1
TheNaturikCo,42.5,Medium Risk,1,0,0,1
Metashot,43.75,Medium Risk,1,0,0,1
GabruDiChaap,41.25,Medium Risk,1,0,0,1
YaanMan,43.75,Medium Risk,1,0,0,1
SonicLamb,42.5,Medium Risk,1,0,0,1
Woolah,41.25,Medium Risk,1,0,0,1
EM5,41.25,Medium Risk,1,0,0,1
WomanLikeU,41.25,Medium Risk,1,0,0,1
BookLeafPublishing,42.5,Medium Risk,1,0,0,1
Str8bat,42.5,Medium Risk,1,0,0,1
Ruby'sOrganics,43.75,Medium Risk,1,0,0,1
TheGoodDoll,43.75,Medium Risk,1,0,0,1
Schickwheel,45.0,Medium Risk,1,0,0,1
ClapStoreToys,41.25,Medium Risk,1,0,0,1
RahejaSolarFoodProcessing,67.5,High Risk,2,0,0,2
Wanderlooms,42.5,Medium Risk,1,0,0,1
Ugees,42.5,Medium Risk,1,0,0,1
Alt.fCoworking,42.5,Medium Risk,1,0,0,1
BurgerBae,40.0,Medium Risk,1,0,0,1
BobaBhai,43.75,Medium Risk,1,0,0,1
Hexafun,42.5,Medium Risk,1,0,0,1
RepeatGud,43.75,Medium Risk,1,0,0,1
SkateSupplyIndia,42.5,Medium Risk,1,0,0,1
UtopianDrinks,42.5,Medium Risk,1,0,0,1
GOFIG,54.5,Medium Risk,1,1,0,2
Joyspoon,43.75,Medium Risk,1,0,0,1
bambinos,43.75,Medium Risk,1,0,0,1
FundooLabs,41.25,Medium Risk,1,0,0,1
Gaon,41.25,Medium Risk,1,0,0,1
EriWeave,41.25,Medium Risk,1,0,0,1
PaleooBakes,42.5,Medium Risk,1,0,0,1
NeuraSim,43.75,Medium Risk,1,0,0,1
Offmint,43.75,Medium Risk,1,0,0,1
Chokhat,41.25,Medium Risk,1,0,0,1
ZenmaCoffee,43.75,Medium Risk,1,0,0,1
TheEleFant,43.75,Medium Risk,1,0,0,1
BetterNutrition,53.25,Medium Risk,1,1,0,2
PinqPolka,42.5,Medium Risk,1,0,0,1
Vibrasense,45.0,Medium Risk,1,0,0,1
NearBook,45.0,Medium Risk,1,0,0,1
Memotag,45.0,Medium Risk,1,0,0,1
Klimate,45.0,Medium Risk,1,0,0,1
HealthFab,43.75,Medium Risk,1,0,0,1
PieMatrix,42.5,Medium Risk,1,0,0,1
Sudathi,43.75,Medium Risk,1,0,0,1
Moderate,45.0,Medium Risk,1,0,0,1
HireForCare,45.0,Medium Risk,1,0,0,1
DreamSmile,43.75,Medium Risk,1,0,0,1
Madmix,45.0,Medium Risk,1,0,0,1
Palmonas,41.25,Medium Risk,1,0,0,1
MKPowerAndMobility,45.0,Medium Risk,1,0,0,1
Nidhi'sGrandmaaSecret,42.5,Medium Risk,1,0,0,1
Solnce,66.25,High Risk,2,0,0,2
BornGood,53.25,Medium Risk,1,1,0,2
DorabiAndAmili,42.5,Medium Risk,1,0,0,1
ZebraLearn,42.5,Medium Risk,1,0,0,1
ExclusiveLane,42.5,Medium Risk,1,0,0,1
Medial,45.0,Medium Risk,1,0,0,1
PanchalDairy,43.75,Medium Risk,1,0,0,1
MusicPandit,43.75,Medium Risk,1,0,0,1
Cograd,43.75,Medium Risk,1,0,0,1
EatBetterCo,42.5,Medium Risk,1,0,0,1
Earthful,54.5,Medium Risk,1,1,0,2
Trajectory,41.25,Medium Risk,1,0,0,1
KaviThePoetry-ArtProject,41.25,Medium Risk,1,0,0,1
F2DF,43.75,Medium Risk,1,0,0,1
SugarStrings.ai,45.0,Medium Risk,1,0,0,1
MomsHome,41.25,Medium Risk,1,0,0,1
Catwalk,42.5,Medium Risk,1,0,0,1
Beautywise,42.5,Medium Risk,1,0,0,1
Ivory,45.0,Medium Risk,1,0,0,1
TheHousePartyBySavar,42.5,Medium Risk,1,0,0,1
GlowGlossary,42.5,Medium Risk,1,0,0,1
SinghDentalCare,42.5,Medium Risk,1,0,0,1
TribalVeda,54.5,Medium Risk,1,1,0,2
Anuvad,43.75,Medium Risk,1,0,0,1
Fitelo,41.25,Medium Risk,1,0,0,1
Nanighar,43.75,Medium Risk,1,0,0,1
GoodMonk,41.25,Medium Risk,1,0,0,1
Artbuzz,54.5,Medium Risk,1,1,0,2
Tulua,41.25,Medium Risk,1,0,0,1
Taffykids,40.0,Medium Risk,1,0,0,1
WhaleWearables,45.0,Medium Risk,1,0,0,1
Zingavita,41.25,Medium Risk,1,0,0,1
DhaagaLife,42.5,Medium Risk,1,0,0,1
Tileskraft,43.75,Medium Risk,1,0,0,1
Krishnsakhi,41.25,Medium Risk,1,0,0,1
BoreCharger,42.5,Medium Risk,1,0,0,1
SuperBolter,45.0,Medium Risk,1,0,0,1
HiveSchool,45.0,Medium Risk,1,0,0,1
Tintbox,42.5,Medium Risk,1,0,0,1
EasyRugs,43.75,Medium Risk,1,0,0,1
StylesTry,52.0,Medium Risk,1,1,0,2
Quitci,42.5,Medium Risk,1,0,0,1
FitFeast,53.25,Medium Risk,1,1,0,2
TheBearHouse,42.5,Medium Risk,1,0,0,1
UrbanAnimal,45.0,Medium Risk,1,0,0,1
Nooky,43.75,Medium Risk,1,0,0,1
Subculture,43.75,Medium Risk,1,0,0,1
Woodsmen,55.75,Medium Risk,1,1,0,2
BhavisyaPlast,45.0,Medium Risk,1,0,0,1
Ecoil,53.25,Medium Risk,1,1,0,2
Rescript,42.5,Medium Risk,1,0,0,1
TickleYourArt,43.75,Medium Risk,1,0,0,1
Symbionic,43.75,Medium Risk,1,0,0,1
XLCinema,43.75,Medium Risk,1,0,0,1
TheCroffleGuys,42.5,Medium Risk,1,0,0,1
LewisiaWellness,42.5,Medium Risk,1,0,0,1
GuuglyWuugly,45.0,Medium Risk,1,0,0,1
EMoMee,43.75,Medium Risk,1,0,0,1
CaptureATrip,67.75,High Risk,1,2,0,3
Loopie,43.75,Medium Risk,1,0,0,1
SaveSage,45.0,Medium Risk,1,0,0,1
KalamLabs,45.0,Medium Risk,1,0,0,1
Panteazy,43.75,Medium Risk,1,0,0,1
GoatLife,43.75,Medium Risk,1,0,0,1
Planyt,43.75,Medium Risk,1,0,0,1
Avishkaar,43.75,Medium Risk,1,0,0,1
Emori,53.25,Medium Risk,1,1,0,2
TrueDiamond,55.75,Medium Risk,1,1,0,2
Smylo,55.75,Medium Risk,1,1,0,2
Nootie,53.25,Medium Risk,1,1,0,2
Pistabarfi,42.5,Medium Risk,1,0,0,1
CorelLifecare,45.0,Medium Risk,1,0,0,1
vryse,45.0,Medium Risk,1,0,0,1
MyPB,43.75,Medium Risk,1,0,0,1
xSTEP,45.0,Medium Risk,1,0,0,1
TruthAndHair,43.75,Medium Risk,1,0,0,1
MetaFashion,45.0,Medium Risk,1,0,0,1
Japam,43.75,Medium Risk,1,0,0,1
ZenBarefoot,43.75,Medium Risk,1,0,0,1
RIDEV,43.75,Medium Risk,1,0,0,1
Stroom,45.0,Medium Risk,1,0,0,1
TBFO,43.75,Medium Risk,1,0,0,1
Neurapexai,45.0,Medium Risk,1,0,0,1
Wrestlefanent,45.0,Medium Risk,1,0,0,1
Ayuvyaandimfresh,42.5,Medium Risk,1,0,0,1
EveryMorningCartel,45.0,Medium Risk,1,0,0,1
Cinefaistudios,45.0,Medium Risk,1,0,0,1
Sampark,41.25,Medium Risk,1,0,0,1
Sovrenn,43.75,Medium Risk,1,0,0,1
Multibagg.ai,45.0,Medium Risk,1,0,0,1
UprearBuild,45.0,Medium Risk,1,0,0,1
PaperPro,43.75,Medium Risk,1,0,0,1
Cosmohealth,45.0,Medium Risk,1,0,0,1
Gullylabs,43.75,Medium Risk,1,0,0,1
Twin,45.0,Medium Risk,1,0,0,1
RCXlight,43.75,Medium Risk,1,0,0,1
Awsum,43.75,Medium Risk,1,0,0,1
Phitku,42.5,Medium Risk,1,0,0,1
9DXRlabs,45.0,Medium Risk,1,0,0,1
Pureflow,43.75,Medium Risk,1,0,0,1
Getsnappy,45.0,Medium Risk,1,0,0,1
Awayddings,45.0,Medium Risk,1,0,0,1
Urbanwipe,43.75,Medium Risk,1,0,0,1
Antinorm,43.75,Medium Risk,1,0,0,1
Sepoy&co,45.0,Medium Risk,1,0,0,1
Bonkerscorner,41.25,Medium Risk,1,0,0,1
Bubbleme,43.75,Medium Risk,1,0,0,1
Outlive,45.0,Medium Risk,1,0,0,1
Metadrive,45.0,Medium Risk,1,0,0,1
Sparshbrush,42.5,Medium Risk,1,0,0,1
SheshaAyurveda,45.0,Medium Risk,1,0,0,1
Cookiecartel,54.5,Medium Risk,1,1,0,2
AviaLitewings,45.0,Medium Risk,1,0,0,1
Aabo,43.75,Medium Risk,1,0,0,1
Krvvy,55.75,Medium Risk,1,1,0,2
Invogue,42.5,Medium Risk,1,0,0,1
Taashacraft,41.25,Medium Risk,1,0,0,1
MishmashNaturals,45.0,Medium Risk,1,0,0,1
IndianSchoolOfCalisthenics,45.0,Medium Risk,1,0,0,1
Wholeleaf,43.75,Medium Risk,1,0,0,1
Mankomb,55.75,Medium Risk,1,1,0,2
MadrasiKaapihouse,53.25,Medium Risk,1,1,0,2
Soundverse,43.75,Medium Risk,1,0,0,1
Kilrr,43.75,Medium Risk,1,0,0,1
Offline,43.75,Medium Risk,1,0,0,1
PandasBox,43.75,Medium Risk,1,0,0,1
TheBindiProject,43.75,Medium Risk,1,0,0,1
VoxturnAI,45.0,Medium Risk,1,0,0,1
MyWonder,45.0,Medium Risk,1,0,0,1
Cotopay,45.0,Medium Risk,1,0,0,1
LocalAllNaturalSoda,45.0,Medium Risk,1,0,0,1
TheBingeTown,42.5,Medium Risk,1,0,0,1
PropFTX,43.75,Medium Risk,1,0,0,1
EightTimesEight,45.0,Medium Risk,1,0,0,1
Warriorworld,38.75,Medium Risk,1,0,0,1
Currently,43.75,Medium Risk,1,0,0,1
Anjanibooks,45.0,Medium Risk,1,0,0,1
Booon,43.75,Medium Risk,1,0,0,1
MeMeraki,43.75,Medium Risk,1,0,0,1
3Sisters,43.75,Medium Risk,1,0,0,1
Artociti,41.25,Medium Risk,1,0,0,1
Kreo,43.75,Medium Risk,1,0,0,1
Rosada,43.75,Medium Risk,1,0,0,1
BabyworksBySwapnil,42.5,Medium Risk,1,0,0,1
Gramiyaa,78.25,High Risk,2,1,0,3
MamaNourish,54.5,Medium Risk,1,1,0,2
Kelvin6k,43.75,Medium Risk,1,0,0,1
ANAApparels,41.25,Medium Risk,1,0,0,1
EzPac,43.75,Medium Risk,1,0,0,1
Gappu,41.25,Medium Risk,1,0,0,1
MisterVeg,42.5,Medium Risk,1,0,0,1
Saras,45.0,Medium Risk,1,0,0,1
Speechgears,41.25,Medium Risk,1,0,0,1
Heizen,42.5,Medium Risk,1,0,0,1
Pukaar.ai,43.75,Medium Risk,1,0,0,1
upsnac,45.0,Medium Risk,1,0,0,1
KotsonMattress,45.0,Medium Risk,1,0,0,1
Kalakrit,45.0,Medium Risk,1,0,0,1
SVSFood,45.0,Medium Risk,1,0,0,1
BeClinical,42.5,Medium Risk,1,0,0,1
Misfits,45.0,Medium Risk,1,0,0,1
KrimmyThickshakes,42.5,Medium Risk,1,0,0,1
CurryIt,43.75,Medium Risk,1,0,0,1
dubpro.ai,43.75,Medium Risk,1,0,0,1
Boingg,43.75,Medium Risk,1,0,0,1
Pragyan,43.75,Medium Risk,1,0,0,1
Sanchvi,42.5,Medium Risk,1,0,0,1
Trring,45.0,Medium Risk,1,0,0,1
Edinora,43.75,Medium Risk,1,0,0,1
RehabVeda,45.0,Medium Risk,1,0,0,1
Freshpod,45.0,Medium Risk,1,0,0,1
Modge,42.5,Medium Risk,1,0,0,1
OrbitWallet,43.75,Medium Risk,1,0,0,1
Hobfit,43.75,Medium Risk,1,0,0,1
Shichisoru,43.75,Medium Risk,1,0,0,1
Rimigo,45.0,Medium Risk,1,0,0,1
Everaw,42.5,Medium Risk,1,0,0,1
Coro,45.0,Medium Risk,1,0,0,1
Luzo,45.0,Medium Risk,1,0,0,1
F2Fintech,45.0,Medium Risk,1,0,0,1
Wellwith,45.0,Medium Risk,1,0,0,1
IndianHairWorld,43.75,Medium Risk,1,0,0,1
awenest,41.25,Medium Risk,1,0,0,1
HOOKd,43.75,Medium Risk,1,0,0,1
Littlecherrymom,42.5,Medium Risk,1,0,0,1
Stubb,45.0,Medium Risk,1,0,0,1
SoilSens,42.5,Medium Risk,1,0,0,1
Flashoot,43.75,Medium Risk,1,0,0,1
NapTapGo,43.75,Medium Risk,1,0,0,1
BlrPods,45.0,Medium Risk,1,0,0,1
Nytarra,52.0,Medium Risk,1,1,0,2
BYLX,42.5,Medium Risk,1,0,0,1
Greenpista,43.75,Medium Risk,1,0,0,1
CTRUH,45.0,Medium Risk,1,0,0,1
SteamPRO,42.5,Medium Risk,1,0,0,1
Uptown,43.75,Medium Risk,1,0,0,1
KorinMi,45.0,Medium Risk,1,0,0,1
Dent@home,42.5,Medium Risk,1,0,0,1
Marbleous,41.25,Medium Risk,1,0,0,1
Fitkin,41.25,Medium Risk,1,0,0,1
KindFertility,45.0,Medium Risk,1,0,0,1
Namovardan,43.75,Medium Risk,1,0,0,1
Circato,43.75,Medium Risk,1,0,0,1
GreenAvartan,55.75,Medium Risk,1,1,0,2
DhartiAmrit,42.5,Medium Risk,1,0,0,1
TwoWordsAway,45.0,Medium Risk,1,0,0,1
Floreal,42.5,Medium Risk,1,0,0,1
MyPerro,45.0,Medium Risk,1,0,0,1
PeerX,45.0,Medium Risk,1,0,0,1
