Startup_Name,Industry
BluePineFoods,Food and Beverage
BoozScooters,Vehicles/Electrical Vehicles
HeartUpMySleeves,Beauty/Fashion
TagzFoods,Food and Beverage
HeadAndHeart,Children/Education
Agritourism,Agriculture
qZenseLabs,Food and Beverage
Peeschute,Beauty/Fashion
NOCD,Food and Beverage
CosIQ,Beauty/Fashion
JhaJiAchaar,Food and Beverage
Bummer,Beauty/Fashion
RevampMoto,Vehicles/Electrical Vehicles
HungryHead,Food and Beverage
ShrawaniEngineers,Beauty/Fashion
SkippiIcePops,Food and Beverage
Menstrupedia,Children/Education
Hecoll,Beauty/Fashion
RaisingSuperstars,Children/Education
Torch-it,Children/Education
Kavach,Children/Education
LaKheerDeli,Food and Beverage
BeyondSnack,Food and Beverage
VivalyfInnovations,Medical/Health
MotionBreeze,Vehicles/Electrical Vehicles
Altor,Manufacturing
Ariro,Manufacturing
KabiraHandmad,Food and Beverage
Nuutjob,Beauty/Fashion
Meatyour,Food and Beverage
EventBeep,Children/Education
Gopal's56,Food and Beverage
ARRCOATSurfaceTextures,Manufacturing
Farda,Beauty/Fashion
Auli,Beauty/Fashion
SweeDesi,Food and Beverage
LOKA,Technology/Software
Annie,Children/Education
Carragreen,Green/CleanTech
TheYarnBazaar,Manufacturing
TheRenalProject,Medical/Health
MorrikoPureFoods,Food and Beverage
GoodGoodPiggy,Technology/Software
HammerLifestyle,Electronics
PNTRobotics,Technology/Software
Cocofit,Food and Beverage
BambooIndia,Manufacturing
FlyingFur,Animal/Pets
BeyondWater,Food and Beverage
Let'sTry,Food and Beverage
FindYourKicksIndia,Beauty/Fashion
AasVidyalaya,Children/Education
Outbox,Business Services
RoadBounce,Technology/Software
Mommy'sKitchen,Food and Beverage
IndiaHempandCo,Food and Beverage
Otua,Vehicles/Electrical Vehicles
Anthyesti,Business Services
Ethik,Manufacturing
WeSTOCK,Animal/Pets
KetoIndia,Food and Beverage
Magiclock,Hardware
TheStatePlate,Food and Beverage
Bakarmax,Technology/Software
INACAN,Food and Beverage
Get-A-Whey,Food and Beverage
Sid07Designs,Hardware
TheQuirkyNaari,Beauty/Fashion
HairOriginals,Beauty/Fashion
Poo-de-Cologne,Beauty/Fashion
Moonshine,Food and Beverage
Falhari,Food and Beverage
NamhyaFoods,Food and Beverage
UrbanMonkey,Beauty/Fashion
GuardianGears,Manufacturing
ModernMyth,Beauty/Fashion
TheSassBar,Beauty/Fashion
KGAgrotech,Agriculture
NuskhaKitchen,Food and Beverage
PawsIndia,Animal/Pets
SunfoxTechnologies,Medical/Health
Alpino,Food and Beverage
IsakFragrances,Beauty/Fashion
JulaaAutomation,Manufacturing
RarePlanet,Manufacturing
ThekaCoffee,Food and Beverage
WattTechnovations,Medical/Health
AlisteTechnologies,Technology/Software
InsuranceSamadhan,Business Services
HumpyA2,Food and Beverage
KunafaWorld,Food and Beverage
GoldSafeSolutions,Manufacturing
WakaoFoods,Food and Beverage
PDDFalcon,Manufacturing
PlayBoxTV,Business Services
Sippline,Manufacturing
KabaddiAdda,Fitness/Sports/Outdoors
ShadesofSpring,Business Services
Scholify,Children/Education
Scrapshala,Manufacturing
Sabjikothi,Manufacturing
AyuRythm,Medical/Health
Astrix,Manufacturing
TheaAndSid,Business Services
ExperentialEtc,Technology/Software
GrowFitter,Technology/Software
C3Med-Tech,Medical/Health
ColourMeMad-CMM,Beauty/Fashion
Mavi's,Food and Beverage
TweekLabs,Fitness/Sports/Outdoors
Proxgy,Technology/Software
NomadFoodProject,Food and Beverage
TweeInOne,Beauty/Fashion
GreenProtein,Food and Beverage
On2Cook,Food and Beverage
JainShikanji,Food and Beverage
Woloo,Technology/Software
ElcareIndia,Medical/Health
SneaKare,Beauty/Fashion
FrenchCrown,Beauty/Fashion
StoreMyGoods,Business Services
Devnagri,Technology/Software
WitBlox,Manufacturing
Kineer,Food and Beverage
PiChem,Manufacturing
Clensta,Beauty/Fashion
InfinitiInsects,Animal/Pets
AshwaPro,Business Services
Mine4Nine,Beauty/Fashion
StudioBeej,Beauty/Fashion
Sattuz,Food and Beverage
Scintiglo,Medical/Health
Glii,Business Services
StanleeIndia,Electronics
SpaceKidzIndia,Manufacturing
UrbanNaps,Business Services
Gizmoswala,Entertainment
ZyppElectric,Vehicles/Electrical Vehicles
Picsniff,Technology/Software
Deciwood,Electronics
HappyBar,Food and Beverage
Tathastulive,Business Services
BandsandCups,Beauty/Fashion
MyWealthProtector,Business Services
TheIris,Manufacturing
Canebot,Food and Beverage
OyeDelhiOye,Food and Beverage
InaliAssistiveTech,Medical/Health
Meera'sCelebrations,Business Services
Artment,Lifestyle/Home
Powertree,Manufacturing
Eume,Beauty/Fashion
Hoovu,Business Services
Dorji,Food and Beverage
Recode,Beauty/Fashion
VeryMuchIndian,Beauty/Fashion
WatchoutWearables,Electronics
SoupX,Food and Beverage
ATMOSPHERE,Food and Beverage
Stage,Entertainment
Girgit,Beauty/Fashion
GearHeadMotors,Vehicles/Electrical Vehicles
PatilKaki,Food and Beverage
Brandsdaddy,Manufacturing
Winston,Beauty/Fashion
Flatheads,Beauty/Fashion
OrganicSmokes,Beauty/Fashion
TeaFit,Food and Beverage
Haqdarshak,Business Services
Bhaskar'sPuranpoliGhar,Food and Beverage
GunjanAppsStudios,Technology/Software
TheSimplySalad,Food and Beverage
AyuSynk,Medical/Health
AtypicalAdvantage,Technology/Software
HouseOfChikankari,Beauty/Fashion
MagicOfMemories,Beauty/Fashion
Paradyes,Beauty/Fashion
Nestroots,Lifestyle/Home
Zillionaire,Beauty/Fashion
Credmate,Technology/Software
Freebowler,Fitness/Sports/Outdoors
ABCSports&Fitness,Fitness/Sports/Outdoors
Primebook,Technology/Software
DailyDump,Manufacturing
GharSoaps,Beauty/Fashion
Janitri,Medical/Health
JaipurWatchCompany,Manufacturing
InsideFPV,Manufacturing
Angrakhaa,Beauty/Fashion
Diabexy,Food and Beverage
Kyari,Manufacturing
MoppFoods,Food and Beverage
Econiture,Green/CleanTech
Dobiee,Food and Beverage
FastBeetle,Business Services
Pflow,Medical/Health
VSMani,Food and Beverage
Sepal,Manufacturing
Solinas,Business Services
AvimeeHerbal,Beauty/Fashion
eyenic,Beauty/Fashion
ekatra,Lifestyle/Home
Raasa,Food and Beverage
NeoMotion,Manufacturing
licksters,Food and Beverage
Sayonara,Beauty/Fashion
PMV,Vehicles/Electrical Vehicles
SpiceStory,Food and Beverage
Bullspree,Technology/Software
Snitch,Beauty/Fashion
Portl,Business Services
FatToSlim,Beauty/Fashion
CheeseCake&Co.,Food and Beverage
Dabble,Manufacturing
CloudTailor,Business Services
BeUnic,Business Services
Broomees,Business Services
Ravel,Beauty/Fashion
HoneyVeda,Food and Beverage
PadCare,Manufacturing
SwadeshiBlessings,Lifestyle/Home
OLL,Technology/Software
Febris,Medical/Health
Geeani,Vehicles/Electrical Vehicles
Amore,Food and Beverage
LeafyAffair,Beauty/Fashion
ScrapUncle,Green/CleanTech
SharmaJiKiAata,Food and Beverage
Manetain,Beauty/Fashion
GavinParis,Beauty/Fashion
UnStop,Technology/Software
BlueTea,Food and Beverage
TheGreenSnack,Food and Beverage
HobbyIndia,Lifestyle/Home
Flhexible,Lifestyle/Home
UpThrust,Fitness/Sports/Outdoors
Zoff,Food and Beverage
DesiToys,Manufacturing
CloudWorx,Technology/Software
Mahantam,Manufacturing
MindPeers,Medical/Health
Barosi,Food and Beverage
Daryaganj,Food and Beverage
DhruvVidyut,Vehicles/Electrical Vehicles
CELLBELL,Lifestyle/Home
Tipayi,Manufacturing
DigiQure,Medical/Health
Nirmalaya,Manufacturing
Pabiben,Beauty/Fashion
Homestrap,Lifestyle/Home
uBreathe,Manufacturing
Deyor,Technology/Software
iMumz,Medical/Health
TheHealthyBinge,Food and Beverage
Freakins,Beauty/Fashion
Perfora,Lifestyle/Home
MidNightAngelsByPC,Beauty/Fashion
CureSee,Medical/Health
MeduLance,Medical/Health
Cakelicious,Food and Beverage
Bowled.io,Fitness/Sports/Outdoors
Toyshine,Manufacturing
neuphony,Medical/Health
Amrutam,Food and Beverage
HoloKitab,Technology/Software
Zoe,Food and Beverage
Hornback,Vehicles/Electrical Vehicles
Malaki,Food and Beverage
nanoclean,Manufacturing
DesmondJi,Liquor/Alcohol
Cremeitalia,Food and Beverage
nawgati,Business Services
Swytchd,Vehicles/Electrical Vehicles
GladFul,Food and Beverage
Pharmallama,Medical/Health
CraveRajaFoods,Food and Beverage
VAPerfume,Lifestyle/Home
Hood,Technology/Software
TwistingScoops,Food and Beverage
GROWiT,Agriculture
Makino,Food and Beverage
Trunome,Medical/Health
Wol3D,Manufacturing
What'sUpWellness,Food and Beverage
ProostBeer,Food and Beverage
DrCubes,Food and Beverage
MetroRide,Vehicles/Electrical Vehicles
Conker,Technology/Software
WTF,Food and Beverage
funngro,Technology/Software
Aadvik,Food and Beverage
oyehappy,Business Services
HealthyMaster,Food and Beverage
Kitsons,Lifestyle/Home
LondonBubble,Food and Beverage
WaggyZone,Animal/Pets
NutriCook,Food and Beverage
Subhag,Medical/Health
SinghStyled,Beauty/Fashion
ZSportsTech,Fitness/Sports/Outdoors
ThePlatedProject,Business Services
VsnapU,Business Services
TheHealthyFactory,Food and Beverage
Brevistay,Business Services
SoulUp,Business Services
TheBigBookBoxChapterOneBooks,Lifestyle/Home
Rubans,Beauty/Fashion
SameNotification,Technology/Software
BottomLineSprays,Lifestyle/Home
LilGoodness,Food and Beverage
ForeverModest,Beauty/Fashion
Sahayatha,Medical/Health
WickedGud,Food and Beverage
maisha,Beauty/Fashion
NishHair,Beauty/Fashion
MYBYK,Vehicles/Electrical Vehicles
GODESi,Food and Beverage
TAC,Beauty/Fashion
Naara-Aaba,Liquor/Alcohol
StyloBug,Beauty/Fashion
ZenOnco,Medical/Health
HonestHome,Green/CleanTech
AdilQadri,Beauty/Fashion
ConsciousChemist,Beauty/Fashion
TheCinnamonKitchen,Food and Beverage
WtfGyms,Business Services
Intervue,Technology/Software
RodBez,Vehicles/Electrical Vehicles
Blix,Technology/Software
Homversity,Technology/Software
TURMS,Beauty/Fashion
mintree,Beauty/Fashion
80Wash,Manufacturing
DilFoods,Food and Beverage
AIKavach/Panoplia,Technology/Software
Bartisans,Liquor/Alcohol
Aretto,Manufacturing
Kalakaram,Manufacturing
NabhiSutra,Beauty/Fashion
Zorko,Food and Beverage
Tramboo,Fitness/Sports/Outdoors
WeHear,Medical/Health
Tiggle,Food and Beverage
WYLDCard,Technology/Software
upliance.ai,Lifestyle/Home
PizzaGalleria,Food and Beverage
AiCars,Vehicles/Electrical Vehicles
RooftopApp,Technology/Software
GoenchiFeni,Liquor/Alcohol
Arata,Beauty/Fashion
Vecros,Technology/Software
GudGum,Food and Beverage
EvaScalp,Medical/Health
Elitty,Beauty/Fashion
HoneyTwigs,Food and Beverage
Koparo,Food and Beverage
2Ballz,Beauty/Fashion
JewelBox,Beauty/Fashion
DaakRoom,Business Services
Nuvedo,Food and Beverage
WALK,Medical/Health
RajaRaniCoaching,Beauty/Fashion
DecodeAge,Medical/Health
ALittleExtra,Beauty/Fashion
Assembly,Beauty/Fashion
NasherMiles,Beauty/Fashion
AltCo,Food and Beverage
Without,Beauty/Fashion
Kibo,Technology/Software
VOLD,Food and Beverage
Quirksmith,Beauty/Fashion
UrbanSpace,Lifestyle/Home
HyperLab,Fitness/Sports/Outdoors
EcoBiotraps,Green/CleanTech
Hoora,Technology/Software
YesMadam,Beauty/Fashion
Zerodor,Lifestyle/Home
ToffeeCoffeeRoasters,Food and Beverage
PushSports,Fitness/Sports/Outdoors
ORBO,Technology/Software
CannazoIndia,Beauty/Fashion
Chefling,Food and Beverage
IntenseFocus,Beauty/Fashion
MilletAmma,Food and Beverage
D'chica,Beauty/Fashion
Refit,Electronics
HouseOfBeautyIndia,Beauty/Fashion
Artinci,Food and Beverage
TheRageRoom,Business Services
Aastey,Beauty/Fashion
Matri,Medical/Health
Rubbabu,Manufacturing
GulaboJaipur,Beauty/Fashion
AristaVault,Manufacturing
ToHands,Technology/Software
PlusGold,Technology/Software
Aroleap,Medical/Health
Cosmix,Medical/Health
Fabriclore,Beauty/Fashion
PolishMePretty,Beauty/Fashion
GridMats,Manufacturing
UnclePetersPanCakes,Food and Beverage
CreativeHatti,Business Services
CandidMen,Beauty/Fashion
Flyrobe,Beauty/Fashion
WiseLife,Medical/Health
Cervicheck,Medical/Health
Eatverse,Food and Beverage
AvataarSkincare,Beauty/Fashion
ChalteFirteMangalkaryalay,Business Services
KryzenBiotech,Agriculture
FOMO,Food and Beverage
ModelVerse,Technology/Software
VikrantBikes,Vehicles/Electrical Vehicles
TheShellHair,Beauty/Fashion
Rize,Food and Beverage
MEPACK,Business Services
BaccaBucci,Beauty/Fashion
Vobble,Children/Education
BeUNatural,Beauty/Fashion
Erotissch,Beauty/Fashion
Niblerzz,Food and Beverage
Sorich,Food and Beverage
LittleBox,Beauty/Fashion
CremeCastle,Food and Beverage
Namakwali,Food and Beverage
KariboCosmetics,Beauty/Fashion
Deeva,Beauty/Fashion
DesignTemplate,Technology/Software
Sama,Business Services
GoldenFeathers,Manufacturing
Myracle.io,Technology/Software
Cup-ji,Food and Beverage
AToddlerThing,Beauty/Fashion
FlexifyMe,Medical/Health
Dharaksha,Green/CleanTech
iDreamCareer,Technology/Software
RockPaperRum,Liquor/Alcohol
Fit&Flex,Food and Beverage
Sukham,Medical/Health
Smotect,Medical/Health
Katidhan,Manufacturing
NEMAAI,Technology/Software
MaplePods,Business Services
SpecOps,Others
KaabilKids,Technology/Software
OddGiraffe,Lifestyle/Home
Nemocare,Medical/Health
WhySoBlue,Beauty/Fashion
CoratiaTechnologies,Technology/Software
Coolant,Manufacturing
Xmachines,Technology/Software
Luvottica,Lifestyle/Home
FarmDidi,Food and Beverage
Popcorn,Food and Beverage
Prorata,Business Services
Indigifts,Business Services
AlienVersions,Vehicles/Electrical Vehicles
Rocca,Food and Beverage
KikoLive,Technology/Software
Melooha,Others
FUTRStudios,Technology/Software
Allter,Lifestyle/Home
FirstBudOrganics,Food and Beverage
Shararat,Lifestyle/Home
Competishun,Children/Education
BombayClosetCleanse,Beauty/Fashion
KioskKaffee,Food and Beverage
NeonAttack,Lifestyle/Home
PTal,Lifestyle/Home
RoadPilot,Technology/Software
SmartMop,Lifestyle/Home
Lea,Beauty/Fashion
$KrishnaRama,Entertainment
Rentit4me,Business Services
CoolTheGlobe,Green/CleanTech
Canvaloop,Green/CleanTech
DigitalPaani,Green/CleanTech
FAEBeauty,Beauty/Fashion
CONFECT,Food and Beverage
Indulge,Technology/Software
BLFabric,Beauty/Fashion
CultureCircle,Beauty/Fashion
NexeraHealth,Medical/Health
NOOE,Technology/Software
GoZero,Food and Beverage
CurveElectric,Technology/Software
Gudworld,Food and Beverage
airth,Lifestyle/Home
OneDios,Lifestyle/Home
InnerGize,Medical/Health
PersonalTouchSkincare,Beauty/Fashion
KIWIKisanWindow,Lifestyle/Home
TripoleGear,Fitness/Sports/Outdoors
Neosapien,Technology/Software
MissCheesecake,Food and Beverage
SpeedKitchen,Food and Beverage
MudgarClub,Fitness/Sports/Outdoors
ImagiMake,Children/Education
BeastLife,Medical/Health
GoDevil,Beauty/Fashion
Havintha,Beauty/Fashion
NurturingGreen,Lifestyle/Home
kyari,Lifestyle/Home
ProjectClay,Children/Education
DeniBikes,Vehicles/Electrical Vehicles
PrettyLittleShop,Lifestyle/Home
Aquapeya,Lifestyle/Home
Jarsh,Manufacturing
DACBY,Beauty/Fashion
Shyle,Beauty/Fashion
SavaniHeritage,Business Services
SNEAKINN,Beauty/Fashion
fupro,Medical/Health
Kanvas,Beauty/Fashion
ezo,Manufacturing
Seven,Technology/Software
TheFutureAnimations,Technology/Software
Aignosis,Technology/Software
Rosha,Manufacturing
MakeMyPayment,Technology/Software
PatchUp,Medical/Health
tikitoro,Beauty/Fashion
Ashva,Medical/Health
AseemShakti,Beauty/Fashion
RBDMachineTools,Agriculture
MidasPaint,Green/CleanTech
GoodlandPickleball,Fitness/Sports/Outdoors
TheNaturikCo,Food and Beverage
Metashot,Fitness/Sports/Outdoors
GabruDiChaap,Food and Beverage
YaanMan,Beauty/Fashion
SonicLamb,Lifestyle/Home
Woolah,Food and Beverage
EM5,Beauty/Fashion
WomanLikeU,Beauty/Fashion
BookLeafPublishing,Others
Str8bat,Fitness/Sports/Outdoors
Ruby'sOrganics,Beauty/Fashion
TheGoodDoll,Children/Education
Schickwheel,Manufacturing
ClapStoreToys,Children/Education
RahejaSolarFoodProcessing,Manufacturing
Wanderlooms,Fitness/Sports/Outdoors
Ugees,Lifestyle/Home
Alt.fCoworking,Business Services
BurgerBae,Beauty/Fashion
BobaBhai,Food and Beverage
Hexafun,Beauty/Fashion
RepeatGud,Food and Beverage
SkateSupplyIndia,Fitness/Sports/Outdoors
UtopianDrinks,Food and Beverage
GOFIG,Green/CleanTech
Joyspoon,Food and Beverage
bambinos,Children/Education
FundooLabs,Children/Education
Gaon,Food and Beverage
EriWeave,Beauty/Fashion
PaleooBakes,Food and Beverage
NeuraSim,Medical/Health
Offmint,Beauty/Fashion
Chokhat,Lifestyle/Home
ZenmaCoffee,Food and Beverage
TheEleFant,Children/Education
BetterNutrition,Food and Beverage
PinqPolka,Beauty/Fashion
Vibrasense,Medical/Health
NearBook,Children/Education
Memotag,Medical/Health
Klimate,Beauty/Fashion
HealthFab,Medical/Health
PieMatrix,Others
Sudathi,Beauty/Fashion
Moderate,Medical/Health
HireForCare,Medical/Health
DreamSmile,Medical/Health
Madmix,Food and Beverage
Palmonas,Beauty/Fashion
MKPowerAndMobility,Vehicles/Electrical Vehicles
Nidhi'sGrandmaaSecret,Beauty/Fashion
Solnce,Manufacturing
BornGood,Lifestyle/Home
DorabiAndAmili,Beauty/Fashion
ZebraLearn,Children/Education
ExclusiveLane,Lifestyle/Home
Medial,Technology/Software
PanchalDairy,Food and Beverage
MusicPandit,Children/Education
Cograd,Children/Education
EatBetterCo,Food and Beverage
Earthful,Medical/Health
Trajectory,Vehicles/Electrical Vehicles
KaviThePoetry-ArtProject,Green/CleanTech
F2DF,Agriculture
SugarStrings.ai,Medical/Health
MomsHome,Children/Education
Catwalk,Food and Beverage
Beautywise,Beauty/Fashion
Ivory,Medical/Health
TheHousePartyBySavar,Business Services
GlowGlossary,Food and Beverage
SinghDentalCare,Medical/Health
TribalVeda,Food and Beverage
Anuvad,Beauty/Fashion
Fitelo,Fitness/Sports/Outdoors
Nanighar,Food and Beverage
GoodMonk,Fitness/Sports/Outdoors
Artbuzz,Business Services
Tulua,Food and Beverage
Taffykids,Children/Education
WhaleWearables,Lifestyle/Home
Zingavita,Medical/Health
DhaagaLife,Beauty/Fashion
Tileskraft,Lifestyle/Home
Krishnsakhi,Lifestyle/Home
BoreCharger,Agriculture
SuperBolter,Lifestyle/Home
HiveSchool,Children/Education
Tintbox,Lifestyle/Home
EasyRugs,Lifestyle/Home
StylesTry,Beauty/Fashion
Quitci,Lifestyle/Home
FitFeast,Food and Beverage
TheBearHouse,Beauty/Fashion
UrbanAnimal,Animal/Pets
Nooky,Lifestyle/Home
Subculture,Beauty/Fashion
Woodsmen,Liquor/Alcohol
BhavisyaPlast,Green/CleanTech
Ecoil,Green/CleanTech
Rescript,Green/CleanTech
TickleYourArt,Others
Symbionic,Medical/Health
XLCinema,Entertainment
TheCroffleGuys,Food and Beverage
LewisiaWellness,Beauty/Fashion
GuuglyWuugly,Children/Education
EMoMee,Children/Education
CaptureATrip,Entertainment
Loopie,Children/Education
SaveSage,Technology/Software
KalamLabs,Technology/Software
Panteazy,Beauty/Fashion
GoatLife,Food and Beverage
Planyt,Green/CleanTech
Avishkaar,Children/Education
Emori,Beauty/Fashion
TrueDiamond,Beauty/Fashion
Smylo,Animal/Pets
Nootie,Animal/Pets
Pistabarfi,Food and Beverage
CorelLifecare,Food and Beverage
vryse,Technology/Software
MyPB,Food and Beverage
xSTEP,Medical/Health
TruthAndHair,Beauty/Fashion
MetaFashion,Technology/Software
Japam,Lifestyle/Home
ZenBarefoot,Beauty/Fashion
RIDEV,Vehicles/Electrical Vehicles
Stroom,Food and Beverage
TBFO,Beauty/Fashion
Neurapexai,Medical/Health
Wrestlefanent,Fitness/Sports/Outdoors
Ayuvyaandimfresh,Medical/Health
EveryMorningCartel,Food and Beverage
Cinefaistudios,Technology/Software
Sampark,Vehicles/Electrical Vehicles
Sovrenn,Technology/Software
Multibagg.ai,Technology/Software
UprearBuild,Business Services
PaperPro,Food and Beverage
Cosmohealth,Medical/Health
Gullylabs,Beauty/Fashion
Twin,Technology/Software
RCXlight,Technology/Software
Awsum,Food and Beverage
Phitku,Beauty/Fashion
9DXRlabs,Technology/Software
Pureflow,Medical/Health
Getsnappy,Medical/Health
Awayddings,Lifestyle/Home
Urbanwipe,Lifestyle/Home
Antinorm,Beauty/Fashion
Sepoy&co,Food and Beverage
Bonkerscorner,Beauty/Fashion
Bubbleme,Medical/Health
Outlive,Medical/Health
Metadrive,Entertainment
Sparshbrush,Animal/Pets
SheshaAyurveda,Beauty/Fashion
Cookiecartel,Food and Beverage
AviaLitewings,Vehicles/Electrical Vehicles
Aabo,Fitness/Sports/Outdoors
Krvvy,Beauty/Fashion
Invogue,Beauty/Fashion
Taashacraft,Beauty/Fashion
MishmashNaturals,Children/Education
IndianSchoolOfCalisthenics,Fitness/Sports/Outdoors
Wholeleaf,Medical/Health
Mankomb,Green/CleanTech
MadrasiKaapihouse,Food and Beverage
Soundverse,Technology/Software
Kilrr,Food and Beverage
Offline,Lifestyle/Home
PandasBox,Children/Education
TheBindiProject,Beauty/Fashion
VoxturnAI,Technology/Software
MyWonder,Technology/Software
Cotopay,Technology/Software
LocalAllNaturalSoda,Food and Beverage
TheBingeTown,Entertainment
PropFTX,Business Services
EightTimesEight,Fitness/Sports/Outdoors
Warriorworld,Beauty/Fashion
Currently,Technology/Software
Anjanibooks,Technology/Software
Booon,Beauty/Fashion
MeMeraki,Lifestyle/Home
3Sisters,Food and Beverage
Artociti,Lifestyle/Home
Kreo,Fitness/Sports/Outdoors
Rosada,Beauty/Fashion
BabyworksBySwapnil,Beauty/Fashion
Gramiyaa,Food and Beverage
MamaNourish,Food and Beverage
Kelvin6k,Business Services
ANAApparels,Beauty/Fashion
EzPac,Business Services
Gappu,Beauty/Fashion
MisterVeg,Food and Beverage
Saras,Technology/Software
Speechgears,Children/Education
Heizen,Technology/Software
Pukaar.ai,Technology/Software
upsnac,Food and Beverage
KotsonMattress,Lifestyle/Home
Kalakrit,Technology/Software
SVSFood,Food and Beverage
BeClinical,Beauty/Fashion
Misfits,Lifestyle/Home
KrimmyThickshakes,Food and Beverage
CurryIt,Food and Beverage
dubpro.ai,Technology/Software
Boingg,Children/Education
Pragyan,Children/Education
Sanchvi,Beauty/Fashion
Trring,Lifestyle/Home
Edinora,Food and Beverage
RehabVeda,Medical/Health
Freshpod,Vehicles/Electrical Vehicles
Modge,Food and Beverage
OrbitWallet,Others
Hobfit,Fitness/Sports/Outdoors
Shichisoru,Children/Education
Rimigo,Technology/Software
Everaw,Food and Beverage
Coro,Business Services
Luzo,Beauty/Fashion
F2Fintech,Technology/Software
Wellwith,Beauty/Fashion
IndianHairWorld,Beauty/Fashion
awenest,Beauty/Fashion
HOOKd,Food and Beverage
Littlecherrymom,Food and Beverage
Stubb,Lifestyle/Home
SoilSens,Agriculture
Flashoot,Technology/Software
NapTapGo,Fitness/Sports/Outdoors
BlrPods,Fitness/Sports/Outdoors
Nytarra,Lifestyle/Home
BYLX,Fitness/Sports/Outdoors
Greenpista,Others
CTRUH,Technology/Software
SteamPRO,Lifestyle/Home
Uptown,Business Services
KorinMi,Beauty/Fashion
Dent@home,Medical/Health
Marbleous,Lifestyle/Home
Fitkin,Beauty/Fashion
KindFertility,Medical/Health
Namovardan,Agriculture
Circato,Green/CleanTech
GreenAvartan,Green/CleanTech
DhartiAmrit,Green/CleanTech
TwoWordsAway,Technology/Software
Floreal,Beauty/Fashion
MyPerro,Animal/Pets
PeerX,Technology/Software
