Startup_Name,Risk_Score,Risk_Level,High_Flags,Medium_Flags,Low_Flags,Total_Flags,Investment_Category
BluePineFoods,42.5,Medium Risk,1,0,0,1,Further Due Diligence
BoozScooters,42.5,Medium Risk,1,0,0,1,Further Due Diligence
HeartUpMySleeves,43.75,Medium Risk,1,0,0,1,Further Due Diligence
TagzFoods,54.5,Medium Risk,1,1,0,2,Further Due Diligence
HeadAndHeart,43.75,Medium Risk,1,0,0,1,Further Due Diligence
Agritourism,43.75,Medium Risk,1,0,0,1,Further Due Diligence
qZenseLabs,42.5,Medium Risk,1,0,0,1,Further Due Diligence
Peeschute,43.75,Medium Risk,1,0,0,1,Further Due Diligence
NOCD,43.75,Medium Risk,1,0,0,1,Further Due Diligence
CosIQ,40.0,Medium Risk,1,0,0,1,Further Due Diligence
JhaJiAchaar,67.5,High Risk,2,0,0,2,High Risk
Bummer,41.25,Medium Risk,1,0,0,1,Further Due Diligence
RevampMoto,43.75,Medium Risk,1,0,0,1,Further Due Diligence
HungryHead,43.75,Medium Risk,1,0,0,1,Further Due Diligence
ShrawaniEngineers,43.75,Medium Risk,1,0,0,1,Further Due Diligence
SkippiIcePops,43.75,Medium Risk,1,0,0,1,Further Due Diligence
Menstrupedia,67.5,High Risk,2,0,0,2,High Risk
Hecoll,43.75,Medium Risk,1,0,0,1,Further Due Diligence
RaisingSuperstars,43.75,Medium Risk,1,0,0,1,Further Due Diligence
Torch-it,42.5,Medium Risk,1,0,0,1,Further Due Diligence
Kavach,45.0,Medium Risk,1,0,0,1,Further Due Diligence
LaKheerDeli,43.75,Medium Risk,1,0,0,1,Further Due Diligence
BeyondSnack,41.25,Medium Risk,1,0,0,1,Further Due Diligence
VivalyfInnovations,43.75,Medium Risk,1,0,0,1,Further Due Diligence
MotionBreeze,43.75,Medium Risk,1,0,0,1,Further Due Diligence
Altor,45.0,Medium Risk,1,0,0,1,Further Due Diligence
Ariro,41.25,Medium Risk,1,0,0,1,Further Due Diligence
KabiraHandmad,66.25,High Risk,2,0,0,2,High Risk
Nuutjob,42.5,Medium Risk,1,0,0,1,Further Due Diligence
Meatyour,53.25,Medium Risk,1,1,0,2,Further Due Diligence
EventBeep,43.75,Medium Risk,1,0,0,1,Further Due Diligence
Gopal's56,66.25,High Risk,2,0,0,2,High Risk
ARRCOATSurfaceTextures,42.5,Medium Risk,1,0,0,1,Further Due Diligence
Farda,42.5,Medium Risk,1,0,0,1,Further Due Diligence
Auli,40.0,Medium Risk,1,0,0,1,Further Due Diligence
SweeDesi,45.0,Medium Risk,1,0,0,1,Further Due Diligence
LOKA,45.0,Medium Risk,1,0,0,1,Further Due Diligence
Annie,41.25,Medium Risk,1,0,0,1,Further Due Diligence
Carragreen,45.0,Medium Risk,1,0,0,1,Further Due Diligence
TheYarnBazaar,43.75,Medium Risk,1,0,0,1,Further Due Diligence
TheRenalProject,43.75,Medium Risk,1,0,0,1,Further Due Diligence
MorrikoPureFoods,43.75,Medium Risk,1,0,0,1,Further Due Diligence
GoodGoodPiggy,43.75,Medium Risk,1,0,0,1,Further Due Diligence
HammerLifestyle,43.75,Medium Risk,1,0,0,1,Further Due Diligence
PNTRobotics,45.0,Medium Risk,1,0,0,1,Further Due Diligence
Cocofit,42.5,Medium Risk,1,0,0,1,Further Due Diligence
BambooIndia,42.5,Medium Risk,1,0,0,1,Further Due Diligence
FlyingFur,45.0,Medium Risk,1,0,0,1,Further Due Diligence
BeyondWater,43.75,Medium Risk,1,0,0,1,Further Due Diligence
Let'sTry,41.25,Medium Risk,1,0,0,1,Further Due Diligence
FindYourKicksIndia,43.75,Medium Risk,1,0,0,1,Further Due Diligence
AasVidyalaya,43.75,Medium Risk,1,0,0,1,Further Due Diligence
Outbox,43.75,Medium Risk,1,0,0,1,Further Due Diligence
RoadBounce,43.75,Medium Risk,1,0,0,1,Further Due Diligence
Mommy'sKitchen,42.5,Medium Risk,1,0,0,1,Further Due Diligence
IndiaHempandCo,42.5,Medium Risk,1,0,0,1,Further Due Diligence
Otua,45.0,Medium Risk,1,0,0,1,Further Due Diligence
Anthyesti,41.25,Medium Risk,1,0,0,1,Further Due Diligence
Ethik,42.5,Medium Risk,1,0,0,1,Further Due Diligence
WeSTOCK,43.75,Medium Risk,1,0,0,1,Further Due Diligence
KetoIndia,42.5,Medium Risk,1,0,0,1,Further Due Diligence
Magiclock,43.75,Medium Risk,1,0,0,1,Further Due Diligence
TheStatePlate,54.5,Medium Risk,1,1,0,2,Further Due Diligence
Bakarmax,42.5,Medium Risk,1,0,0,1,Further Due Diligence
INACAN,43.75,Medium Risk,1,0,0,1,Further Due Diligence
Get-A-Whey,40.0,Medium Risk,1,0,0,1,Further Due Diligence
Sid07Designs,43.75,Medium Risk,1,0,0,1,Further Due Diligence
TheQuirkyNaari,43.75,Medium Risk,1,0,0,1,Further Due Diligence
HairOriginals,42.5,Medium Risk,1,0,0,1,Further Due Diligence
Poo-de-Cologne,42.5,Medium Risk,1,0,0,1,Further Due Diligence
Moonshine,42.5,Medium Risk,1,0,0,1,Further Due Diligence
Falhari,67.5,High Risk,2,0,0,2,High Risk
NamhyaFoods,42.5,Medium Risk,1,0,0,1,Further Due Diligence
UrbanMonkey,41.25,Medium Risk,1,0,0,1,Further Due Diligence
GuardianGears,40.0,Medium Risk,1,0,0,1,Further Due Diligence
ModernMyth,43.75,Medium Risk,1,0,0,1,Further Due Diligence
TheSassBar,41.25,Medium Risk,1,0,0,1,Further Due Diligence
KGAgrotech,43.75,Medium Risk,1,0,0,1,Further Due Diligence
NuskhaKitchen,43.75,Medium Risk,1,0,0,1,Further Due Diligence
PawsIndia,41.25,Medium Risk,1,0,0,1,Further Due Diligence
SunfoxTechnologies,42.5,Medium Risk,1,0,0,1,Further Due Diligence
Alpino,55.75,Medium Risk,1,1,0,2,Further Due Diligence
IsakFragrances,43.75,Medium Risk,1,0,0,1,Further Due Diligence
JulaaAutomation,43.75,Medium Risk,1,0,0,1,Further Due Diligence
RarePlanet,42.5,Medium Risk,1,0,0,1,Further Due Diligence
ThekaCoffee,42.5,Medium Risk,1,0,0,1,Further Due Diligence
WattTechnovations,45.0,Medium Risk,1,0,0,1,Further Due Diligence
AlisteTechnologies,41.25,Medium Risk,1,0,0,1,Further Due Diligence
InsuranceSamadhan,42.5,Medium Risk,1,0,0,1,Further Due Diligence
HumpyA2,54.5,Medium Risk,1,1,0,2,Further Due Diligence
KunafaWorld,41.25,Medium Risk,1,0,0,1,Further Due Diligence
GoldSafeSolutions,67.5,High Risk,2,0,0,2,High Risk
WakaoFoods,42.5,Medium Risk,1,0,0,1,Further Due Diligence
PDDFalcon,54.5,Medium Risk,1,1,0,2,Further Due Diligence
PlayBoxTV,42.5,Medium Risk,1,0,0,1,Further Due Diligence
Sippline,45.0,Medium Risk,1,0,0,1,Further Due Diligence
KabaddiAdda,41.25,Medium Risk,1,0,0,1,Further Due Diligence
ShadesofSpring,54.5,Medium Risk,1,1,0,2,Further Due Diligence
Scholify,43.75,Medium Risk,1,0,0,1,Further Due Diligence
Scrapshala,42.5,Medium Risk,1,0,0,1,Further Due Diligence
Sabjikothi,43.75,Medium Risk,1,0,0,1,Further Due Diligence
AyuRythm,45.0,Medium Risk,1,0,0,1,Further Due Diligence
Astrix,42.5,Medium Risk,1,0,0,1,Further Due Diligence
TheaAndSid,40.0,Medium Risk,1,0,0,1,Further Due Diligence
ExperentialEtc,43.75,Medium Risk,1,0,0,1,Further Due Diligence
GrowFitter,43.75,Medium Risk,1,0,0,1,Further Due Diligence
C3Med-Tech,45.0,Medium Risk,1,0,0,1,Further Due Diligence
ColourMeMad-CMM,43.75,Medium Risk,1,0,0,1,Further Due Diligence
Mavi's,43.75,Medium Risk,1,0,0,1,Further Due Diligence
TweekLabs,45.0,Medium Risk,1,0,0,1,Further Due Diligence
Proxgy,45.0,Medium Risk,1,0,0,1,Further Due Diligence
NomadFoodProject,42.5,Medium Risk,1,0,0,1,Further Due Diligence
TweeInOne,45.0,Medium Risk,1,0,0,1,Further Due Diligence
GreenProtein,54.5,Medium Risk,1,1,0,2,Further Due Diligence
On2Cook,43.75,Medium Risk,1,0,0,1,Further Due Diligence
JainShikanji,43.75,Medium Risk,1,0,0,1,Further Due Diligence
Woloo,43.75,Medium Risk,1,0,0,1,Further Due Diligence
ElcareIndia,54.5,Medium Risk,1,1,0,2,Further Due Diligence
SneaKare,43.75,Medium Risk,1,0,0,1,Further Due Diligence
FrenchCrown,42.5,Medium Risk,1,0,0,1,Further Due Diligence
StoreMyGoods,43.75,Medium Risk,1,0,0,1,Further Due Diligence
Devnagri,43.75,Medium Risk,1,0,0,1,Further Due Diligence
WitBlox,45.0,Medium Risk,1,0,0,1,Further Due Diligence
Kineer,43.75,Medium Risk,1,0,0,1,Further Due Diligence
PiChem,42.5,Medium Risk,1,0,0,1,Further Due Diligence
Clensta,43.75,Medium Risk,1,0,0,1,Further Due Diligence
InfinitiInsects,43.75,Medium Risk,1,0,0,1,Further Due Diligence
AshwaPro,45.0,Medium Risk,1,0,0,1,Further Due Diligence
Mine4Nine,43.75,Medium Risk,1,0,0,1,Further Due Diligence
StudioBeej,43.75,Medium Risk,1,0,0,1,Further Due Diligence
Sattuz,43.75,Medium Risk,1,0,0,1,Further Due Diligence
Scintiglo,43.75,Medium Risk,1,0,0,1,Further Due Diligence
Glii,45.0,Medium Risk,1,0,0,1,Further Due Diligence
StanleeIndia,45.0,Medium Risk,1,0,0,1,Further Due Diligence
SpaceKidzIndia,45.0,Medium Risk,1,0,0,1,Further Due Diligence
UrbanNaps,45.0,Medium Risk,1,0,0,1,Further Due Diligence
Gizmoswala,54.5,Medium Risk,1,1,0,2,Further Due Diligence
ZyppElectric,45.0,Medium Risk,1,0,0,1,Further Due Diligence
Picsniff,45.0,Medium Risk,1,0,0,1,Further Due Diligence
Deciwood,45.0,Medium Risk,1,0,0,1,Further Due Diligence
HappyBar,43.75,Medium Risk,1,0,0,1,Further Due Diligence
Tathastulive,45.0,Medium Risk,1,0,0,1,Further Due Diligence
BandsandCups,42.5,Medium Risk,1,0,0,1,Further Due Diligence
MyWealthProtector,43.75,Medium Risk,1,0,0,1,Further Due Diligence
TheIris,45.0,Medium Risk,1,0,0,1,Further Due Diligence
Canebot,43.75,Medium Risk,1,0,0,1,Further Due Diligence
OyeDelhiOye,45.0,Medium Risk,1,0,0,1,Further Due Diligence
InaliAssistiveTech,45.0,Medium Risk,1,0,0,1,Further Due Diligence
Meera'sCelebrations,45.0,Medium Risk,1,0,0,1,Further Due Diligence
Artment,43.75,Medium Risk,1,0,0,1,Further Due Diligence
Powertree,45.0,Medium Risk,1,0,0,1,Further Due Diligence
Eume,43.75,Medium Risk,1,0,0,1,Further Due Diligence
Hoovu,43.75,Medium Risk,1,0,0,1,Further Due Diligence
Dorji,43.75,Medium Risk,1,0,0,1,Further Due Diligence
Recode,45.0,Medium Risk,1,0,0,1,Further Due Diligence
VeryMuchIndian,54.5,Medium Risk,1,1,0,2,Further Due Diligence
WatchoutWearables,43.75,Medium Risk,1,0,0,1,Further Due Diligence
SoupX,55.75,Medium Risk,1,1,0,2,Further Due Diligence
ATMOSPHERE,45.0,Medium Risk,1,0,0,1,Further Due Diligence
Stage,45.0,Medium Risk,1,0,0,1,Further Due Diligence
Girgit,45.0,Medium Risk,1,0,0,1,Further Due Diligence
GearHeadMotors,45.0,Medium Risk,1,0,0,1,Further Due Diligence
PatilKaki,45.0,Medium Risk,1,0,0,1,Further Due Diligence
Brandsdaddy,42.5,Medium Risk,1,0,0,1,Further Due Diligence
Winston,43.75,Medium Risk,1,0,0,1,Further Due Diligence
Flatheads,45.0,Medium Risk,1,0,0,1,Further Due Diligence
OrganicSmokes,43.75,Medium Risk,1,0,0,1,Further Due Diligence
TeaFit,45.0,Medium Risk,1,0,0,1,Further Due Diligence
Haqdarshak,45.0,Medium Risk,1,0,0,1,Further Due Diligence
Bhaskar'sPuranpoliGhar,45.0,Medium Risk,1,0,0,1,Further Due Diligence
GunjanAppsStudios,43.75,Medium Risk,1,0,0,1,Further Due Diligence
TheSimplySalad,45.0,Medium Risk,1,0,0,1,Further Due Diligence
AyuSynk,45.0,Medium Risk,1,0,0,1,Further Due Diligence
AtypicalAdvantage,45.0,Medium Risk,1,0,0,1,Further Due Diligence
HouseOfChikankari,45.0,Medium Risk,1,0,0,1,Further Due Diligence
MagicOfMemories,45.0,Medium Risk,1,0,0,1,Further Due Diligence
Paradyes,43.75,Medium Risk,1,0,0,1,Further Due Diligence
Nestroots,45.0,Medium Risk,1,0,0,1,Further Due Diligence
Zillionaire,43.75,Medium Risk,1,0,0,1,Further Due Diligence
Credmate,43.75,Medium Risk,1,0,0,1,Further Due Diligence
Freebowler,45.0,Medium Risk,1,0,0,1,Further Due Diligence
ABCSports&Fitness,45.0,Medium Risk,1,0,0,1,Further Due Diligence
Primebook,45.0,Medium Risk,1,0,0,1,Further Due Diligence
DailyDump,45.0,Medium Risk,1,0,0,1,Further Due Diligence
GharSoaps,45.0,Medium Risk,1,0,0,1,Further Due Diligence
Janitri,45.0,Medium Risk,1,0,0,1,Further Due Diligence
JaipurWatchCompany,43.75,Medium Risk,1,0,0,1,Further Due Diligence
InsideFPV,45.0,Medium Risk,1,0,0,1,Further Due Diligence
Angrakhaa,45.0,Medium Risk,1,0,0,1,Further Due Diligence
Diabexy,43.75,Medium Risk,1,0,0,1,Further Due Diligence
Kyari,43.75,Medium Risk,1,0,0,1,Further Due Diligence
MoppFoods,45.0,Medium Risk,1,0,0,1,Further Due Diligence
Econiture,45.0,Medium Risk,1,0,0,1,Further Due Diligence
Dobiee,67.5,High Risk,2,0,0,2,High Risk
FastBeetle,42.5,Medium Risk,1,0,0,1,Further Due Diligence
Pflow,43.75,Medium Risk,1,0,0,1,Further Due Diligence
VSMani,43.75,Medium Risk,1,0,0,1,Further Due Diligence
Sepal,55.75,Medium Risk,1,1,0,2,Further Due Diligence
Solinas,43.75,Medium Risk,1,0,0,1,Further Due Diligence
AvimeeHerbal,42.5,Medium Risk,1,0,0,1,Further Due Diligence
eyenic,53.25,Medium Risk,1,1,0,2,Further Due Diligence
ekatra,41.25,Medium Risk,1,0,0,1,Further Due Diligence
Raasa,45.0,Medium Risk,1,0,0,1,Further Due Diligence
NeoMotion,43.75,Medium Risk,1,0,0,1,Further Due Diligence
licksters,42.5,Medium Risk,1,0,0,1,Further Due Diligence
Sayonara,43.75,Medium Risk,1,0,0,1,Further Due Diligence
PMV,43.75,Medium Risk,1,0,0,1,Further Due Diligence
SpiceStory,42.5,Medium Risk,1,0,0,1,Further Due Diligence
Bullspree,45.0,Medium Risk,1,0,0,1,Further Due Diligence
Snitch,45.0,Medium Risk,1,0,0,1,Further Due Diligence
Portl,55.75,Medium Risk,1,1,0,2,Further Due Diligence
FatToSlim,43.75,Medium Risk,1,0,0,1,Further Due Diligence
CheeseCake&Co.,43.75,Medium Risk,1,0,0,1,Further Due Diligence
Dabble,41.25,Medium Risk,1,0,0,1,Further Due Diligence
CloudTailor,43.75,Medium Risk,1,0,0,1,Further Due Diligence
BeUnic,42.5,Medium Risk,1,0,0,1,Further Due Diligence
Broomees,45.0,Medium Risk,1,0,0,1,Further Due Diligence
Ravel,43.75,Medium Risk,1,0,0,1,Further Due Diligence
HoneyVeda,67.5,High Risk,2,0,0,2,High Risk
PadCare,43.75,Medium Risk,1,0,0,1,Further Due Diligence
SwadeshiBlessings,41.25,Medium Risk,1,0,0,1,Further Due Diligence
OLL,45.0,Medium Risk,1,0,0,1,Further Due Diligence
Febris,41.25,Medium Risk,1,0,0,1,Further Due Diligence
Geeani,45.0,Medium Risk,1,0,0,1,Further Due Diligence
Amore,45.0,Medium Risk,1,0,0,1,Further Due Diligence
LeafyAffair,41.25,Medium Risk,1,0,0,1,Further Due Diligence
ScrapUncle,67.5,High Risk,2,0,0,2,High Risk
SharmaJiKiAata,42.5,Medium Risk,1,0,0,1,Further Due Diligence
Manetain,41.25,Medium Risk,1,0,0,1,Further Due Diligence
GavinParis,42.5,Medium Risk,1,0,0,1,Further Due Diligence
UnStop,42.5,Medium Risk,1,0,0,1,Further Due Diligence
BlueTea,42.5,Medium Risk,1,0,0,1,Further Due Diligence
TheGreenSnack,43.75,Medium Risk,1,0,0,1,Further Due Diligence
HobbyIndia,43.75,Medium Risk,1,0,0,1,Further Due Diligence
Flhexible,52.0,Medium Risk,1,1,0,2,Further Due Diligence
UpThrust,41.25,Medium Risk,1,0,0,1,Further Due Diligence
Zoff,43.75,Medium Risk,1,0,0,1,Further Due Diligence
DesiToys,40.0,Medium Risk,1,0,0,1,Further Due Diligence
CloudWorx,43.75,Medium Risk,1,0,0,1,Further Due Diligence
Mahantam,45.0,Medium Risk,1,0,0,1,Further Due Diligence
MindPeers,45.0,Medium Risk,1,0,0,1,Further Due Diligence
Barosi,54.5,Medium Risk,1,1,0,2,Further Due Diligence
Daryaganj,43.75,Medium Risk,1,0,0,1,Further Due Diligence
DhruvVidyut,45.0,Medium Risk,1,0,0,1,Further Due Diligence
CELLBELL,42.5,Medium Risk,1,0,0,1,Further Due Diligence
Tipayi,52.0,Medium Risk,1,1,0,2,Further Due Diligence
DigiQure,45.0,Medium Risk,1,0,0,1,Further Due Diligence
Nirmalaya,43.75,Medium Risk,1,0,0,1,Further Due Diligence
Pabiben,42.5,Medium Risk,1,0,0,1,Further Due Diligence
Homestrap,43.75,Medium Risk,1,0,0,1,Further Due Diligence
uBreathe,45.0,Medium Risk,1,0,0,1,Further Due Diligence
Deyor,67.5,High Risk,2,0,0,2,High Risk
iMumz,45.0,Medium Risk,1,0,0,1,Further Due Diligence
TheHealthyBinge,43.75,Medium Risk,1,0,0,1,Further Due Diligence
Freakins,43.75,Medium Risk,1,0,0,1,Further Due Diligence
Perfora,43.75,Medium Risk,1,0,0,1,Further Due Diligence
MidNightAngelsByPC,41.25,Medium Risk,1,0,0,1,Further Due Diligence
CureSee,42.5,Medium Risk,1,0,0,1,Further Due Diligence
MeduLance,42.5,Medium Risk,1,0,0,1,Further Due Diligence
Cakelicious,41.25,Medium Risk,1,0,0,1,Further Due Diligence
Bowled.io,45.0,Medium Risk,1,0,0,1,Further Due Diligence
Toyshine,41.25,Medium Risk,1,0,0,1,Further Due Diligence
neuphony,45.0,Medium Risk,1,0,0,1,Further Due Diligence
Amrutam,43.75,Medium Risk,1,0,0,1,Further Due Diligence
HoloKitab,43.75,Medium Risk,1,0,0,1,Further Due Diligence
Zoe,43.75,Medium Risk,1,0,0,1,Further Due Diligence
Hornback,45.0,Medium Risk,1,0,0,1,Further Due Diligence
Malaki,40.0,Medium Risk,1,0,0,1,Further Due Diligence
nanoclean,42.5,Medium Risk,1,0,0,1,Further Due Diligence
DesmondJi,42.5,Medium Risk,1,0,0,1,Further Due Diligence
Cremeitalia,43.75,Medium Risk,1,0,0,1,Further Due Diligence
nawgati,45.0,Medium Risk,1,0,0,1,Further Due Diligence
Swytchd,45.0,Medium Risk,1,0,0,1,Further Due Diligence
GladFul,43.75,Medium Risk,1,0,0,1,Further Due Diligence
Pharmallama,43.75,Medium Risk,1,0,0,1,Further Due Diligence
CraveRajaFoods,40.0,Medium Risk,1,0,0,1,Further Due Diligence
VAPerfume,42.5,Medium Risk,1,0,0,1,Further Due Diligence
Hood,43.75,Medium Risk,1,0,0,1,Further Due Diligence
TwistingScoops,43.75,Medium Risk,1,0,0,1,Further Due Diligence
GROWiT,68.75,High Risk,2,0,0,2,High Risk
Makino,54.5,Medium Risk,1,1,0,2,Further Due Diligence
Trunome,45.0,Medium Risk,1,0,0,1,Further Due Diligence
Wol3D,55.75,Medium Risk,1,1,0,2,Further Due Diligence
What'sUpWellness,43.75,Medium Risk,1,0,0,1,Further Due Diligence
ProostBeer,45.0,Medium Risk,1,0,0,1,Further Due Diligence
DrCubes,53.25,Medium Risk,1,1,0,2,Further Due Diligence
MetroRide,42.5,Medium Risk,1,0,0,1,Further Due Diligence
Conker,40.0,Medium Risk,1,0,0,1,Further Due Diligence
WTF,45.0,Medium Risk,1,0,0,1,Further Due Diligence
funngro,45.0,Medium Risk,1,0,0,1,Further Due Diligence
Aadvik,42.5,Medium Risk,1,0,0,1,Further Due Diligence
oyehappy,41.25,Medium Risk,1,0,0,1,Further Due Diligence
HealthyMaster,54.5,Medium Risk,1,1,0,2,Further Due Diligence
Kitsons,45.0,Medium Risk,1,0,0,1,Further Due Diligence
LondonBubble,45.0,Medium Risk,1,0,0,1,Further Due Diligence
WaggyZone,41.25,Medium Risk,1,0,0,1,Further Due Diligence
NutriCook,43.75,Medium Risk,1,0,0,1,Further Due Diligence
Subhag,43.75,Medium Risk,1,0,0,1,Further Due Diligence
SinghStyled,43.75,Medium Risk,1,0,0,1,Further Due Diligence
ZSportsTech,43.75,Medium Risk,1,0,0,1,Further Due Diligence
ThePlatedProject,45.0,Medium Risk,1,0,0,1,Further Due Diligence
VsnapU,43.75,Medium Risk,1,0,0,1,Further Due Diligence
TheHealthyFactory,43.75,Medium Risk,1,0,0,1,Further Due Diligence
Brevistay,43.75,Medium Risk,1,0,0,1,Further Due Diligence
SoulUp,45.0,Medium Risk,1,0,0,1,Further Due Diligence
TheBigBookBoxChapterOneBooks,43.75,Medium Risk,1,0,0,1,Further Due Diligence
Rubans,43.75,Medium Risk,1,0,0,1,Further Due Diligence
SameNotification,45.0,Medium Risk,1,0,0,1,Further Due Diligence
BottomLineSprays,43.75,Medium Risk,1,0,0,1,Further Due Diligence
LilGoodness,42.5,Medium Risk,1,0,0,1,Further Due Diligence
ForeverModest,43.75,Medium Risk,1,0,0,1,Further Due Diligence
Sahayatha,45.0,Medium Risk,1,0,0,1,Further Due Diligence
WickedGud,45.0,Medium Risk,1,0,0,1,Further Due Diligence
maisha,45.0,Medium Risk,1,0,0,1,Further Due Diligence
NishHair,41.25,Medium Risk,1,0,0,1,Further Due Diligence
MYBYK,45.0,Medium Risk,1,0,0,1,Further Due Diligence
GODESi,43.75,Medium Risk,1,0,0,1,Further Due Diligence
TAC,45.0,Medium Risk,1,0,0,1,Further Due Diligence
Naara-Aaba,42.5,Medium Risk,1,0,0,1,Further Due Diligence
StyloBug,41.25,Medium Risk,1,0,0,1,Further Due Diligence
ZenOnco,43.75,Medium Risk,1,0,0,1,Further Due Diligence
HonestHome,41.25,Medium Risk,1,0,0,1,Further Due Diligence
AdilQadri,41.25,Medium Risk,1,0,0,1,Further Due Diligence
ConsciousChemist,42.5,Medium Risk,1,0,0,1,Further Due Diligence
TheCinnamonKitchen,43.75,Medium Risk,1,0,0,1,Further Due Diligence
WtfGyms,43.75,Medium Risk,1,0,0,1,Further Due Diligence
Intervue,43.75,Medium Risk,1,0,0,1,Further Due Diligence
RodBez,43.75,Medium Risk,1,0,0,1,Further Due Diligence
Blix,41.25,Medium Risk,1,0,0,1,Further Due Diligence
Homversity,43.75,Medium Risk,1,0,0,1,Further Due Diligence
TURMS,42.5,Medium Risk,1,0,0,1,Further Due Diligence
mintree,43.75,Medium Risk,1,0,0,1,Further Due Diligence
80Wash,45.0,Medium Risk,1,0,0,1,Further Due Diligence
DilFoods,43.75,Medium Risk,1,0,0,1,Further Due Diligence
AIKavach/Panoplia,45.0,Medium Risk,1,0,0,1,Further Due Diligence
Bartisans,41.25,Medium Risk,1,0,0,1,Further Due Diligence
Aretto,41.25,Medium Risk,1,0,0,1,Further Due Diligence
Kalakaram,41.25,Medium Risk,1,0,0,1,Further Due Diligence
NabhiSutra,41.25,Medium Risk,1,0,0,1,Further Due Diligence
Zorko,52.0,Medium Risk,1,1,0,2,Further Due Diligence
Tramboo,41.25,Medium Risk,1,0,0,1,Further Due Diligence
WeHear,42.5,Medium Risk,1,0,0,1,Further Due Diligence
Tiggle,42.5,Medium Risk,1,0,0,1,Further Due Diligence
WYLDCard,45.0,Medium Risk,1,0,0,1,Further Due Diligence
upliance.ai,45.0,Medium Risk,1,0,0,1,Further Due Diligence
PizzaGalleria,42.5,Medium Risk,1,0,0,1,Further Due Diligence
AiCars,45.0,Medium Risk,1,0,0,1,Further Due Diligence
RooftopApp,45.0,Medium Risk,1,0,0,1,Further Due Diligence
GoenchiFeni,55.75,Medium Risk,1,1,0,2,Further Due Diligence
Arata,41.25,Medium Risk,1,0,0,1,Further Due Diligence
Vecros,42.5,Medium Risk,1,0,0,1,Further Due Diligence
GudGum,45.0,Medium Risk,1,0,0,1,Further Due Diligence
EvaScalp,41.25,Medium Risk,1,0,0,1,Further Due Diligence
Elitty,53.25,Medium Risk,1,1,0,2,Further Due Diligence
HoneyTwigs,42.5,Medium Risk,1,0,0,1,Further Due Diligence
Koparo,42.5,Medium Risk,1,0,0,1,Further Due Diligence
2Ballz,43.75,Medium Risk,1,0,0,1,Further Due Diligence
JewelBox,43.75,Medium Risk,1,0,0,1,Further Due Diligence
DaakRoom,43.75,Medium Risk,1,0,0,1,Further Due Diligence
Nuvedo,43.75,Medium Risk,1,0,0,1,Further Due Diligence
WALK,45.0,Medium Risk,1,0,0,1,Further Due Diligence
RajaRaniCoaching,43.75,Medium Risk,1,0,0,1,Further Due Diligence
DecodeAge,42.5,Medium Risk,1,0,0,1,Further Due Diligence
ALittleExtra,42.5,Medium Risk,1,0,0,1,Further Due Diligence
Assembly,43.75,Medium Risk,1,0,0,1,Further Due Diligence
NasherMiles,43.75,Medium Risk,1,0,0,1,Further Due Diligence
AltCo,42.5,Medium Risk,1,0,0,1,Further Due Diligence
Without,45.0,Medium Risk,1,0,0,1,Further Due Diligence
Kibo,42.5,Medium Risk,1,0,0,1,Further Due Diligence
VOLD,53.25,Medium Risk,1,1,0,2,Further Due Diligence
Quirksmith,41.25,Medium Risk,1,0,0,1,Further Due Diligence
UrbanSpace,42.5,Medium Risk,1,0,0,1,Further Due Diligence
HyperLab,45.0,Medium Risk,1,0,0,1,Further Due Diligence
EcoBiotraps,65.0,High Risk,2,0,0,2,High Risk
Hoora,42.5,Medium Risk,1,0,0,1,Further Due Diligence
YesMadam,43.75,Medium Risk,1,0,0,1,Further Due Diligence
Zerodor,42.5,Medium Risk,1,0,0,1,Further Due Diligence
ToffeeCoffeeRoasters,41.25,Medium Risk,1,0,0,1,Further Due Diligence
PushSports,42.5,Medium Risk,1,0,0,1,Further Due Diligence
ORBO,43.75,Medium Risk,1,0,0,1,Further Due Diligence
CannazoIndia,42.5,Medium Risk,1,0,0,1,Further Due Diligence
Chefling,40.0,Medium Risk,1,0,0,1,Further Due Diligence
IntenseFocus,41.25,Medium Risk,1,0,0,1,Further Due Diligence
MilletAmma,42.5,Medium Risk,1,0,0,1,Further Due Diligence
D'chica,42.5,Medium Risk,1,0,0,1,Further Due Diligence
Refit,66.25,High Risk,2,0,0,2,High Risk
HouseOfBeautyIndia,43.75,Medium Risk,1,0,0,1,Further Due Diligence
Artinci,41.25,Medium Risk,1,0,0,1,Further Due Diligence
TheRageRoom,45.0,Medium Risk,1,0,0,1,Further Due Diligence
Aastey,43.75,Medium Risk,1,0,0,1,Further Due Diligence
Matri,45.0,Medium Risk,1,0,0,1,Further Due Diligence
Rubbabu,42.5,Medium Risk,1,0,0,1,Further Due Diligence
GulaboJaipur,41.25,Medium Risk,1,0,0,1,Further Due Diligence
AristaVault,42.5,Medium Risk,1,0,0,1,Further Due Diligence
ToHands,45.0,Medium Risk,1,0,0,1,Further Due Diligence
PlusGold,45.0,Medium Risk,1,0,0,1,Further Due Diligence
Aroleap,43.75,Medium Risk,1,0,0,1,Further Due Diligence
Cosmix,41.25,Medium Risk,1,0,0,1,Further Due Diligence
Fabriclore,43.75,Medium Risk,1,0,0,1,Further Due Diligence
PolishMePretty,45.0,Medium Risk,1,0,0,1,Further Due Diligence
GridMats,43.75,Medium Risk,1,0,0,1,Further Due Diligence
UnclePetersPanCakes,41.25,Medium Risk,1,0,0,1,Further Due Diligence
CreativeHatti,42.5,Medium Risk,1,0,0,1,Further Due Diligence
CandidMen,42.5,Medium Risk,1,0,0,1,Further Due Diligence
Flyrobe,41.25,Medium Risk,1,0,0,1,Further Due Diligence
WiseLife,40.0,Medium Risk,1,0,0,1,Further Due Diligence
Cervicheck,45.0,Medium Risk,1,0,0,1,Further Due Diligence
Eatverse,41.25,Medium Risk,1,0,0,1,Further Due Diligence
AvataarSkincare,42.5,Medium Risk,1,0,0,1,Further Due Diligence
ChalteFirteMangalkaryalay,45.0,Medium Risk,1,0,0,1,Further Due Diligence
KryzenBiotech,43.75,Medium Risk,1,0,0,1,Further Due Diligence
FOMO,42.5,Medium Risk,1,0,0,1,Further Due Diligence
ModelVerse,45.0,Medium Risk,1,0,0,1,Further Due Diligence
VikrantBikes,45.0,Medium Risk,1,0,0,1,Further Due Diligence
TheShellHair,41.25,Medium Risk,1,0,0,1,Further Due Diligence
Rize,43.75,Medium Risk,1,0,0,1,Further Due Diligence
MEPACK,45.0,Medium Risk,1,0,0,1,Further Due Diligence
BaccaBucci,41.25,Medium Risk,1,0,0,1,Further Due Diligence
Vobble,45.0,Medium Risk,1,0,0,1,Further Due Diligence
BeUNatural,41.25,Medium Risk,1,0,0,1,Further Due Diligence
Erotissch,40.0,Medium Risk,1,0,0,1,Further Due Diligence
Niblerzz,53.25,Medium Risk,1,1,0,2,Further Due Diligence
Sorich,53.25,Medium Risk,1,1,0,2,Further Due Diligence
LittleBox,40.0,Medium Risk,1,0,0,1,Further Due Diligence
CremeCastle,41.25,Medium Risk,1,0,0,1,Further Due Diligence
Namakwali,41.25,Medium Risk,1,0,0,1,Further Due Diligence
KariboCosmetics,41.25,Medium Risk,1,0,0,1,Further Due Diligence
Deeva,40.0,Medium Risk,1,0,0,1,Further Due Diligence
DesignTemplate,42.5,Medium Risk,1,0,0,1,Further Due Diligence
Sama,41.25,Medium Risk,1,0,0,1,Further Due Diligence
GoldenFeathers,43.75,Medium Risk,1,0,0,1,Further Due Diligence
Myracle.io,45.0,Medium Risk,1,0,0,1,Further Due Diligence
Cup-ji,53.25,Medium Risk,1,1,0,2,Further Due Diligence
AToddlerThing,40.0,Medium Risk,1,0,0,1,Further Due Diligence
FlexifyMe,42.5,Medium Risk,1,0,0,1,Further Due Diligence
Dharaksha,45.0,Medium Risk,1,0,0,1,Further Due Diligence
iDreamCareer,43.75,Medium Risk,1,0,0,1,Further Due Diligence
RockPaperRum,45.0,Medium Risk,1,0,0,1,Further Due Diligence
Fit&Flex,41.25,Medium Risk,1,0,0,1,Further Due Diligence
Sukham,42.5,Medium Risk,1,0,0,1,Further Due Diligence
Smotect,40.0,Medium Risk,1,0,0,1,Further Due Diligence
Katidhan,41.25,Medium Risk,1,0,0,1,Further Due Diligence
NEMAAI,43.75,Medium Risk,1,0,0,1,Further Due Diligence
MaplePods,45.0,Medium Risk,1,0,0,1,Further Due Diligence
SpecOps,65.0,High Risk,2,0,0,2,High Risk
KaabilKids,43.75,Medium Risk,1,0,0,1,Further Due Diligence
OddGiraffe,41.25,Medium Risk,1,0,0,1,Further Due Diligence
Nemocare,42.5,Medium Risk,1,0,0,1,Further Due Diligence
WhySoBlue,42.5,Medium Risk,1,0,0,1,Further Due Diligence
CoratiaTechnologies,43.75,Medium Risk,1,0,0,1,Further Due Diligence
Coolant,43.75,Medium Risk,1,0,0,1,Further Due Diligence
Xmachines,43.75,Medium Risk,1,0,0,1,Further Due Diligence
Luvottica,41.25,Medium Risk,1,0,0,1,Further Due Diligence
FarmDidi,41.25,Medium Risk,1,0,0,1,Further Due Diligence
Popcorn,52.0,Medium Risk,1,1,0,2,Further Due Diligence
Prorata,43.75,Medium Risk,1,0,0,1,Further Due Diligence
Indigifts,40.0,Medium Risk,1,0,0,1,Further Due Diligence
AlienVersions,43.75,Medium Risk,1,0,0,1,Further Due Diligence
Rocca,41.25,Medium Risk,1,0,0,1,Further Due Diligence
KikoLive,42.5,Medium Risk,1,0,0,1,Further Due Diligence
Melooha,43.75,Medium Risk,1,0,0,1,Further Due Diligence
FUTRStudios,43.75,Medium Risk,1,0,0,1,Further Due Diligence
Allter,54.5,Medium Risk,1,1,0,2,Further Due Diligence
FirstBudOrganics,41.25,Medium Risk,1,0,0,1,Further Due Diligence
Shararat,42.5,Medium Risk,1,0,0,1,Further Due Diligence
Competishun,43.75,Medium Risk,1,0,0,1,Further Due Diligence
BombayClosetCleanse,41.25,Medium Risk,1,0,0,1,Further Due Diligence
KioskKaffee,42.5,Medium Risk,1,0,0,1,Further Due Diligence
NeonAttack,41.25,Medium Risk,1,0,0,1,Further Due Diligence
PTal,42.5,Medium Risk,1,0,0,1,Further Due Diligence
RoadPilot,45.0,Medium Risk,1,0,0,1,Further Due Diligence
SmartMop,45.0,Medium Risk,1,0,0,1,Further Due Diligence
Lea,40.0,Medium Risk,1,0,0,1,Further Due Diligence
$KrishnaRama,45.0,Medium Risk,1,0,0,1,Further Due Diligence
Rentit4me,52.0,Medium Risk,1,1,0,2,Further Due Diligence
CoolTheGlobe,43.75,Medium Risk,1,0,0,1,Further Due Diligence
Canvaloop,41.25,Medium Risk,1,0,0,1,Further Due Diligence
DigitalPaani,54.5,Medium Risk,1,1,0,2,Further Due Diligence
FAEBeauty,42.5,Medium Risk,1,0,0,1,Further Due Diligence
CONFECT,43.75,Medium Risk,1,0,0,1,Further Due Diligence
Indulge,43.75,Medium Risk,1,0,0,1,Further Due Diligence
BLFabric,41.25,Medium Risk,1,0,0,1,Further Due Diligence
CultureCircle,43.75,Medium Risk,1,0,0,1,Further Due Diligence
NexeraHealth,45.0,Medium Risk,1,0,0,1,Further Due Diligence
NOOE,42.5,Medium Risk,1,0,0,1,Further Due Diligence
GoZero,42.5,Medium Risk,1,0,0,1,Further Due Diligence
CurveElectric,45.0,Medium Risk,1,0,0,1,Further Due Diligence
Gudworld,41.25,Medium Risk,1,0,0,1,Further Due Diligence
airth,42.5,Medium Risk,1,0,0,1,Further Due Diligence
OneDios,43.75,Medium Risk,1,0,0,1,Further Due Diligence
InnerGize,45.0,Medium Risk,1,0,0,1,Further Due Diligence
PersonalTouchSkincare,42.5,Medium Risk,1,0,0,1,Further Due Diligence
KIWIKisanWindow,42.5,Medium Risk,1,0,0,1,Further Due Diligence
TripoleGear,52.0,Medium Risk,1,1,0,2,Further Due Diligence
Neosapien,45.0,Medium Risk,1,0,0,1,Further Due Diligence
MissCheesecake,41.25,Medium Risk,1,0,0,1,Further Due Diligence
SpeedKitchen,41.25,Medium Risk,1,0,0,1,Further Due Diligence
MudgarClub,43.75,Medium Risk,1,0,0,1,Further Due Diligence
ImagiMake,43.75,Medium Risk,1,0,0,1,Further Due Diligence
BeastLife,43.75,Medium Risk,1,0,0,1,Further Due Diligence
GoDevil,41.25,Medium Risk,1,0,0,1,Further Due Diligence
Havintha,42.5,Medium Risk,1,0,0,1,Further Due Diligence
NurturingGreen,41.25,Medium Risk,1,0,0,1,Further Due Diligence
kyari,41.25,Medium Risk,1,0,0,1,Further Due Diligence
ProjectClay,45.0,Medium Risk,1,0,0,1,Further Due Diligence
DeniBikes,45.0,Medium Risk,1,0,0,1,Further Due Diligence
PrettyLittleShop,41.25,Medium Risk,1,0,0,1,Further Due Diligence
Aquapeya,42.5,Medium Risk,1,0,0,1,Further Due Diligence
Jarsh,43.75,Medium Risk,1,0,0,1,Further Due Diligence
DACBY,67.5,High Risk,2,0,0,2,High Risk
Shyle,42.5,Medium Risk,1,0,0,1,Further Due Diligence
SavaniHeritage,42.5,Medium Risk,1,0,0,1,Further Due Diligence
SNEAKINN,53.25,Medium Risk,1,1,0,2,Further Due Diligence
fupro,53.25,Medium Risk,1,1,0,2,Further Due Diligence
Kanvas,42.5,Medium Risk,1,0,0,1,Further Due Diligence
ezo,43.75,Medium Risk,1,0,0,1,Further Due Diligence
Seven,43.75,Medium Risk,1,0,0,1,Further Due Diligence
TheFutureAnimations,41.25,Medium Risk,1,0,0,1,Further Due Diligence
Aignosis,45.0,Medium Risk,1,0,0,1,Further Due Diligence
Rosha,42.5,Medium Risk,1,0,0,1,Further Due Diligence
MakeMyPayment,45.0,Medium Risk,1,0,0,1,Further Due Diligence
PatchUp,43.75,Medium Risk,1,0,0,1,Further Due Diligence
tikitoro,42.5,Medium Risk,1,0,0,1,Further Due Diligence
Ashva,54.5,Medium Risk,1,1,0,2,Further Due Diligence
AseemShakti,42.5,Medium Risk,1,0,0,1,Further Due Diligence
RBDMachineTools,41.25,Medium Risk,1,0,0,1,Further Due Diligence
MidasPaint,45.0,Medium Risk,1,0,0,1,Further Due Diligence
GoodlandPickleball,42.5,Medium Risk,1,0,0,1,Further Due Diligence
TheNaturikCo,42.5,Medium Risk,1,0,0,1,Further Due Diligence
Metashot,43.75,Medium Risk,1,0,0,1,Further Due Diligence
GabruDiChaap,41.25,Medium Risk,1,0,0,1,Further Due Diligence
YaanMan,43.75,Medium Risk,1,0,0,1,Further Due Diligence
SonicLamb,42.5,Medium Risk,1,0,0,1,Further Due Diligence
Woolah,41.25,Medium Risk,1,0,0,1,Further Due Diligence
EM5,41.25,Medium Risk,1,0,0,1,Further Due Diligence
WomanLikeU,41.25,Medium Risk,1,0,0,1,Further Due Diligence
BookLeafPublishing,42.5,Medium Risk,1,0,0,1,Further Due Diligence
Str8bat,42.5,Medium Risk,1,0,0,1,Further Due Diligence
Ruby'sOrganics,43.75,Medium Risk,1,0,0,1,Further Due Diligence
TheGoodDoll,43.75,Medium Risk,1,0,0,1,Further Due Diligence
Schickwheel,45.0,Medium Risk,1,0,0,1,Further Due Diligence
ClapStoreToys,41.25,Medium Risk,1,0,0,1,Further Due Diligence
RahejaSolarFoodProcessing,67.5,High Risk,2,0,0,2,High Risk
Wanderlooms,42.5,Medium Risk,1,0,0,1,Further Due Diligence
Ugees,42.5,Medium Risk,1,0,0,1,Further Due Diligence
Alt.fCoworking,42.5,Medium Risk,1,0,0,1,Further Due Diligence
BurgerBae,40.0,Medium Risk,1,0,0,1,Further Due Diligence
BobaBhai,43.75,Medium Risk,1,0,0,1,Further Due Diligence
Hexafun,42.5,Medium Risk,1,0,0,1,Further Due Diligence
RepeatGud,43.75,Medium Risk,1,0,0,1,Further Due Diligence
SkateSupplyIndia,42.5,Medium Risk,1,0,0,1,Further Due Diligence
UtopianDrinks,42.5,Medium Risk,1,0,0,1,Further Due Diligence
GOFIG,54.5,Medium Risk,1,1,0,2,Further Due Diligence
Joyspoon,43.75,Medium Risk,1,0,0,1,Further Due Diligence
bambinos,43.75,Medium Risk,1,0,0,1,Further Due Diligence
FundooLabs,41.25,Medium Risk,1,0,0,1,Further Due Diligence
Gaon,41.25,Medium Risk,1,0,0,1,Further Due Diligence
EriWeave,41.25,Medium Risk,1,0,0,1,Further Due Diligence
PaleooBakes,42.5,Medium Risk,1,0,0,1,Further Due Diligence
NeuraSim,43.75,Medium Risk,1,0,0,1,Further Due Diligence
Offmint,43.75,Medium Risk,1,0,0,1,Further Due Diligence
Chokhat,41.25,Medium Risk,1,0,0,1,Further Due Diligence
ZenmaCoffee,43.75,Medium Risk,1,0,0,1,Further Due Diligence
TheEleFant,43.75,Medium Risk,1,0,0,1,Further Due Diligence
BetterNutrition,53.25,Medium Risk,1,1,0,2,Further Due Diligence
PinqPolka,42.5,Medium Risk,1,0,0,1,Further Due Diligence
Vibrasense,45.0,Medium Risk,1,0,0,1,Further Due Diligence
NearBook,45.0,Medium Risk,1,0,0,1,Further Due Diligence
Memotag,45.0,Medium Risk,1,0,0,1,Further Due Diligence
Klimate,45.0,Medium Risk,1,0,0,1,Further Due Diligence
HealthFab,43.75,Medium Risk,1,0,0,1,Further Due Diligence
PieMatrix,42.5,Medium Risk,1,0,0,1,Further Due Diligence
Sudathi,43.75,Medium Risk,1,0,0,1,Further Due Diligence
Moderate,45.0,Medium Risk,1,0,0,1,Further Due Diligence
HireForCare,45.0,Medium Risk,1,0,0,1,Further Due Diligence
DreamSmile,43.75,Medium Risk,1,0,0,1,Further Due Diligence
Madmix,45.0,Medium Risk,1,0,0,1,Further Due Diligence
Palmonas,41.25,Medium Risk,1,0,0,1,Further Due Diligence
MKPowerAndMobility,45.0,Medium Risk,1,0,0,1,Further Due Diligence
Nidhi'sGrandmaaSecret,42.5,Medium Risk,1,0,0,1,Further Due Diligence
Solnce,66.25,High Risk,2,0,0,2,High Risk
BornGood,53.25,Medium Risk,1,1,0,2,Further Due Diligence
DorabiAndAmili,42.5,Medium Risk,1,0,0,1,Further Due Diligence
ZebraLearn,42.5,Medium Risk,1,0,0,1,Further Due Diligence
ExclusiveLane,42.5,Medium Risk,1,0,0,1,Further Due Diligence
Medial,45.0,Medium Risk,1,0,0,1,Further Due Diligence
PanchalDairy,43.75,Medium Risk,1,0,0,1,Further Due Diligence
MusicPandit,43.75,Medium Risk,1,0,0,1,Further Due Diligence
Cograd,43.75,Medium Risk,1,0,0,1,Further Due Diligence
EatBetterCo,42.5,Medium Risk,1,0,0,1,Further Due Diligence
Earthful,54.5,Medium Risk,1,1,0,2,Further Due Diligence
Trajectory,41.25,Medium Risk,1,0,0,1,Further Due Diligence
KaviThePoetry-ArtProject,41.25,Medium Risk,1,0,0,1,Further Due Diligence
F2DF,43.75,Medium Risk,1,0,0,1,Further Due Diligence
SugarStrings.ai,45.0,Medium Risk,1,0,0,1,Further Due Diligence
MomsHome,41.25,Medium Risk,1,0,0,1,Further Due Diligence
Catwalk,42.5,Medium Risk,1,0,0,1,Further Due Diligence
Beautywise,42.5,Medium Risk,1,0,0,1,Further Due Diligence
Ivory,45.0,Medium Risk,1,0,0,1,Further Due Diligence
TheHousePartyBySavar,42.5,Medium Risk,1,0,0,1,Further Due Diligence
GlowGlossary,42.5,Medium Risk,1,0,0,1,Further Due Diligence
SinghDentalCare,42.5,Medium Risk,1,0,0,1,Further Due Diligence
TribalVeda,54.5,Medium Risk,1,1,0,2,Further Due Diligence
Anuvad,43.75,Medium Risk,1,0,0,1,Further Due Diligence
Fitelo,41.25,Medium Risk,1,0,0,1,Further Due Diligence
Nanighar,43.75,Medium Risk,1,0,0,1,Further Due Diligence
GoodMonk,41.25,Medium Risk,1,0,0,1,Further Due Diligence
Artbuzz,54.5,Medium Risk,1,1,0,2,Further Due Diligence
Tulua,41.25,Medium Risk,1,0,0,1,Further Due Diligence
Taffykids,40.0,Medium Risk,1,0,0,1,Further Due Diligence
WhaleWearables,45.0,Medium Risk,1,0,0,1,Further Due Diligence
Zingavita,41.25,Medium Risk,1,0,0,1,Further Due Diligence
DhaagaLife,42.5,Medium Risk,1,0,0,1,Further Due Diligence
Tileskraft,43.75,Medium Risk,1,0,0,1,Further Due Diligence
Krishnsakhi,41.25,Medium Risk,1,0,0,1,Further Due Diligence
BoreCharger,42.5,Medium Risk,1,0,0,1,Further Due Diligence
SuperBolter,45.0,Medium Risk,1,0,0,1,Further Due Diligence
HiveSchool,45.0,Medium Risk,1,0,0,1,Further Due Diligence
Tintbox,42.5,Medium Risk,1,0,0,1,Further Due Diligence
EasyRugs,43.75,Medium Risk,1,0,0,1,Further Due Diligence
StylesTry,52.0,Medium Risk,1,1,0,2,Further Due Diligence
Quitci,42.5,Medium Risk,1,0,0,1,Further Due Diligence
FitFeast,53.25,Medium Risk,1,1,0,2,Further Due Diligence
TheBearHouse,42.5,Medium Risk,1,0,0,1,Further Due Diligence
UrbanAnimal,45.0,Medium Risk,1,0,0,1,Further Due Diligence
Nooky,43.75,Medium Risk,1,0,0,1,Further Due Diligence
Subculture,43.75,Medium Risk,1,0,0,1,Further Due Diligence
Woodsmen,55.75,Medium Risk,1,1,0,2,Further Due Diligence
BhavisyaPlast,45.0,Medium Risk,1,0,0,1,Further Due Diligence
Ecoil,53.25,Medium Risk,1,1,0,2,Further Due Diligence
Rescript,42.5,Medium Risk,1,0,0,1,Further Due Diligence
TickleYourArt,43.75,Medium Risk,1,0,0,1,Further Due Diligence
Symbionic,43.75,Medium Risk,1,0,0,1,Further Due Diligence
XLCinema,43.75,Medium Risk,1,0,0,1,Further Due Diligence
TheCroffleGuys,42.5,Medium Risk,1,0,0,1,Further Due Diligence
LewisiaWellness,42.5,Medium Risk,1,0,0,1,Further Due Diligence
GuuglyWuugly,45.0,Medium Risk,1,0,0,1,Further Due Diligence
EMoMee,43.75,Medium Risk,1,0,0,1,Further Due Diligence
CaptureATrip,67.75,High Risk,1,2,0,3,High Risk
Loopie,43.75,Medium Risk,1,0,0,1,Further Due Diligence
SaveSage,45.0,Medium Risk,1,0,0,1,Further Due Diligence
KalamLabs,45.0,Medium Risk,1,0,0,1,Further Due Diligence
Panteazy,43.75,Medium Risk,1,0,0,1,Further Due Diligence
GoatLife,43.75,Medium Risk,1,0,0,1,Further Due Diligence
Planyt,43.75,Medium Risk,1,0,0,1,Further Due Diligence
Avishkaar,43.75,Medium Risk,1,0,0,1,Further Due Diligence
Emori,53.25,Medium Risk,1,1,0,2,Further Due Diligence
TrueDiamond,55.75,Medium Risk,1,1,0,2,Further Due Diligence
Smylo,55.75,Medium Risk,1,1,0,2,Further Due Diligence
Nootie,53.25,Medium Risk,1,1,0,2,Further Due Diligence
Pistabarfi,42.5,Medium Risk,1,0,0,1,Further Due Diligence
CorelLifecare,45.0,Medium Risk,1,0,0,1,Further Due Diligence
vryse,45.0,Medium Risk,1,0,0,1,Further Due Diligence
MyPB,43.75,Medium Risk,1,0,0,1,Further Due Diligence
xSTEP,45.0,Medium Risk,1,0,0,1,Further Due Diligence
TruthAndHair,43.75,Medium Risk,1,0,0,1,Further Due Diligence
MetaFashion,45.0,Medium Risk,1,0,0,1,Further Due Diligence
Japam,43.75,Medium Risk,1,0,0,1,Further Due Diligence
ZenBarefoot,43.75,Medium Risk,1,0,0,1,Further Due Diligence
RIDEV,43.75,Medium Risk,1,0,0,1,Further Due Diligence
Stroom,45.0,Medium Risk,1,0,0,1,Further Due Diligence
TBFO,43.75,Medium Risk,1,0,0,1,Further Due Diligence
Neurapexai,45.0,Medium Risk,1,0,0,1,Further Due Diligence
Wrestlefanent,45.0,Medium Risk,1,0,0,1,Further Due Diligence
Ayuvyaandimfresh,42.5,Medium Risk,1,0,0,1,Further Due Diligence
EveryMorningCartel,45.0,Medium Risk,1,0,0,1,Further Due Diligence
Cinefaistudios,45.0,Medium Risk,1,0,0,1,Further Due Diligence
Sampark,41.25,Medium Risk,1,0,0,1,Further Due Diligence
Sovrenn,43.75,Medium Risk,1,0,0,1,Further Due Diligence
Multibagg.ai,45.0,Medium Risk,1,0,0,1,Further Due Diligence
UprearBuild,45.0,Medium Risk,1,0,0,1,Further Due Diligence
PaperPro,43.75,Medium Risk,1,0,0,1,Further Due Diligence
Cosmohealth,45.0,Medium Risk,1,0,0,1,Further Due Diligence
Gullylabs,43.75,Medium Risk,1,0,0,1,Further Due Diligence
Twin,45.0,Medium Risk,1,0,0,1,Further Due Diligence
RCXlight,43.75,Medium Risk,1,0,0,1,Further Due Diligence
Awsum,43.75,Medium Risk,1,0,0,1,Further Due Diligence
Phitku,42.5,Medium Risk,1,0,0,1,Further Due Diligence
9DXRlabs,45.0,Medium Risk,1,0,0,1,Further Due Diligence
Pureflow,43.75,Medium Risk,1,0,0,1,Further Due Diligence
Getsnappy,45.0,Medium Risk,1,0,0,1,Further Due Diligence
Awayddings,45.0,Medium Risk,1,0,0,1,Further Due Diligence
Urbanwipe,43.75,Medium Risk,1,0,0,1,Further Due Diligence
Antinorm,43.75,Medium Risk,1,0,0,1,Further Due Diligence
Sepoy&co,45.0,Medium Risk,1,0,0,1,Further Due Diligence
Bonkerscorner,41.25,Medium Risk,1,0,0,1,Further Due Diligence
Bubbleme,43.75,Medium Risk,1,0,0,1,Further Due Diligence
Outlive,45.0,Medium Risk,1,0,0,1,Further Due Diligence
Metadrive,45.0,Medium Risk,1,0,0,1,Further Due Diligence
Sparshbrush,42.5,Medium Risk,1,0,0,1,Further Due Diligence
SheshaAyurveda,45.0,Medium Risk,1,0,0,1,Further Due Diligence
Cookiecartel,54.5,Medium Risk,1,1,0,2,Further Due Diligence
AviaLitewings,45.0,Medium Risk,1,0,0,1,Further Due Diligence
Aabo,43.75,Medium Risk,1,0,0,1,Further Due Diligence
Krvvy,55.75,Medium Risk,1,1,0,2,Further Due Diligence
Invogue,42.5,Medium Risk,1,0,0,1,Further Due Diligence
Taashacraft,41.25,Medium Risk,1,0,0,1,Further Due Diligence
MishmashNaturals,45.0,Medium Risk,1,0,0,1,Further Due Diligence
IndianSchoolOfCalisthenics,45.0,Medium Risk,1,0,0,1,Further Due Diligence
Wholeleaf,43.75,Medium Risk,1,0,0,1,Further Due Diligence
Mankomb,55.75,Medium Risk,1,1,0,2,Further Due Diligence
MadrasiKaapihouse,53.25,Medium Risk,1,1,0,2,Further Due Diligence
Soundverse,43.75,Medium Risk,1,0,0,1,Further Due Diligence
Kilrr,43.75,Medium Risk,1,0,0,1,Further Due Diligence
Offline,43.75,Medium Risk,1,0,0,1,Further Due Diligence
PandasBox,43.75,Medium Risk,1,0,0,1,Further Due Diligence
TheBindiProject,43.75,Medium Risk,1,0,0,1,Further Due Diligence
VoxturnAI,45.0,Medium Risk,1,0,0,1,Further Due Diligence
MyWonder,45.0,Medium Risk,1,0,0,1,Further Due Diligence
Cotopay,45.0,Medium Risk,1,0,0,1,Further Due Diligence
LocalAllNaturalSoda,45.0,Medium Risk,1,0,0,1,Further Due Diligence
TheBingeTown,42.5,Medium Risk,1,0,0,1,Further Due Diligence
PropFTX,43.75,Medium Risk,1,0,0,1,Further Due Diligence
EightTimesEight,45.0,Medium Risk,1,0,0,1,Further Due Diligence
Warriorworld,38.75,Medium Risk,1,0,0,1,Further Due Diligence
Currently,43.75,Medium Risk,1,0,0,1,Further Due Diligence
Anjanibooks,45.0,Medium Risk,1,0,0,1,Further Due Diligence
Booon,43.75,Medium Risk,1,0,0,1,Further Due Diligence
MeMeraki,43.75,Medium Risk,1,0,0,1,Further Due Diligence
3Sisters,43.75,Medium Risk,1,0,0,1,Further Due Diligence
Artociti,41.25,Medium Risk,1,0,0,1,Further Due Diligence
Kreo,43.75,Medium Risk,1,0,0,1,Further Due Diligence
Rosada,43.75,Medium Risk,1,0,0,1,Further Due Diligence
BabyworksBySwapnil,42.5,Medium Risk,1,0,0,1,Further Due Diligence
Gramiyaa,78.25,High Risk,2,1,0,3,High Risk
MamaNourish,54.5,Medium Risk,1,1,0,2,Further Due Diligence
Kelvin6k,43.75,Medium Risk,1,0,0,1,Further Due Diligence
ANAApparels,41.25,Medium Risk,1,0,0,1,Further Due Diligence
EzPac,43.75,Medium Risk,1,0,0,1,Further Due Diligence
Gappu,41.25,Medium Risk,1,0,0,1,Further Due Diligence
MisterVeg,42.5,Medium Risk,1,0,0,1,Further Due Diligence
Saras,45.0,Medium Risk,1,0,0,1,Further Due Diligence
Speechgears,41.25,Medium Risk,1,0,0,1,Further Due Diligence
Heizen,42.5,Medium Risk,1,0,0,1,Further Due Diligence
Pukaar.ai,43.75,Medium Risk,1,0,0,1,Further Due Diligence
upsnac,45.0,Medium Risk,1,0,0,1,Further Due Diligence
KotsonMattress,45.0,Medium Risk,1,0,0,1,Further Due Diligence
Kalakrit,45.0,Medium Risk,1,0,0,1,Further Due Diligence
SVSFood,45.0,Medium Risk,1,0,0,1,Further Due Diligence
BeClinical,42.5,Medium Risk,1,0,0,1,Further Due Diligence
Misfits,45.0,Medium Risk,1,0,0,1,Further Due Diligence
KrimmyThickshakes,42.5,Medium Risk,1,0,0,1,Further Due Diligence
CurryIt,43.75,Medium Risk,1,0,0,1,Further Due Diligence
dubpro.ai,43.75,Medium Risk,1,0,0,1,Further Due Diligence
Boingg,43.75,Medium Risk,1,0,0,1,Further Due Diligence
Pragyan,43.75,Medium Risk,1,0,0,1,Further Due Diligence
Sanchvi,42.5,Medium Risk,1,0,0,1,Further Due Diligence
Trring,45.0,Medium Risk,1,0,0,1,Further Due Diligence
Edinora,43.75,Medium Risk,1,0,0,1,Further Due Diligence
RehabVeda,45.0,Medium Risk,1,0,0,1,Further Due Diligence
Freshpod,45.0,Medium Risk,1,0,0,1,Further Due Diligence
Modge,42.5,Medium Risk,1,0,0,1,Further Due Diligence
OrbitWallet,43.75,Medium Risk,1,0,0,1,Further Due Diligence
Hobfit,43.75,Medium Risk,1,0,0,1,Further Due Diligence
Shichisoru,43.75,Medium Risk,1,0,0,1,Further Due Diligence
Rimigo,45.0,Medium Risk,1,0,0,1,Further Due Diligence
Everaw,42.5,Medium Risk,1,0,0,1,Further Due Diligence
Coro,45.0,Medium Risk,1,0,0,1,Further Due Diligence
Luzo,45.0,Medium Risk,1,0,0,1,Further Due Diligence
F2Fintech,45.0,Medium Risk,1,0,0,1,Further Due Diligence
Wellwith,45.0,Medium Risk,1,0,0,1,Further Due Diligence
IndianHairWorld,43.75,Medium Risk,1,0,0,1,Further Due Diligence
awenest,41.25,Medium Risk,1,0,0,1,Further Due Diligence
HOOKd,43.75,Medium Risk,1,0,0,1,Further Due Diligence
Littlecherrymom,42.5,Medium Risk,1,0,0,1,Further Due Diligence
Stubb,45.0,Medium Risk,1,0,0,1,Further Due Diligence
SoilSens,42.5,Medium Risk,1,0,0,1,Further Due Diligence
Flashoot,43.75,Medium Risk,1,0,0,1,Further Due Diligence
NapTapGo,43.75,Medium Risk,1,0,0,1,Further Due Diligence
BlrPods,45.0,Medium Risk,1,0,0,1,Further Due Diligence
Nytarra,52.0,Medium Risk,1,1,0,2,Further Due Diligence
BYLX,42.5,Medium Risk,1,0,0,1,Further Due Diligence
Greenpista,43.75,Medium Risk,1,0,0,1,Further Due Diligence
CTRUH,45.0,Medium Risk,1,0,0,1,Further Due Diligence
SteamPRO,42.5,Medium Risk,1,0,0,1,Further Due Diligence
Uptown,43.75,Medium Risk,1,0,0,1,Further Due Diligence
KorinMi,45.0,Medium Risk,1,0,0,1,Further Due Diligence
Dent@home,42.5,Medium Risk,1,0,0,1,Further Due Diligence
Marbleous,41.25,Medium Risk,1,0,0,1,Further Due Diligence
Fitkin,41.25,Medium Risk,1,0,0,1,Further Due Diligence
KindFertility,45.0,Medium Risk,1,0,0,1,Further Due Diligence
Namovardan,43.75,Medium Risk,1,0,0,1,Further Due Diligence
Circato,43.75,Medium Risk,1,0,0,1,Further Due Diligence
GreenAvartan,55.75,Medium Risk,1,1,0,2,Further Due Diligence
DhartiAmrit,42.5,Medium Risk,1,0,0,1,Further Due Diligence
TwoWordsAway,45.0,Medium Risk,1,0,0,1,Further Due Diligence
Floreal,42.5,Medium Risk,1,0,0,1,Further Due Diligence
MyPerro,45.0,Medium Risk,1,0,0,1,Further Due Diligence
PeerX,45.0,Medium Risk,1,0,0,1,Further Due Diligence
