Startup_Name,Revenue,Gross_Margin,Net_Margin,EBITDA,Burn_Rate
BluePineFoods,95.0,,,,
BoozScooters,4.0,,,,
HeartUpMySleeves,,,,,
TagzFoods,700.0,48.0,,,
HeadAndHeart,30.0,,,,
Agritourism,79.0,,,,
qZenseLabs,25.0,,,,
Peeschute,100.0,,,,
NOCD,,,,,
CosIQ,0.0,75.0,20.0,,
JhaJiAchaar,,18.0,,,
Bummer,36.0,70.0,,,
RevampMoto,,,,,
HungryHead,,,,,
ShrawaniEngineers,50.0,,,,
SkippiIcePops,,,,,
Menstrupedia,115.0,27.0,,,
Hecoll,107.0,,,,
RaisingSuperstars,1300.0,,,,
Torch-it,260.0,,,,
Kavach,,,,,
LaKheerDeli,,,,,
BeyondSnack,60.0,51.0,,,
VivalyfInnovations,0.0,,,,
MotionBreeze,0.0,,,,
Altor,,,,,
Ariro,300.0,50.0,,,
KabiraHandmad,,3.0,1.0,,
Nuutjob,,70.0,,,
Meatyour,130.0,30.0,,,
EventBeep,120.0,,,,
Gopal's56,80.0,21.0,,,
ARRCOATSurfaceTextures,,,20.0,,
Farda,,115.0,,,
Auli,250.0,80.0,10.0,,
SweeDesi,,,,,
LOKA,,,,,
Annie,500.0,50.0,,,
Carragreen,,,,,
TheYarnBazaar,180.0,,,,
TheRenalProject,300.0,,,,
MorrikoPureFoods,,,,,
GoodGoodPiggy,0.0,,,,
HammerLifestyle,1000.0,,,,
PNTRobotics,,,,,
Cocofit,100.0,95.0,,,
BambooIndia,380.0,,,,
FlyingFur,,,,,
BeyondWater,,,,,
Let'sTry,,55.0,25.0,,
FindYourKicksIndia,,,,,
AasVidyalaya,150.0,,,,
Outbox,110.0,,,,
RoadBounce,250.0,,,,
Mommy'sKitchen,92.0,,,,
IndiaHempandCo,27.0,,,,
Otua,,,,,
Anthyesti,116.0,50.0,6.0,,
Ethik,12.0,,,,
WeSTOCK,54.0,,,,
KetoIndia,180.0,,,,
Magiclock,,,,,
TheStatePlate,,34.0,,,
Bakarmax,35.0,,,,
INACAN,,,,,
Get-A-Whey,360.0,69.0,20.0,,
Sid07Designs,,,,,
TheQuirkyNaari,,,,,
HairOriginals,,62.0,,,
Poo-de-Cologne,,150.0,,,
Moonshine,372.0,70.0,,,
Falhari,,25.0,,,
NamhyaFoods,,,34.0,,
UrbanMonkey,2500.0,,25.0,,
GuardianGears,250.0,50.0,15.0,,
ModernMyth,,,,,
TheSassBar,,65.0,55.0,,
KGAgrotech,0.0,,,,
NuskhaKitchen,,,,,
PawsIndia,300.0,,16.0,,
SunfoxTechnologies,120.0,,,,
Alpino,,38.0,,,
IsakFragrances,,,,,
JulaaAutomation,0.0,,,,
RarePlanet,,,10.0,,
ThekaCoffee,180.0,,,,
WattTechnovations,,,,,
AlisteTechnologies,63.0,,40.0,,
InsuranceSamadhan,104.0,,,,
HumpyA2,208.0,44.0,,,
KunafaWorld,200.0,,30.0,,
GoldSafeSolutions,60.0,25.0,,,
WakaoFoods,72.0,,,,
PDDFalcon,242.0,30.0,,,
PlayBoxTV,1020.0,,,,
Sippline,,,,,
KabaddiAdda,250.0,80.0,30.0,,
ShadesofSpring,900.0,30.0,,,
Scholify,0.0,,,,
Scrapshala,27.0,,,,
Sabjikothi,0.0,,,,
AyuRythm,,,,,
Astrix,75.0,,,,
TheaAndSid,16.0,75.0,30.0,,
ExperentialEtc,100.0,,,,
GrowFitter,170.0,,,,
C3Med-Tech,,,,,
ColourMeMad-CMM,,,,,
Mavi's,,,,,
TweekLabs,,,,,
Proxgy,,,,,
NomadFoodProject,,70.0,,,
TweeInOne,,,,,
GreenProtein,,40.0,,,
On2Cook,0.0,,,,
JainShikanji,,,,,
Woloo,108.0,,,,
ElcareIndia,60.0,30.0,,,
SneaKare,,,,,
FrenchCrown,7200.0,70.0,,,
StoreMyGoods,100.0,,,,
Devnagri,500.0,,,,
WitBlox,,,,,
Kineer,,,,,
PiChem,,50.0,,,
Clensta,,,,,
InfinitiInsects,,,,,
AshwaPro,,,,,
Mine4Nine,260.0,,,,
StudioBeej,112.0,,,,
Sattuz,25.0,,,,
Scintiglo,0.0,,,,
Glii,,,,,
StanleeIndia,,,,,
SpaceKidzIndia,,,,,
UrbanNaps,,,,,
Gizmoswala,,40.0,,,
ZyppElectric,,,,,
Picsniff,,,,,
Deciwood,,,,,
HappyBar,,,,,
Tathastulive,,,,,
BandsandCups,,60.0,,,
MyWealthProtector,,,,,
TheIris,,,,,
Canebot,200.0,,,,
OyeDelhiOye,,,,,
InaliAssistiveTech,,,,,
Meera'sCelebrations,,,,,
Artment,,,,,
Powertree,,,,,
Eume,1200.0,,,,
Hoovu,,,,,
Dorji,,,,,
Recode,,,,,
VeryMuchIndian,150.0,35.0,,,
WatchoutWearables,,,,,
SoupX,,45.0,,,
ATMOSPHERE,,,,,
Stage,,,,,
Girgit,,,,,
GearHeadMotors,,,,,
PatilKaki,,,,,
Brandsdaddy,,60.0,,,
Winston,,,,,
Flatheads,,,,,
OrganicSmokes,,,,,
TeaFit,,,,,
Haqdarshak,,,,,
Bhaskar'sPuranpoliGhar,,,,,
GunjanAppsStudios,2400.0,,,,
TheSimplySalad,,,,,
AyuSynk,,,,,
AtypicalAdvantage,,,,,
HouseOfChikankari,,,,,
MagicOfMemories,,,,,
Paradyes,350.0,,,,
Nestroots,,,,,
Zillionaire,100.0,,,,
Credmate,,,,,
Freebowler,,,,,
ABCSports&Fitness,,,,,
Primebook,,,,,
DailyDump,,,,,
GharSoaps,,,,,
Janitri,,,,,
JaipurWatchCompany,,75.0,,,
InsideFPV,,,,,
Angrakhaa,,,,,
Diabexy,,,,,
Kyari,,,,,
MoppFoods,,,,,
Econiture,,,,,
Dobiee,,23.0,,,
FastBeetle,,54.0,,,
Pflow,,80.0,,,
VSMani,,,,,
Sepal,,37.0,,,
Solinas,120.0,,,,
AvimeeHerbal,,69.0,,,
eyenic,,45.0,21.0,,
ekatra,,80.0,28.0,,
Raasa,,,,,
NeoMotion,470.0,,,,
licksters,86.0,,,,
Sayonara,0.0,,,,
PMV,0.0,,,,
SpiceStory,410.0,,,,
Bullspree,,,,,
Snitch,,,,,
Portl,,45.0,,,
FatToSlim,,,,,
CheeseCake&Co.,,,,,
Dabble,33.0,75.0,,,
CloudTailor,,,,,
BeUnic,50.0,,,,
Broomees,,,,,
Ravel,,,,,
HoneyVeda,53.0,20.0,,,
PadCare,,,,,
SwadeshiBlessings,120.0,60.0,,,
OLL,,,,,
Febris,110.0,,20.0,,
Geeani,,,,,
Amore,,,,,
LeafyAffair,110.0,80.0,,,
ScrapUncle,600.0,25.0,,,
SharmaJiKiAata,,63.0,38.0,,
Manetain,100.0,60.0,,,
GavinParis,114.0,60.0,,,
UnStop,1600.0,90.0,,,
BlueTea,1000.0,,19.0,,
TheGreenSnack,,,,,
HobbyIndia,117.0,,,,
Flhexible,16.0,40.0,25.0,,
UpThrust,300.0,,30.0,,
Zoff,,,,,
DesiToys,115.0,50.0,18.0,,
CloudWorx,,,,,
Mahantam,,,,,
MindPeers,,,,,
Barosi,,40.0,,,
Daryaganj,,,,,
DhruvVidyut,,,,,
CELLBELL,,52.0,,,
Tipayi,21.0,35.0,26.0,,
DigiQure,,,,,
Nirmalaya,,,,,
Pabiben,,50.0,35.0,,
Homestrap,,55.0,,,
uBreathe,,,,,
Deyor,,25.0,5.0,,
iMumz,,,,,
TheHealthyBinge,,,,,
Freakins,,63.0,,,
Perfora,,57.0,,,
MidNightAngelsByPC,180.0,83.0,20.0,,
CureSee,0.0,,,,
MeduLance,240.0,,24.0,,
Cakelicious,,60.0,40.0,,
Bowled.io,,,,,
Toyshine,4500.0,,15.0,,
neuphony,,,,,
Amrutam,110.0,,,,
HoloKitab,0.0,,,,
Zoe,120.0,,,,
Hornback,,,,,
Malaki,270.0,56.0,13.0,,
nanoclean,110.0,,,,
DesmondJi,1200.0,,,,
Cremeitalia,,,,,
nawgati,,,,,
Swytchd,,,,,
GladFul,,,,,
Pharmallama,,,,,
CraveRajaFoods,256.0,70.0,3.0,,
VAPerfume,,56.0,35.0,,
Hood,0.0,,,,
TwistingScoops,,,40.0,,
GROWiT,,22.0,,,
Makino,,40.0,,,
Trunome,,,,,
Wol3D,,30.0,,,
What'sUpWellness,,,,,
ProostBeer,,,,,
DrCubes,75.0,45.0,35.0,,
MetroRide,54.0,,,,
Conker,120.0,50.0,8.0,,
WTF,,,,,
funngro,,,,,
Aadvik,720.0,,,,
oyehappy,1005.0,80.0,,,
HealthyMaster,,45.0,,,
Kitsons,,,,,
LondonBubble,,,,,
WaggyZone,0.0,60.0,,,
NutriCook,13.0,,,,
Subhag,,,,,
SinghStyled,,,,,
ZSportsTech,31.0,,,,
ThePlatedProject,,,,,
VsnapU,,,,,
TheHealthyFactory,,56.0,,,
Brevistay,,,,,
SoulUp,,,,,
TheBigBookBoxChapterOneBooks,140.0,,,,
Rubans,5100.0,,,,
SameNotification,,,,,
BottomLineSprays,,,,,
LilGoodness,,65.0,,,
ForeverModest,,,,,
Sahayatha,,,,,
WickedGud,,,,,
maisha,,,,,
NishHair,670.0,,30.0,,
MYBYK,,,,,
GODESi,,,,,
TAC,,,,,
Naara-Aaba,,50.0,18.0,,
StyloBug,1400.0,,18.0,,
ZenOnco,,,,,
HonestHome,1400.0,,5.0,,
AdilQadri,2070.0,70.0,,,
ConsciousChemist,450.0,,,,
TheCinnamonKitchen,82.0,,,,
WtfGyms,,,,,
Intervue,870.0,,,,
RodBez,,,,,
Blix,400.0,50.0,,,
Homversity,,,,,
TURMS,70.0,,,,
mintree,900.0,,,,
80Wash,,,,,
DilFoods,700.0,,,,
AIKavach/Panoplia,,,,,
Bartisans,143.0,70.0,,,
Aretto,700.0,57.0,,,
Kalakaram,500.0,,23.0,,
NabhiSutra,450.0,,8.0,,
Zorko,3000.0,40.0,20.0,,
Tramboo,600.0,,25.0,,
WeHear,282.0,,,,
Tiggle,150.0,,,,
WYLDCard,,,,,
upliance.ai,,,,,
PizzaGalleria,115.0,,15.0,,
AiCars,,,,,
RooftopApp,,,,,
GoenchiFeni,,42.0,,,
Arata,170.0,,5.0,,
Vecros,0.0,,,,
GudGum,,,,,
EvaScalp,59.0,85.0,,,
Elitty,113.0,36.0,,,
HoneyTwigs,400.0,,,,
Koparo,450.0,,,,
2Ballz,,,,,
JewelBox,520.0,,,,
DaakRoom,90.0,,,,
Nuvedo,25.0,,,,
WALK,,,,,
RajaRaniCoaching,200.0,,,,
DecodeAge,1100.0,70.0,,,
ALittleExtra,122.0,,11.0,,
Assembly,1150.0,,,,
NasherMiles,5700.0,,,,
AltCo,1000.0,,,,
Without,,,,,
Kibo,135.0,,30.0,,
VOLD,,38.0,25.0,,
Quirksmith,600.0,,4.0,,
UrbanSpace,2050.0,,,,
HyperLab,,,,,
EcoBiotraps,84.0,25.0,4.0,,
Hoora,,60.0,,,
YesMadam,5000.0,,,,
Zerodor,280.0,,7.0,,
ToffeeCoffeeRoasters,230.0,62.0,,,
PushSports,900.0,,,,
ORBO,,,,,
CannazoIndia,50.0,,,,
Chefling,20.0,70.0,45.0,,
IntenseFocus,825.0,60.0,,,
MilletAmma,220.0,,,,
D'chica,1030.0,,,,
Refit,18700.0,14.0,,,
HouseOfBeautyIndia,,,,,
Artinci,440.0,62.0,,,
TheRageRoom,,,,,
Aastey,,,,,
Matri,,,,,
Rubbabu,400.0,,,,
GulaboJaipur,450.0,,,15.0,
AristaVault,360.0,,,,
ToHands,,,,,
PlusGold,,,,,
Aroleap,100.0,,,,
Cosmix,750.0,70.0,,11.0,
Fabriclore,1000.0,,,,
PolishMePretty,,,,,
GridMats,450.0,,,,
UnclePetersPanCakes,1400.0,,,20.0,
CreativeHatti,400.0,,,,
CandidMen,210.0,,,33.0,
Flyrobe,290.0,,16.0,,
WiseLife,400.0,,3.0,5.0,
Cervicheck,,,,,
Eatverse,107.0,,,6.0,
AvataarSkincare,,87.0,,,
ChalteFirteMangalkaryalay,,,,,
KryzenBiotech,225.0,,,,
FOMO,,50.0,,1.5,
ModelVerse,,,,,
VikrantBikes,,,,,
TheShellHair,120.0,,35.0,,
Rize,0.0,,,,
MEPACK,,,,,
BaccaBucci,4700.0,55.0,,7.0,
Vobble,,,,,
BeUNatural,400.0,,25.0,,
Erotissch,380.0,63.0,1.0,10.0,
Niblerzz,16.0,,,-20.0,
Sorich,706.0,48.0,,,
LittleBox,3600.0,50.0,,15.0,
CremeCastle,720.0,65.0,,19.0,
Namakwali,38.0,,17.0,,
KariboCosmetics,80.0,60.0,50.0,,
Deeva,700.0,60.0,,35.0,
DesignTemplate,160.0,,,,
Sama,640.0,,25.0,,
GoldenFeathers,150.0,,,,
Myracle.io,,,,,
Cup-ji,62.0,40.0,,,
AToddlerThing,478.0,52.0,,4.0,
FlexifyMe,,60.0,,,
Dharaksha,,,,,
iDreamCareer,840.0,,,,
RockPaperRum,,,,,
Fit&Flex,460.0,,8.0,5.0,
Sukham,47.0,,,,
Smotect,281.0,80.0,,18.0,
Katidhan,60.0,50.0,30.0,,
NEMAAI,,,,,
MaplePods,,,,,
SpecOps,626.0,20.0,8.0,,
KaabilKids,,,,,
OddGiraffe,410.0,80.0,,,
Nemocare,90.0,66.0,,,
WhySoBlue,300.0,,10.0,,
CoratiaTechnologies,128.0,,,,
Coolant,110.0,,,,
Xmachines,0.0,,,,
Luvottica,100.0,80.0,30.0,,
FarmDidi,60.0,65.0,,,
Popcorn,180.0,65.0,15.0,-10.0,
Prorata,0.0,,,,
Indigifts,740.0,75.0,,7.5,
AlienVersions,0.0,,,,
Rocca,250.0,60.0,,,
KikoLive,25.0,,,,
Melooha,0.0,,,,
FUTRStudios,46.0,,,,
Allter,1000.0,,,-6.0,
FirstBudOrganics,150.0,,,15.0,
Shararat,330.0,,,,
Competishun,1025.0,,,,
BombayClosetCleanse,190.0,,15.0,,
KioskKaffee,840.0,,9.0,,
NeonAttack,1000.0,,15.0,,
PTal,398.0,,,6.0,
RoadPilot,,,,,
SmartMop,,,,,
Lea,300.0,80.0,,20.0,
$KrishnaRama,,,,,
Rentit4me,142.0,36.0,12.0,,
CoolTheGlobe,0.0,,,,
Canvaloop,320.0,,,27.0,
DigitalPaani,220.0,30.0,,,
FAEBeauty,1000.0,,,12.0,
CONFECT,,,,,
Indulge,,,,80.0,
BLFabric,525.0,,10.0,,
CultureCircle,,,,,
NexeraHealth,,,,,
NOOE,,,40.0,,
GoZero,,70.0,,,
CurveElectric,,,,4.5,
Gudworld,600.0,,,14.2,
airth,600.0,,,,
OneDios,357.0,,,,
InnerGize,,,,,
PersonalTouchSkincare,1200.0,,,14.0,
KIWIKisanWindow,506.0,,,5.3,
TripoleGear,1420.0,47.0,,6.0,
Neosapien,,,,,
MissCheesecake,,50.0,35.0,,
SpeedKitchen,550.0,,2.0,4.5,
MudgarClub,,,,,
ImagiMake,5600.0,,,,
BeastLife,,,,,
GoDevil,275.0,60.0,,,
Havintha,500.0,,,,
NurturingGreen,2800.0,,,5.0,
kyari,1048.0,70.0,,,
ProjectClay,,,,,
DeniBikes,,,,,
PrettyLittleShop,,77.0,62.0,,
Aquapeya,1200.0,,,16.0,
Jarsh,,,,,
DACBY,,24.0,,,
Shyle,1500.0,,,,
SavaniHeritage,12400.0,,9.0,,
SNEAKINN,590.0,43.0,,15.0,
fupro,250.0,45.0,,19.0,
Kanvas,77.0,,15.0,,
ezo,1200.0,,,,
Seven,61.0,,,,
TheFutureAnimations,160.0,,40.0,,
Aignosis,,,,,
Rosha,800.0,,15.0,,
MakeMyPayment,,,,,
PatchUp,,90.0,,10.0,
tikitoro,850.0,68.0,,,
Ashva,70.0,49.0,,,
AseemShakti,130.0,,20.0,,
RBDMachineTools,1437.0,,8.0,,
MidasPaint,,,,,
GoodlandPickleball,270.0,,,50.0,
TheNaturikCo,582.0,69.0,,,
Metashot,819.0,,,,
GabruDiChaap,738.0,,,20.0,
YaanMan,35.0,,,,
SonicLamb,100.0,,,,
Woolah,200.0,,,2.0,
EM5,835.0,70.0,,,
WomanLikeU,470.0,,,10.0,
BookLeafPublishing,320.0,,,17.0,
Str8bat,120.0,,,,
Ruby'sOrganics,450.0,,,,
TheGoodDoll,70.0,,,,
Schickwheel,,,,,
ClapStoreToys,254.0,,,18.0,
RahejaSolarFoodProcessing,700.0,15.0,,,
Wanderlooms,261.0,,,,
Ugees,175.0,,,,
Alt.fCoworking,3000.0,,,10.0,
BurgerBae,1180.0,,5.0,15.0,
BobaBhai,,,,20.0,
Hexafun,320.0,,,,
RepeatGud,,,,,
SkateSupplyIndia,85.0,,9.0,,
UtopianDrinks,2915.0,,,,
GOFIG,,35.0,,,
Joyspoon,,,,,
bambinos,110.0,,,,
FundooLabs,150.0,,,18.0,
Gaon,550.0,,7.0,,
EriWeave,18.0,,,20.0,
PaleooBakes,150.0,,39.0,,
NeuraSim,0.0,,,,
Offmint,,,,13.0,
Chokhat,55.0,,8.0,18.0,
ZenmaCoffee,,,,,
TheEleFant,,58.0,,11.0,
BetterNutrition,1000.0,40.0,20.0,,
PinqPolka,363.0,74.0,,,
Vibrasense,,,,,
NearBook,,,,,
Memotag,,,,,
Klimate,,,,,
HealthFab,834.0,,,,
PieMatrix,165.0,,,22.0,
Sudathi,,,,10.0,
Moderate,,,,,
HireForCare,,,,1.5,
DreamSmile,,67.0,,,
Madmix,,,,,
Palmonas,1350.0,76.0,,12.0,
MKPowerAndMobility,,,,,
Nidhi'sGrandmaaSecret,400.0,,,5.0,
Solnce,2193.0,13.0,,8.9,
BornGood,526.0,,,-39.0,
DorabiAndAmili,345.0,,,13.0,
ZebraLearn,1070.0,,,,
ExclusiveLane,1400.0,,,3.0,
Medial,,,,,
PanchalDairy,178.0,,,,
MusicPandit,,,,,
Cograd,192.0,,,,
EatBetterCo,1447.0,,,0.0,
Earthful,705.0,,,-14.0,
Trajectory,620.0,,,21.0,
KaviThePoetry-ArtProject,356.0,,20.0,,
F2DF,924.0,,,,
SugarStrings.ai,,,,,
MomsHome,1250.0,,,3.0,
Catwalk,,65.0,,,
Beautywise,670.0,,,8.0,
Ivory,,,,,
TheHousePartyBySavar,368.0,,,30.0,
GlowGlossary,,58.0,31.0,45.0,
SinghDentalCare,90.0,,,45.0,
TribalVeda,174.0,47.0,,,
Anuvad,22.0,,,,
Fitelo,9100.0,70.0,,,
Nanighar,,,,,
GoodMonk,200.0,75.0,,,
Artbuzz,378.0,,,-10.0,
Tulua,290.0,,,3.0,
Taffykids,1200.0,75.0,,12.0,
WhaleWearables,,,,,
Zingavita,860.0,68.0,,,
DhaagaLife,120.0,,,20.0,
Tileskraft,58.0,,,,
Krishnsakhi,80.0,,,24.0,
BoreCharger,322.0,,,15.0,
SuperBolter,,,,,
HiveSchool,,,,19.0,
Tintbox,206.0,,,8.0,
EasyRugs,,,,33.0,
StylesTry,93.0,43.0,,2.5,
Quitci,110.0,,,,
FitFeast,140.0,53.0,,-5.0,
TheBearHouse,9650.0,,,18.0,
UrbanAnimal,,,,,
Nooky,,,,,
Subculture,20.0,,,,
Woodsmen,,46.0,,0.0,
BhavisyaPlast,,,,,
Ecoil,1700.0,40.0,15.0,,
Rescript,270.0,,,15.0,
TickleYourArt,20.0,,,,
Symbionic,0.0,,,,
XLCinema,65.0,,,,
TheCroffleGuys,,70.0,,,
LewisiaWellness,1000.0,70.0,,,
GuuglyWuugly,,,,,
EMoMee,0.0,,,,
CaptureATrip,,30.0,,-3.0,
Loopie,,,,,
SaveSage,,,,,
KalamLabs,,,,,
Panteazy,,,,8.0,
GoatLife,,,,,
Planyt,0.0,,,,
Avishkaar,2600.0,,,,
Emori,620.0,35.0,,6.0,
TrueDiamond,,35.0,,,
Smylo,,,,-20.0,
Nootie,1850.0,47.0,,13.0,
Pistabarfi,,50.0,,,
CorelLifecare,,,,9.0,
vryse,,,,,
MyPB,,85.0,,8.0,
xSTEP,,,,,
TruthAndHair,,,,,
MetaFashion,,,,,
Japam,,80.0,,20.0,
ZenBarefoot,,,,21.0,
RIDEV,,,,,
Stroom,,,,6.0,
TBFO,,,16.0,18.0,
Neurapexai,,,,,
Wrestlefanent,,,,,
Ayuvyaandimfresh,3500.0,77.0,,,
EveryMorningCartel,,,,32.0,
Cinefaistudios,,,,,
Sampark,270.0,95.0,,10.0,
Sovrenn,300.0,,,,
Multibagg.ai,,,,,
UprearBuild,,,,,
PaperPro,,,,,
Cosmohealth,,,,,
Gullylabs,,56.0,,,
Twin,,,,,
RCXlight,,,18.0,,
Awsum,1600.0,,,,
Phitku,,80.0,,25.0,
9DXRlabs,,,,,
Pureflow,,85.0,,,
Getsnappy,,,,,
Awayddings,,,,10.0,
Urbanwipe,,73.0,,,
Antinorm,,,,,
Sepoy&co,,,,,
Bonkerscorner,12500.0,,14.0,20.0,
Bubbleme,,,,,
Outlive,,,,,
Metadrive,,,,,
Sparshbrush,198.0,,,9.0,
SheshaAyurveda,,,,,
Cookiecartel,150.0,,,-20.0,
AviaLitewings,,,,,
Aabo,62.0,,,,
Krvvy,,59.0,,-13.0,
Invogue,530.0,,,17.0,
Taashacraft,225.0,65.0,,11.0,
MishmashNaturals,,,,,
IndianSchoolOfCalisthenics,,,,35.0,
Wholeleaf,,75.0,,,
Mankomb,,40.0,,,
MadrasiKaapihouse,243.0,,,-2.0,
Soundverse,,,,,
Kilrr,,65.0,,,
Offline,,,,2.0,
PandasBox,877.0,,,,
TheBindiProject,,,,,
VoxturnAI,,,,27.0,
MyWonder,,,,,
Cotopay,,,,,
LocalAllNaturalSoda,,,,,
TheBingeTown,2130.0,,,15.0,
PropFTX,0.0,,,,
EightTimesEight,,,,,
Warriorworld,3000.0,56.0,4.0,15.0,
Currently,0.0,,,,
Anjanibooks,,,,,
Booon,,,,,
MeMeraki,400.0,,,,
3Sisters,1189.0,,,,
Artociti,344.0,70.0,,9.0,
Kreo,3200.0,,,,
Rosada,670.0,,,,
BabyworksBySwapnil,102.0,,,35.0,
Gramiyaa,1510.0,28.0,,-18.0,
MamaNourish,120.0,48.0,,,
Kelvin6k,72.0,,,,
ANAApparels,200.0,74.0,,20.0,
EzPac,82.0,,,,
Gappu,52.0,55.0,,11.0,
MisterVeg,530.0,,,7.0,
Saras,,,,,
Speechgears,499.0,,,21.0,
Heizen,75.0,,,,
Pukaar.ai,0.0,,,,
upsnac,,,,17.0,
KotsonMattress,,,,,
Kalakrit,,,,,
SVSFood,,,,,
BeClinical,,85.0,,,
Misfits,,,,,
KrimmyThickshakes,144.0,,,34.0,
CurryIt,570.0,,,,
dubpro.ai,100.0,,,,
Boingg,645.0,,,,
Pragyan,340.0,,,,
Sanchvi,118.0,,,13.0,
Trring,,,,,
Edinora,184.0,,,,
RehabVeda,,,,,
Freshpod,,,,,
Modge,250.0,,,,
OrbitWallet,0.0,,,,
Hobfit,,75.0,,,
Shichisoru,,,,,
Rimigo,,,,,
Everaw,,53.0,,,
Coro,,,,,
Luzo,,,,,
F2Fintech,,,,,
Wellwith,,,,10.0,
IndianHairWorld,167.0,,,,
awenest,352.0,65.0,,,
HOOKd,,74.0,,,
Littlecherrymom,252.0,,,19.0,
Stubb,,,,,
SoilSens,,75.0,10.0,13.0,
Flashoot,,,,,
NapTapGo,120.0,,,,
BlrPods,,,,24.0,
Nytarra,380.0,72.0,,-14.0,
BYLX,92.0,70.0,,,
Greenpista,200.0,,,,
CTRUH,,,,,
SteamPRO,210.0,65.0,,,
Uptown,305.0,,,,
KorinMi,,,,,
Dent@home,91.0,,,6.0,
Marbleous,71.0,70.0,,18.0,
Fitkin,234.0,,10.0,12.0,
KindFertility,,,,,
Namovardan,0.0,,,,
Circato,0.0,,,,
GreenAvartan,,30.0,,14.0,
DhartiAmrit,110.0,,,6.0,
TwoWordsAway,,,,,
Floreal,,75.0,,,
MyPerro,,,,,
PeerX,,,,,
