Startup_Name,Monthly_Sales_Revenue_Ratio,EBITDA_Margin_Calculated,Net_Burn_Ratio
BluePineFoods,1.0105263157894735,,
BoozScooters,1.2000000000000002,,
HeartUpMySleeves,,,
TagzFoods,,,
HeadAndHeart,,,
Agritourism,,,
qZenseLabs,7.2,,
Peeschute,,,
NOCD,,,
CosIQ,,,
JhaJiAchaar,,,
Bummer,5.0,,
RevampMoto,,,
HungryHead,,,
ShrawaniEngineers,,,
SkippiIcePops,,,
Menstrupedia,,,
Hecoll,,,
RaisingSuperstars,,,
Torch-it,0.0461538461538461,,
Kavach,,,
LaKheerDeli,,,
BeyondSnack,4.12,,
VivalyfInnovations,,,
MotionBreeze,,,
Altor,,,
Ariro,1.0,,
KabiraHandmad,,,
Nuutjob,,,
Meatyour,0.2584615384615384,,
EventBeep,,,
Gopal's56,4.95,,
ARRCOATSurfaceTextures,,,
Farda,,,
Auli,0.768,,
SweeDesi,,,
LOKA,,,
Annie,0.096,,
Carragreen,,,
TheYarnBazaar,,,
TheRenalProject,,,
MorrikoPureFoods,,,
GoodGoodPiggy,,,
HammerLifestyle,,,
PNTRobotics,,,
Cocofit,,,
BambooIndia,0.631578947368421,,
FlyingFur,,,
BeyondWater,,,
Let'sTry,,,
FindYourKicksIndia,,,
AasVidyalaya,,,
Outbox,,,
RoadBounce,,,
Mommy'sKitchen,0.5869565217391305,,
IndiaHempandCo,0.8888888888888888,,
Otua,,,
Anthyesti,,,
Ethik,1.0,,
WeSTOCK,,,
KetoIndia,1.0,,
Magiclock,,,
TheStatePlate,,,
Bakarmax,1.7142857142857142,,
INACAN,,,
Get-A-Whey,0.0083333333333333,,
Sid07Designs,,,
TheQuirkyNaari,,,
HairOriginals,,,
Poo-de-Cologne,,,
Moonshine,,,
Falhari,,,
NamhyaFoods,,,
UrbanMonkey,0.96,,
GuardianGears,1.008,,
ModernMyth,,,
TheSassBar,,,
KGAgrotech,,,
NuskhaKitchen,,,
PawsIndia,0.8,,
SunfoxTechnologies,0.5,,
Alpino,,,
IsakFragrances,,,
JulaaAutomation,,,
RarePlanet,,,
ThekaCoffee,0.2666666666666666,,
WattTechnovations,,,
AlisteTechnologies,1.4285714285714286,,
InsuranceSamadhan,2.5384615384615383,,
HumpyA2,,,
KunafaWorld,1.8,,
GoldSafeSolutions,,,
WakaoFoods,1.0,,
PDDFalcon,,,
PlayBoxTV,1.0235294117647058,,
Sippline,,,
KabaddiAdda,,,
ShadesofSpring,,,
Scholify,,,
Scrapshala,0.8888888888888888,,
Sabjikothi,,,
AyuRythm,,,
Astrix,2.88,,
TheaAndSid,7.5,,
ExperentialEtc,,,
GrowFitter,,,
C3Med-Tech,,,
ColourMeMad-CMM,,,
Mavi's,,,
TweekLabs,,,
Proxgy,,,
NomadFoodProject,,,
TweeInOne,,,
GreenProtein,,,
On2Cook,,,
JainShikanji,,,
Woloo,,,
ElcareIndia,,,
SneaKare,,,
FrenchCrown,,,
StoreMyGoods,,,
Devnagri,,,
WitBlox,,,
Kineer,,,
PiChem,,,
Clensta,,,
InfinitiInsects,,,
AshwaPro,,,
Mine4Nine,,,
StudioBeej,,,
Sattuz,,,
Scintiglo,,,
Glii,,,
StanleeIndia,,,
SpaceKidzIndia,,,
UrbanNaps,,,
Gizmoswala,,,
ZyppElectric,,,
Picsniff,,,
Deciwood,,,
HappyBar,,,
Tathastulive,,,
BandsandCups,,,
MyWealthProtector,,,
TheIris,,,
Canebot,,,
OyeDelhiOye,,,
InaliAssistiveTech,,,
Meera'sCelebrations,,,
Artment,,,
Powertree,,,
Eume,,,
Hoovu,,,
Dorji,,,
Recode,,,
VeryMuchIndian,,,
WatchoutWearables,,,
SoupX,,,
ATMOSPHERE,,,
Stage,,,
Girgit,,,
GearHeadMotors,,,
PatilKaki,,,
Brandsdaddy,,,
Winston,,,
Flatheads,,,
OrganicSmokes,,,
TeaFit,,,
Haqdarshak,,,
Bhaskar'sPuranpoliGhar,,,
GunjanAppsStudios,,,
TheSimplySalad,,,
AyuSynk,,,
AtypicalAdvantage,,,
HouseOfChikankari,,,
MagicOfMemories,,,
Paradyes,,,
Nestroots,,,
Zillionaire,,,
Credmate,,,
Freebowler,,,
ABCSports&Fitness,,,
Primebook,,,
DailyDump,,,
GharSoaps,,,
Janitri,,,
JaipurWatchCompany,,,
InsideFPV,,,
Angrakhaa,,,
Diabexy,,,
Kyari,,,
MoppFoods,,,
Econiture,,,
Dobiee,,,
FastBeetle,,,
Pflow,,,
VSMani,,,
Sepal,,,
Solinas,,,
AvimeeHerbal,,,
eyenic,,,
ekatra,,,
Raasa,,,
NeoMotion,,,
licksters,1.9534883720930232,,
Sayonara,,,
PMV,,,
SpiceStory,1.6682926829268292,,
Bullspree,,,
Snitch,,,
Portl,,,
FatToSlim,,,
CheeseCake&Co.,,,
Dabble,3.163636363636364,,
CloudTailor,,,
BeUnic,1.44,,
Broomees,,,
Ravel,,,
HoneyVeda,,,
PadCare,,,
SwadeshiBlessings,2.8,,
OLL,,,
Febris,1.309090909090909,,
Geeani,,,
Amore,,,
LeafyAffair,2.290909090909091,,
ScrapUncle,,,
SharmaJiKiAata,,,
Manetain,1.44,,
GavinParis,,,
UnStop,,,
BlueTea,,,
TheGreenSnack,,,
HobbyIndia,,,
Flhexible,2.625,,
UpThrust,1.32,,
Zoff,,,
DesiToys,2.0869565217391304,,
CloudWorx,,,
Mahantam,,,
MindPeers,,,
Barosi,,,
Daryaganj,,,
DhruvVidyut,,,
CELLBELL,,,
Tipayi,0.2857142857142857,,
DigiQure,,,
Nirmalaya,,,
Pabiben,,,
Homestrap,,,
uBreathe,,,
Deyor,,,
iMumz,,,
TheHealthyBinge,,,
Freakins,,,
Perfora,,,
MidNightAngelsByPC,,,
CureSee,,,
MeduLance,,,
Cakelicious,,,
Bowled.io,,,
Toyshine,1.2,,
neuphony,,,
Amrutam,,,
HoloKitab,,,
Zoe,,,
Hornback,,,
Malaki,1.8666666666666667,,
nanoclean,0.5454545454545454,,
DesmondJi,1.25,,
Cremeitalia,,,
nawgati,,,
Swytchd,,,
GladFul,,,
Pharmallama,,,
CraveRajaFoods,0.9375,,
VAPerfume,,,
Hood,,,
TwistingScoops,,,
GROWiT,,,
Makino,,,
Trunome,,,
Wol3D,,,
What'sUpWellness,,,
ProostBeer,,,
DrCubes,,,
MetroRide,5.555555555555555,,
Conker,2.2,,
WTF,,,
funngro,,,
Aadvik,0.8333333333333334,,
oyehappy,0.9552238805970148,,
HealthyMaster,,,
Kitsons,,,
LondonBubble,,,
WaggyZone,,,
NutriCook,,,
Subhag,,,
SinghStyled,,,
ZSportsTech,,,
ThePlatedProject,,,
VsnapU,,,
TheHealthyFactory,,,
Brevistay,,,
SoulUp,,,
TheBigBookBoxChapterOneBooks,,,
Rubans,,,
SameNotification,,,
BottomLineSprays,,,
LilGoodness,,,
ForeverModest,,,
Sahayatha,,,
WickedGud,,,
maisha,,,
NishHair,1.4328358208955223,,
MYBYK,,,
GODESi,,,
TAC,,,
Naara-Aaba,,,
StyloBug,0.3942857142857143,,
ZenOnco,,,
HonestHome,1.217142857142857,,
AdilQadri,3.4782608695652173,,
ConsciousChemist,2.2666666666666666,,
TheCinnamonKitchen,,,
WtfGyms,,,
Intervue,,,
RodBez,,,
Blix,1.08,,
Homversity,,,
TURMS,14.742857142857142,,
mintree,,,
80Wash,,,
DilFoods,,,
AIKavach/Panoplia,,,
Bartisans,2.937062937062937,,
Aretto,1.0285714285714285,,
Kalakaram,1.2,,
NabhiSutra,1.3333333333333333,,
Zorko,0.96,,
Tramboo,0.36,,
WeHear,3.9574468085106393,,
Tiggle,0.96,,
WYLDCard,,,
upliance.ai,,,
PizzaGalleria,,,
AiCars,,,
RooftopApp,,,
GoenchiFeni,,,
Arata,14.117647058823527,,
Vecros,,,
GudGum,,,
EvaScalp,2.0338983050847457,,
Elitty,1.168141592920354,,
HoneyTwigs,1.05,,
Koparo,2.1333333333333333,,
2Ballz,,,
JewelBox,,,
DaakRoom,,,
Nuvedo,,,
WALK,,,
RajaRaniCoaching,,,
DecodeAge,,,
ALittleExtra,,,
Assembly,,,
NasherMiles,,,
AltCo,1.32,,
Without,,,
Kibo,,,
VOLD,,,
Quirksmith,1.5,,
UrbanSpace,4.682926829268292,,
HyperLab,,,
EcoBiotraps,1.1428571428571428,,
Hoora,,,
YesMadam,,,
Zerodor,,,
ToffeeCoffeeRoasters,1.7217391304347829,,
PushSports,0.6666666666666666,,
ORBO,,,
CannazoIndia,4.32,,
Chefling,1.2,,
IntenseFocus,1.4545454545454546,,
MilletAmma,1.8,,
D'chica,1.3980582524271843,,
Refit,2.2459893048128343,,
HouseOfBeautyIndia,,,
Artinci,0.9,,
TheRageRoom,,,
Aastey,,,
Matri,,,
Rubbabu,1.56,,
GulaboJaipur,1.92,3.333333333333333,
AristaVault,2.1666666666666665,,
ToHands,,,
PlusGold,,,
Aroleap,,,
Cosmix,,1.4666666666666666,
Fabriclore,,,
PolishMePretty,,,
GridMats,,,
UnclePetersPanCakes,1.8,1.4285714285714286,
CreativeHatti,1.65,,
CandidMen,,15.714285714285714,
Flyrobe,2.606896551724138,,
WiseLife,3.0,1.25,
Cervicheck,,,
Eatverse,19.289719626168225,5.607476635514018,
AvataarSkincare,,,
ChalteFirteMangalkaryalay,,,
KryzenBiotech,,,
FOMO,,,
ModelVerse,,,
VikrantBikes,,,
TheShellHair,0.973,,
Rize,,,
MEPACK,,,
BaccaBucci,,0.1489361702127659,
Vobble,,,
BeUNatural,0.84,,
Erotissch,,2.631578947368421,
Niblerzz,4.125,-125.0,
Sorich,0.9348441926345608,,
LittleBox,0.6666666666666666,0.4166666666666667,
CremeCastle,,2.638888888888889,
Namakwali,0.9473684210526316,,
KariboCosmetics,,,
Deeva,0.9942857142857144,5.0,
DesignTemplate,1.2,,
Sama,1.875,,
GoldenFeathers,,,
Myracle.io,,,
Cup-ji,0.6774193548387096,,
AToddlerThing,1.8326359832635983,0.8368200836820083,
FlexifyMe,,,
Dharaksha,,,
iDreamCareer,,,
RockPaperRum,,,
Fit&Flex,,1.0869565217391304,
Sukham,5.361702127659575,,
Smotect,4.270462633451957,6.405693950177936,
Katidhan,,,
NEMAAI,,,
MaplePods,,,
SpecOps,1.34185303514377,,
KaabilKids,,,
OddGiraffe,0.7902439024390244,,
Nemocare,,,
WhySoBlue,,,
CoratiaTechnologies,,,
Coolant,,,
Xmachines,,,
Luvottica,,,
FarmDidi,2.0,,
Popcorn,,-5.555555555555555,
Prorata,,,
Indigifts,1.2324324324324325,1.0135135135135136,
AlienVersions,,,
Rocca,0.456,,
KikoLive,1.44,,
Melooha,,,
FUTRStudios,,,
Allter,,-0.6,
FirstBudOrganics,1.76,10.0,
Shararat,0.9818181818181818,,
Competishun,,,
BombayClosetCleanse,1.263157894736842,,
KioskKaffee,,,
NeonAttack,0.756,,
PTal,,1.507537688442211,
RoadPilot,,,
SmartMop,,,
Lea,2.4,6.666666666666667,
$KrishnaRama,,,
Rentit4me,1.943661971830986,,
CoolTheGlobe,,,
Canvaloop,4.5,8.4375,
DigitalPaani,,,
FAEBeauty,,1.2,
CONFECT,,,
Indulge,,,
BLFabric,5.485714285714286,,
CultureCircle,,,
NexeraHealth,,,
NOOE,,,
GoZero,,,
CurveElectric,,,
Gudworld,1.38,2.3666666666666667,
airth,0.8,,
OneDios,,,
InnerGize,,,
PersonalTouchSkincare,,1.1666666666666667,
KIWIKisanWindow,,1.0474308300395256,
TripoleGear,1.352112676056338,0.4225352112676055,
Neosapien,,,
MissCheesecake,,,
SpeedKitchen,,0.8181818181818182,
MudgarClub,,,
ImagiMake,,,
BeastLife,,,
GoDevil,2.2254545454545456,,
Havintha,1.488,,
NurturingGreen,1.7142857142857142,0.1785714285714285,
kyari,3.0114503816793894,,
ProjectClay,,,
DeniBikes,,,
PrettyLittleShop,,,
Aquapeya,,1.3333333333333337,
Jarsh,,,
DACBY,,,
Shyle,0.96,,
SavaniHeritage,,,
SNEAKINN,,2.5423728813559325,
fupro,,7.6,
Kanvas,,,
ezo,,,
Seven,,,
TheFutureAnimations,0.6,,
Aignosis,,,
Rosha,,,
MakeMyPayment,,,
PatchUp,,,
tikitoro,,,
Ashva,,,
AseemShakti,,,
RBDMachineTools,2.22964509394572,,
MidasPaint,,,
GoodlandPickleball,,18.51851851851852,
TheNaturikCo,,,
Metashot,,,
GabruDiChaap,1.5284552845528456,2.710027100271003,
YaanMan,,,
SonicLamb,3.36,,
Woolah,1.14,1.0,
EM5,2.44311377245509,,
WomanLikeU,1.8382978723404253,2.127659574468085,
BookLeafPublishing,,5.3125,
Str8bat,1.8,,
Ruby'sOrganics,,,
TheGoodDoll,,,
Schickwheel,,,
ClapStoreToys,2.9291338582677167,7.086614173228346,
RahejaSolarFoodProcessing,,,
Wanderlooms,1.471264367816092,,
Ugees,1.9885714285714289,,
Alt.fCoworking,,0.3333333333333333,
BurgerBae,0.9355932203389832,1.2711864406779665,
BobaBhai,,,
Hexafun,2.1375,,
RepeatGud,,,
SkateSupplyIndia,,,
UtopianDrinks,0.0288164665523156,,
GOFIG,,,
Joyspoon,,,
bambinos,,,
FundooLabs,2.56,12.0,
Gaon,1.069090909090909,,
EriWeave,1.4666666666666668,111.11111111111111,
PaleooBakes,,,
NeuraSim,,,
Offmint,,,
Chokhat,,32.72727272727273,
ZenmaCoffee,,,
TheEleFant,,,
BetterNutrition,,,
PinqPolka,,,
Vibrasense,,,
NearBook,,,
Memotag,,,
Klimate,,,
HealthFab,,,
PieMatrix,,13.333333333333334,
Sudathi,,,
Moderate,,,
HireForCare,,,
DreamSmile,,,
Madmix,,,
Palmonas,,0.8888888888888888,
MKPowerAndMobility,,,
Nidhi'sGrandmaaSecret,,1.25,
Solnce,,0.4058367533059736,
BornGood,1.596958174904943,-7.41444866920152,
DorabiAndAmili,,3.768115942028986,
ZebraLearn,1.8392523364485984,,
ExclusiveLane,,0.2142857142857143,
Medial,,,
PanchalDairy,,,
MusicPandit,,,
Cograd,,,
EatBetterCo,,0.0,
Earthful,,-1.98581560283688,
Trajectory,1.935483870967742,3.387096774193549,
KaviThePoetry-ArtProject,1.2134831460674158,,
F2DF,,,
SugarStrings.ai,,,
MomsHome,1.728,0.24,
Catwalk,,,
Beautywise,,1.1940298507462688,
Ivory,,,
TheHousePartyBySavar,,8.152173913043478,
GlowGlossary,,,
SinghDentalCare,,50.0,
TribalVeda,,,
Anuvad,,,
Fitelo,0.989010989010989,,
Nanighar,,,
GoodMonk,2.1,,
Artbuzz,,-2.6455026455026456,
Tulua,1.862068965517241,1.0344827586206895,
Taffykids,1.5,1.0,
WhaleWearables,,,
Zingavita,2.6511627906976742,,
DhaagaLife,,16.666666666666664,
Tileskraft,,,
Krishnsakhi,1.5,30.0,
BoreCharger,,4.658385093167702,
SuperBolter,,,
HiveSchool,,,
Tintbox,,3.883495145631068,
EasyRugs,,,
StylesTry,9.03225806451613,2.6881720430107525,
Quitci,3.6,,
FitFeast,,-3.571428571428571,
TheBearHouse,,0.1865284974093264,
UrbanAnimal,,,
Nooky,,,
Subculture,,,
Woodsmen,,,
BhavisyaPlast,,,
Ecoil,,,
Rescript,,5.555555555555555,
TickleYourArt,,,
Symbionic,,,
XLCinema,,,
TheCroffleGuys,,,
LewisiaWellness,,,
GuuglyWuugly,,,
EMoMee,,,
CaptureATrip,,,
Loopie,,,
SaveSage,,,
KalamLabs,,,
Panteazy,,,
GoatLife,,,
Planyt,,,
Avishkaar,,,
Emori,,0.967741935483871,
TrueDiamond,,,
Smylo,,,
Nootie,,0.7027027027027027,
Pistabarfi,,,
CorelLifecare,,,
vryse,,,
MyPB,,,
xSTEP,,,
TruthAndHair,,,
MetaFashion,,,
Japam,,,
ZenBarefoot,,,
RIDEV,,,
Stroom,,,
TBFO,,,
Neurapexai,,,
Wrestlefanent,,,
Ayuvyaandimfresh,,,
EveryMorningCartel,,,
Cinefaistudios,,,
Sampark,,3.7037037037037033,
Sovrenn,,,
Multibagg.ai,,,
UprearBuild,,,
PaperPro,,,
Cosmohealth,,,
Gullylabs,,,
Twin,,,
RCXlight,,,
Awsum,,,
Phitku,,,
9DXRlabs,,,
Pureflow,,,
Getsnappy,,,
Awayddings,,,
Urbanwipe,,,
Antinorm,,,
Sepoy&co,,,
Bonkerscorner,,0.16,
Bubbleme,,,
Outlive,,,
Metadrive,,,
Sparshbrush,,4.545454545454546,
SheshaAyurveda,,,
Cookiecartel,,-13.333333333333334,
AviaLitewings,,,
Aabo,,,
Krvvy,,,
Invogue,,3.207547169811321,
Taashacraft,,4.888888888888889,
MishmashNaturals,,,
IndianSchoolOfCalisthenics,,,
Wholeleaf,,,
Mankomb,,,
MadrasiKaapihouse,0.8395061728395061,-0.823045267489712,
Soundverse,,,
Kilrr,,,
Offline,,,
PandasBox,,,
TheBindiProject,,,
VoxturnAI,,,
MyWonder,,,
Cotopay,,,
LocalAllNaturalSoda,,,
TheBingeTown,,0.7042253521126761,
PropFTX,,,
EightTimesEight,,,
Warriorworld,0.72,0.5,
Currently,,,
Anjanibooks,,,
Booon,,,
MeMeraki,,,
3Sisters,,,
Artociti,,2.616279069767442,
Kreo,,,
Rosada,,,
BabyworksBySwapnil,,34.31372549019608,
Gramiyaa,,-1.1920529801324504,
MamaNourish,,,
Kelvin6k,,,
ANAApparels,,10.0,
EzPac,,,
Gappu,,21.15384615384616,
MisterVeg,,1.3207547169811322,
Saras,,,
Speechgears,1.6833667334669338,4.208416833667335,
Heizen,9.92,,
Pukaar.ai,,,
upsnac,,,
KotsonMattress,,,
Kalakrit,,,
SVSFood,,,
BeClinical,,,
Misfits,,,
KrimmyThickshakes,,23.61111111111111,
CurryIt,,,
dubpro.ai,,,
Boingg,,,
Pragyan,,,
Sanchvi,,11.016949152542372,
Trring,,,
Edinora,,,
RehabVeda,,,
Freshpod,,,
Modge,3.12,,
OrbitWallet,,,
Hobfit,,,
Shichisoru,,,
Rimigo,,,
Everaw,,,
Coro,,,
Luzo,,,
F2Fintech,,,
Wellwith,,,
IndianHairWorld,,,
awenest,2.113636363636364,,
HOOKd,,,
Littlecherrymom,,7.5396825396825395,
Stubb,,,
SoilSens,,,
Flashoot,,,
NapTapGo,,,
BlrPods,,,
Nytarra,3.3157894736842106,-3.684210526315789,
BYLX,,,
Greenpista,,,
CTRUH,,,
SteamPRO,,,
Uptown,,,
KorinMi,,,
Dent@home,,6.593406593406594,
Marbleous,,25.352112676056336,
Fitkin,,5.128205128205128,
KindFertility,,,
Namovardan,,,
Circato,,,
GreenAvartan,,,
DhartiAmrit,,5.454545454545454,
TwoWordsAway,,,
Floreal,,,
MyPerro,,,
PeerX,,,
